review_id,sentence_idx,sentence,Narrative Structure & Quality,Character & Emotion,Originality,Immersion,Thematic Depth,Writing Style
6c98fe733ae0c27671ebbbe68b77fd8f,6,"The initial deepening of the mechanics of the magic was gripping, but the cliched 'blood magic, it's forbidden!'",0,0,0,0,0,0
cd8abbbf2727515f904a6b189cb0eb84,24,"I think that's more troubling when it comes to the relationships, but if you pay attention you see that almost everything in this novel is very thoroughly described.",0,0,0,0,0,0
b0d8887563f48d59440cd78144ef23c0,59,"The one note simple tone of everything leads me to suspect a very young writer or a very unlived life, which would be better since that would indicate he can get better.",0,0,0,0,0,0
93060ddc1ef84b111915ed91cfc443de,35,Saving grace was that he was the only character I could get behind at all.,0,0,0,0,0,0
4fac8a39591a791eb0a78c4c08176d2b,4,I've never been so disappointed by this author.,0,0,0,0,0,0
74ace372502bb30d1950db50f2d83db9,0,"Such a shame that this book turned out to be another YA novel with a non depth plot line and the same boy meets girl, girl falls in love with bad boy... twist.",0,0,0,0,0,0
e6bdf9ee8fd5966f28b6e14b6d46a90d,15,She didn't even write the play.,0,0,0,0,0,0
0e884a4530dc52966c1ba210223ec0e6,4,"So, first things first, I did not like this novel.",0,0,0,0,0,0
948bf3cc5dd00d869c0de5b957c7de2e,3,Lo unico bueno que tengo que decir de este libro es que la dinamica de los pov me ha gustado mas que en los libros anteriores.,0,0,0,0,0,0
3d0853452ad57d5843ee67d1aa14bc2d,10,"This book has almost no trace of the first book, which I liked and thought was a strong start.",0,0,0,0,0,0
12916a6fef1fa5bf00c667ee2e9eb5f4,15,"I disliked it quite a lot, but then I decided to try to say something a little more substantive because I know it's so much easier to criticize something than it is to create something.",0,0,0,0,0,0
662444b2dbbf7801ecbb98a06f669de7,3,"Se avete seguito il #PABhp8RA o, semplicemente, avete letto alcuni dei miei sfoghi sulla mia pagina facebook, siete gia a conoscenza di come questo ottavo capitolo (ahime) della saga di Harry Potter sia, secondo la mia opinione, un completo fallimento.",0,0,0,0,0,0
5e019785277586503e0fb2c08f4bbb87,22,The real problem was Sanders presumptuous and egotistical meanderings that had no point.,0,0,0,0,0,0
4488fbb76b1c71de305183a540ae3000,10,"Instead of saying see ya, she stays and lets her hormones take over.",0,0,0,0,0,0
f3b19df7688176ac909188cd2d36444e,2,"there are a lot of plot points that frustrate the hell out of me: a minor character is constantly preoccupied with a connection and threat he feels from another character, and yet, when he meets his death, it does not come from that quarter, and makes you wonder what point was served by all those words.",0,0,0,0,0,0
c9b02ea046c5616e39c20331dead3229,6,I was also realizing from reading one of my friend's reviews that I didn't ever end up caring about Eragon.,0,0,0,0,0,0
41f7abe7c10045dbb74638a46181bc8b,11,What's with the sporadical rudeness?,0,0,0,0,0,0
6f10931ccc23e7180f67537e7eb0e285,2,"I got a little excited at the end of the last book in the series when the MC was stabbed, but low and behold she didn't die.",0,0,0,0,0,0
8cac1eec53f49a39608b620cedf55ebd,6,The days of faery warfare and vampire political intrigue are over.,0,0,0,0,0,0
20f2ad35efa3c5fb7a64eac7aab64484,17,It felt like Dennard was trying to include a queer character but I was really uncomfortable with how Cam was written.,0,0,0,0,0,0
b33a71c92ff2d4c0eca7f99b6c346a34,41,"If the author treated him the same as everyone else, he should have been eaten.",0,0,0,0,0,0
ddcf0a5bfa46a66ec17e484805b32df9,0,This short story was too much money for what I got.,0,0,0,0,0,0
37bf363ee36e9445cd06e1d996a837a7,10,God forbid I read something that I had actually bought already.,0,0,0,0,0,0
30bd259dcb76c9425a008259a6e6ab9d,0,I really didn't get what the big deal was about this book.,0,0,0,0,0,0
611c24d44c53b3f4c997119ad7ff23b4,34,I just...everything in here is accidental and she just gripes about her life.,0,0,0,0,0,0
55bd0c30113c49b32300fb76f7795e28,9,"Jealousy, guilt, I shouldn't feel this way, I love my sister, jealousy, guilt, yadda, yadda.",0,0,0,0,0,0
4a61b6e1f3bdf9928b5668fabe513e31,0,"Nazis vs Werewolves sounded exciting, but this is basically a spy novel.",0,0,0,0,0,0
c9336b05560e9c8a7c2a698e04bf8c17,39,"An annoying, whiny, hoeish one.",0,0,0,0,0,0
a76240a74f6104522a65b91aca13e073,8,"You have Jenn's perspective, Becca's perspective, and Derrick's perspective.",0,0,0,0,0,0
03655f88e579a4c000f501721b192bda,4,Maybe it's just me not bonding at all with the author's writing style.,0,0,0,0,0,0
2032d7eadabb957ccd8cffaaffcc80ee,26,I don't understand her obsession and love for him because we don't get to know him other than what he does for a living and the fact that he likes to ride motor bikes.,0,0,0,0,0,0
9a852ebc4d3bc25e0d20f513a00a409a,46,"Of course I like Dee, who's beautiful and charming and funny and sweet and a good sister and friend.",0,0,0,0,0,0
331d9dd3f47363936bd67b7780172fca,1,"Pour une bonne critique en anglais lire le commentaire de METAPHOROSIS 
 For a good review in English, please read that of METAPHOROSIS",0,0,0,0,0,0
010bae637ff344b8bc5466e3bbfdff7a,36,I've read a few other reviews from people who have read his other works and they all seem to say the same thing: this is very different and not anywhere near as good.,0,0,0,0,0,0
2da81207cf416950d68df54efa771060,56,Please understand how this happened.,0,0,0,0,0,0
82aba4a5bae72772fc606ff64f80cf84,16,"Put some effort in, because having a novella like this published just means that other authors have to work twice as hard to convince people to check their stuff out.",0,0,0,0,0,0
25d65a911a5625218ce24103bd01db0d,28,"The other was a reference to Game of Thrones in which someone tells the main character that they would call her ""mother of dragons"".",0,0,0,0,0,0
32eb311d9694a68db0144cb921c38b6e,0,"I do understand the hype of this trashy literature, which, for me is what this boils down to.",0,0,0,0,0,0
a716363e62aa8dce656f6af8ec9ac741,13,"So I plowed on, thinking I might become more engaged.",0,0,0,0,0,0
121e0eef194b8a00542b79bb2b011e6e,7,But through a turn of events she realizes that the internship is with a company run by her town's ''villains''.,0,0,0,0,0,0
65a5342862e47ed68e7ec94f1e8c5e61,51,One focuses on Mon Mothma.,0,0,0,0,0,0
62f78e7475b66dbbc6cc6575347e8528,11,"She succeeds, but the two of them still get caught by the Volturi and want Edward punished for what he did.",0,0,0,0,0,0
17d241861563d98cc0352139ea4d05db,0,I'm not sure I can finish this one.,0,0,0,0,0,0
068727768eae28a3b28699556ee27fa4,27,"""What good is it"" if it's not romantic?",0,0,0,0,0,0
ca3cea13de073ed9ba73e8218ece61d1,4,"While trying to rescue her, Verlaine discovers a bunch of stuff.",0,0,0,0,0,0
e9a77d660cfd7fd095ef995f388cfcaf,8,I think the teenage girls that Danny goes to school with are the absolute worst.,0,0,0,0,0,0
f3ab9a4753c53eaeb8cefd0822f7baa6,28,"Chapter page quotes 
 Oh my god this was such a pet peeve of mine.",0,0,0,0,0,0
951ef85e67e78311ab16925f2455e997,6,If he liked Aimee and was finally talking to her why was he not the one to break it off with the twin???,0,0,0,0,0,0
0e4ffe0979b0f075c8805e5bca0c3e04,4,At rock bottom it pulled out mining equipment and made a spirited effort to reach the centre of the earth.,0,0,0,0,0,0
d1ab4caba087d302907e6d5883bd4cad,25,The most noticeable thing in SJM's writing is best described in this post.,0,0,0,0,0,0
24837f29137b455de1ec5d8b7c32ef79,5,"Instead, I found that a lot of my friends had exaggerated bad parts of the book.",0,0,0,0,0,0
0926584dbb2ea517ccf9df7eaa90db3e,1,I love me a good fantasy novel.,0,0,0,0,0,0
626af2a774164824551c7aef48d438c7,4,"The story opens with Rory Deveaux; just ordinary, very boring character, starting a new chapter in her life.",0,0,0,0,0,0
4f4bf61ed200eee7520d1edcf36ca92b,2,"I don't think I've ever said this about a book before, but really, it was a good 100 pages too long.",0,0,0,0,0,0
900a72a2a16413d37bfd03ac0ed2b8d4,20,"The age difference between them, though never specified, definitely breaks the half-his-age-plus-seven rule, but no biggie!",0,0,0,0,0,0
dafdef5698fd0ba678d70f9f7e838d56,3,"I read it because I met the author, and he seemed extremely nice, and this guy is finishing my favorite fantasy series, The Wheel of Time.",0,0,0,0,0,0
8612ed42424ba472a027d64dc91cfe9f,3,"So yes, I read it.",0,0,0,0,0,0
c5f1d47082ca4952476f3e16018bb96a,6,"Unfortunately, with their powers taking a heavy toll on their bodies, time is running out.",0,0,0,0,0,0
08c1ed2d821b95c0a375ef6bbe0844aa,5,The ending was sad but I kind of expected it.,0,0,0,0,0,0
2b5181bec55d93a01a287a2c22b39b00,19,I had thought that finally in book 3 she'd get a reality check when love interest told her that her dream villa was out of his budget for them.,0,0,0,0,0,0
076e9032a043c4559cdbf51a616ef33a,7,"Instead of feeling like this could be a real, dystopian world, it seemed like a cartoon.",0,0,0,0,0,0
1df8f81654d40938e550d92b8c0e18c8,18,"Then there was the awkward moment that arrives when two thirds of the people in the room know that the other third is supposed to die in fewer than nine months, and the person who is meant to die is not one of the ones in the know 
 But then later I found the same joke pulled saying something equally uncommon, comically treated like it was a common experience: 
 There was that heavy silence that sometimes happens when a hit man enters a room.",0,0,0,0,0,0
2e849e17c699047ac723e7aa8a2fc35e,11,The fact that I kept having to reread some parts just because my thoughts kept going elsewhere is the biggest warning sign that the story just isn't catching the reader.,0,0,0,0,0,0
660a73061008f2459aed0fa8b1a655a4,6,This was enough to make this guy risk his LIFE and the LIFE OF HIS YOUNGER BROTHER to save this girl.,0,0,0,0,0,0
de30ca582de8b5fddef7475142be81b5,11,The child torture seemed sort of randomly tossed in to show us how evilly evil the villains were.,0,0,0,0,0,0
266be60688f8e8a6cfff855e2cef60a6,0,Every time I picked up this book I fell asleep.,0,0,0,0,0,0
a8ae70d9895ef58bee57cdd06b173201,4,"After that the plot was all over the place, with too many moving pieces to care about any of them too much.",0,0,0,0,0,0
a3e97ad96d1f8ea760ef68f1c93ab95e,0,"I'm not sure if the difference between books one and two is as big as it feels right now, or I just was feeling really generous when I read the first one.",0,0,0,0,0,0
cebd0ba4543b68be30ab2af531fe0832,41,"As previously mentioned, Jared's day job (and night job, and weekend job) is protecting Nina by being her around the clock secret bodyguard.",0,0,0,0,0,0
ce8206855e8e88a071becc770adbaa03,16,"Now the idea of the detective being called an Information Man, leads me to think he will have knowledge of what goes on in Hell, but can he change anything?",0,0,0,0,0,0
11a3d277ca3b8f6730131e129a645786,24,"Sorry guys, I can't even.",0,0,0,0,0,0
22406e22a0b5ecc9df38ddaca0098a3d,1,"The main villian of the series is dead, Clary isn't Jace's brother, Jocelyn and Luke are together.",0,0,0,0,0,0
8de9f6d0f063a358a2b356f11d7d49db,14,"Also there's this line that I'm like that's literally The Lion King... that's literally The Circle of Life... xD 
 ""The current flows through everything that has life, creating a space for it to thrive.",0,0,0,0,0,0
53ed25db97d95c3f78b8c789250f8d16,13,"In addition to falling victim to the bizarre language choices, he is just a bit of let down.",0,0,0,0,0,0
34cd4ff57106b56a6080e27758841cff,1,"I know allot of people love this book, so as always it comes down to personal taste.",0,0,0,0,0,0
4b5a0ac37017f3bc8d021bf2a9510839,5,"Its very clear that the stories were written separately then organised chronologically, with extra sections added to try to tie them together in a semi-logical manner.",0,0,0,0,0,0
dbb255ffd2538a952ac0728d2692ef65,6,"To clarify for the confused, detail brain-rape is when an author prances along in their writing with the idea that every conceivable, slightly visible or invisible element of the character, scene, prop, or setting needs to be painstakingly enumerated in great detail to the point where the reader's brain 'asplodes.",0,0,0,0,0,0
151c5c87e7fdad70f028c468dc0628cb,31,Vampires finding the smell of werewolves repulsive.,0,0,0,0,0,0
2786272a626f31a8576887dd4d34197e,0,I couldn't take all the arguing and bickering.,0,0,0,0,0,0
99c3bbcb8628be922fe7cb1862555501,62,"But don't tell her that, because within ten minutes after the rape, she refers to it as sex and doesn't have a problem with it.",0,0,0,0,0,0
59e40b05971511ae1fb0a47220f4125c,15,"Girl is then blamed for the following events, and must through pluck and determination overcome them to become the most notorious in her trade.",0,0,0,0,0,0
a6df0435dced50edb8ab2ae3958aa2ce,2,It's a clever book and it's interesting...but there was just too much weird stuff.,0,0,0,0,0,0
82de7a4d245360cdfbc2f6364ce08ea5,15,"Blood Right's world and focus felt more mature than the last few vampire books I've read; the stakes were higher, the characters more experienced, and the world a bit grittier.",0,0,0,0,0,0
db9e21f7c4c12acda7ef48f851b8f594,19,"WoT isn't all that subtle a lot of the time, but shoving it down your throat is annoying.",0,0,0,0,0,0
baac2ea4109e9d874a089bbfe8aa3673,18,"Any one of those sentences could have accurately summed up a concept we probably didn't need explained to us anyway, yet Banks goes on and on for two whole paragraphs, reiterating, repeating, reinciting, the same idea.",0,0,0,0,0,0
a04af6f046e2960118f2a8c01e2130f1,8,"a(tm)|For the importance Madame Morrible had, it didn't feel like she was prominent in the section.",0,0,0,0,0,0
026160149b4815196510a37ea803e56f,17,"The grammar construction of the novel is in simple english, lots of active voice.",0,0,0,0,0,0
1d0c1718a0a7cd676e83a96408a9462d,0,"It was a pretty good story, but could MacGregor cut down on the SMUT!!",0,0,0,0,0,0
62bb20de612cb65e95c9a3cb14ecc8c2,5,"Looks like that was: they didn't, and no.",0,0,0,0,0,0
1d7d5dc9a7100fc81cdfa3ab4ee1726e,2,It truly felt like he used this book as an excuse to talk about the scenery from his trip to Italy.,0,0,0,0,0,0
de7097316d8a380dc088f68ed17e5c0a,55,"He's the Damen Salvatore of this story, the guy who embraces the more monstrous aspects of his powers, except...the book never even establishes that he shouldn't embrace the ability to fly, so that falls flat.",0,0,0,0,0,0
e8a0558d3ef877969f0baef5742d8afa,7,Hopefully you will enjoy it more than I did!,0,0,0,0,0,0
da33b9544b739d944e89126354b73287,10,"Fakat hangi duygularla yaklasirsaniz yaklasin, bu kitap, okuyucuyu yoran yavasligi ve kendini tekrar eden diyaloglariyla oylesine sisirilmis ki bir sure sonra ""Hadi artik ne olacaksa olsun!""",0,0,0,0,0,0
7ab92d452f923272347ddd1cfacf53bb,17,She's snarky but not in the funny way.,0,0,0,0,0,0
ef1234701003ddecf890234506b46a64,17,Setting the stage is important.,0,0,0,0,0,0
1114e2abb4336c1f46564a404f5fc1b2,1,"I feel bad bailing on books, but I value my sanity more.",0,0,0,0,0,0
dafcbc92734d2c66b5ec224168b9423c,10,Eddie is immortal because he is.,0,0,0,0,0,0
64a2ff9e4b0ab65a6d3b3f113f029800,1,"Caitlin Kiernan throws together a group of misfit outsider characters who do nothing but drink coffee, smoke cigarettes, and toss off the names of the cool bands to whom they listen.",0,0,0,0,0,0
652a287c28357e5def08185a3baa659c,3,"I guess I overdid it because for the past several books, I just can't do it!",0,0,0,0,0,0
4a152fd9815a59c44c7d6c270bda3f3f,50,And that's how she saves the day.,0,0,0,0,0,0
d858b9c59b6324ba90b1c4b98ba8b739,9,"Then, for some reason, we have this concept of ""she has to be fucked regularly to siphon off her extra power.""",0,0,0,0,0,0
a6c3ec11e2bd4c39ffb49f4f1a755538,5,"Jim Dale narrates The Night Circus, and he also narrated the Harry Potter series, so that was a definitely win for me.",0,0,0,0,0,0
53517c6555d281c518043702ef150dbd,5,"To a certain extent the ""decay over time sentiment"" is true for all those series', but I would still say I had an enjoyable reading experience.",0,0,0,0,0,0
1e4554ee9db4c920f1ed5c221a502fd4,9,"Regardless, Fianne practically raises herself after her mother dies.",0,0,0,0,0,0
0be5c7150c568ce7d368a4f0bedef342,21,"I think the idea of the story had a great potential to be something great, but the author didn't know what to do with it.",0,0,0,0,0,0
8db42bf64409542abb5e26866c96ecc9,16,(Side note: The book's told from Nora's perspective.,0,0,0,0,0,0
a76d6a896a7afec31a015c94cc099744,4,The biggest reason for why I decided to not finish this book was because the eARC file that I was given was completely messed up.,0,0,0,0,0,0
7fa3ad6305e051e490adc087d77648c3,8,"And if Nash had knew Kaylee was a banshee from the start, why hadn't he just told her?",0,0,0,0,0,0
f456b30788dbc55b665a82f947b82ad4,36,Dragons deserve to be in every kind of book.,0,0,0,0,0,0
e870b7f3b482347c28a047f35a442738,12,"I did not feel a thrill at, well, really anything.",0,0,0,0,0,0
3880146d8353851e812275f196ea6870,17,I didn't find the mystery all that mysterious and the opposites attract romance was pretty weak.,0,0,0,0,0,0
4a9d7d675a0845122f0f4e8c998409c5,23,"like, it seems like they spend 100% of their time spanking teenagers and having sex?",0,0,0,0,0,0
5891e573d22cfbfd298aa20e6fe15ce1,1,I just couldn't connect with the characters and was a little bored with the story and the flipping between the time periods.,0,0,0,0,0,0
ec38ec6b89bc64f639e8dac2d204ab78,11,"Oh, and she never told him that she was raped.",0,0,0,0,0,0
e45edd2a829c741c6df3530ac7480d0d,11,"Now, she is one of the most dull and annoying characters I've read about.",0,0,0,0,0,0
3d5540047ac589e567619196bde482a6,5,There are passages of dialogue so loaded down with 1920's slang I needed to step away from the book & come back a few days later.,0,0,0,0,0,0
78146a33808a3a35fb6f5007c9749364,19,"Most books only take me like two days to finish, and this one took me forever; I had zero interest and had to force myself to pick it up.",0,0,0,0,0,0
eda57ef1bafa086cd92775e768e86a1c,7,"I didn't care about the main character, I didn't care about the overarching plot line that was only hinted at here and there and I didn't feel any sense of danger even though the whole book is pretty much one long chase scene.",0,0,0,0,0,0
b0376aa60e88950cdff33f3e3239d545,1,"After reading the plot summaries of the rest of the series, this would still be the best one in terms of plotting and character direction, but wow, seriously, it escalated to a very weird place very quickly!",0,0,0,0,0,0
bcddc4c2d58a300262b8a7aa642122a1,9,Not like I was hooking up with any of them.,0,0,0,0,0,0
2a613304c85156d14081400ef59b4c7a,15,"It includes LGBTQ-characters, a lot of non-white actors and although the storyline is different, it isn't worse, JUST different.",0,0,0,0,0,0
9031c731edbb019266f16e1df31aa92e,4,"There were some interesting themes around homophombia and the 'gay for you' concept but they weren't fully explored, likewise, the ""action/murder attempts"" felt like they were thrown in to make sure the whole book wasn't one long sex scene.",0,0,0,0,0,0
0f0d4615b1912130a15225d2a3ff1efd,0,It could have been better or even a short story.,0,0,0,0,0,0
c7f7dd2f22ee27648b53e7b7a64f3561,18,"One day, I will learn my lesson.",0,0,0,0,0,0
550a67aa87432a39490ee8f47bf3fdff,7,"I actually first put the book down at page 25, but then I got bored enough to give it a second chance.",0,0,0,0,0,0
8c249b427b34a8d8af04d9703c107663,23,"Anne McCaffrey, you've spoilt me for life.",0,0,0,0,0,0
3f4c9a39de4f93699d6a047f7a488901,5,"The covers are great and...well, just not my cup of tea.",0,0,0,0,0,0
d5068afb3b2619e873722bb22d8de93b,6,"Book Blurb Rating 
 The blurb is definitely short but promises much that just wasn't delivered.",0,0,0,0,0,0
d31757e912e552064fbc6ab70e4cc794,12,Her friends are all just the same personality pulled into four bodies.,0,0,0,0,0,0
8fb7a58c97b2e400b9314dce04602f64,1,"i didn't like the world-building: long, hard to follow, mostly introduced in excessive info-dumps with a lot of names i couldn't tell from one another; the culture was .",0,0,0,0,0,0
e3e0a84f15a90da09f0f5f4c81b13518,3,The parents in this book were so unbelievable.,0,0,0,0,0,0
019e5c586221d3bca31de7aa60bfb731,7,This was simply not my cup of tea.,0,0,0,0,0,0
c85daa2fbc8820fa0a8cae102e59018a,42,"The beginning chapters...Sam, who in her very short time with us managed to be more in-depth, complicated, yet endlessly intriguing than the heroine we're supposed to root for, an interesting, unique, dark, disturbing plot...that all went to hell the more that the author put words on paper.",0,0,0,0,0,0
e8c7bab0f37b52f926c832883e76f932,12,There are WAY too many good books to read to wade through this one.,0,0,0,0,0,0
e73ccf1281b35b7074e5d58e5fbb2f45,5,"Hell, this book was so messed up, I actually wanted to write a well-worded letter (it would probably be more concise and written with more sensory depth than this book) and tell her she should just stick to creepy books about devils who like to drink menstrual blood.",0,0,0,0,0,0
e7fe76dad643ff9d832bf174fa704ddf,8,"There were many things that I didn't feel like I understood, because author hadn't explained them (perhaps she didn't set boundaries for herself as far as magic can go) or perhaps that those things that I didn't understand would be understandable to all the people who have read/seen Aladdin, but to me, it was full of confusion.",0,0,0,0,0,0
1137631f85e1750d94f42d68b91b3ca1,3,"It tried to seem dramatic, yet seemed mellow and fake.",0,0,0,0,0,0
c0925d6a4a143d53c6d3d32bbcef99e7,0,"**Originally posted on my blog Red Fox Tales"" 
 I really did not enjoy this book, which is sad because I've heard nothing but great things about this author.",0,0,0,0,0,0
c5fe66b96fd6db6e13ed2ec772af2337,0,Blah Blah Blah all this crap I don't care about!,0,0,0,0,0,0
8f1b68c799b64eb87084b676cd8c7a00,11,"If you write a story about fantasy/paranormal/supernatural creatures and settings, then I expect a story that will feed my imagination.",0,0,0,0,0,0
504292358cf191b19594f15c8dc8a60c,24,I received a copy of this for free via Goodreads First Reads.,0,0,0,0,0,0
79ae2871961e516d64eab34eb8e26ca0,4,"The fact that it is the concluding book in a trilogy makes me wonder what the other installments are like, but certainly not enough to pick one up.",0,0,0,0,0,0
4c4a47e71f1611aa03d96518033fa38b,5,I skip over that stuff.,0,0,0,0,0,0
fac2c3ddad772b0ef5c8d8db8f16ca70,0,Before I begin I must say I love the first three Maximum Ride books and James Patterson's writing style.,0,0,0,0,0,0
6501027dcc1b139ac57c17a266696328,7,"As for the bad, the majority of it was information or situations that was given for no reason or occurred in a way that seemed as if it was just put there so the story could move forward without much work from the author.",0,0,0,0,0,0
f0139f0d38fb8ecd5aa91298ed57def6,26,"But Dorian 
 He had come here with the intention of embarrassing a snide assassin, and had instead found a young woman pouring her secrets into a pianoforte.",0,0,0,0,0,0
b0f21300a5ff54e3996ba6b967013325,1,I am sad to say that it did not live up to the expectations that were given to me by those who lent me the book.,0,0,0,0,0,0
b25c470803bf2c6063a5be021e8c9c3d,69,"I wasn't going to write anything at first, but with so much hype surrounding The Raven King, I thought I'd join in on the fun.",0,0,0,0,0,0
1f304575ff80bf8dfe262d93d46da245,21,Perfect is there to react to nothing.,0,0,0,0,0,0
72a4711135b21d320fed01229f18d4ad,49,But those are all very minor and can't save this wreck of a book in the slightest.,0,0,0,0,0,0
3176dfca0b9e41afd65484756c3def68,0,"I tried readint this before, and I realize why I never finished.",0,0,0,0,0,0
dd18fa2f8f4e10c989a4bbe52ff8a4fb,17,And NONE OF IT RESOLVED INTO SOMETHING INTERESTING.,0,0,0,0,0,0
2ee19c6c53465f897cf58a4b2ca8b4e4,10,there's two more books but at least have a better ending to tie it up in a pretty knot?,0,0,0,0,0,0
b0ccbefe2e281481e26826e1954a3458,4,I can only guess what the Coca-Cola Company thinks of their portrayal in this book - basically being that Coca-Cola caused the end to the world as we know it.,0,0,0,0,0,0
976bc13dda9390b23adb82b6e0d8155a,20,"Then there's the fact Rileigh is completely reckless and when trouble doesn't find her, she finds it herself.",0,0,0,0,0,0
f64a77324525171f660e20a0d7a9fb4b,20,I did however read the first sixty percent.,0,0,0,0,0,0
75eedfdd1c4d99a1f362152905cac9dc,24,Found her to be a lot of silly and she didn't seem real.,0,0,0,0,0,0
684324c53aa2fba6adf1f05f3ead33f9,3,"The characters are flat and sometimes annoying, the story is rushed and needs a lot of work.",0,0,0,0,0,0
7f4b971b830950b4608b3c506877c12f,12,"Whatever the case, just steer clear of this one unless you want to be utterly confused and/or pissed off.",0,0,0,0,0,0
b23b2c4a392873047415402db9256d1b,6,"Surprisingly for a romance, the action scenes are extensive and fast-paced.",0,0,0,0,0,0
8cbb3eeb329d716ad8a2f4baff5e70fe,36,"Again, after basically mentally raping her friend and physically threatening her while in an altered state because so romantic.",0,0,0,0,0,0
97f866fe5702ca4bcc89452c61451e02,4,"Absoliutno khabalistaia devka, kotoraia govorit, kak, prostite, podzabornaia shalava (kem, po suti, ona i iavliaetsia) ne ta geroinia, ot litsa kotoroi normal'nym liudiam khochetsia chitat' knigi.",0,0,0,0,0,0
cce49b25fb409c0ee2f798c3c60c4994,16,"After that though, the story consisted of making out with boys and Willow's photographic memory.",0,0,0,0,0,0
b406dda0e0e42a6fc1e71f9a056d86c5,3,I always worry when authors cross genres.,0,0,0,0,0,0
dd718e1f7ab7db1229b03473208b9a04,4,"Now they're in the Underworld and they bring in new characters, most of whom I liked.",0,0,0,0,0,0
09881710d394234d8773342c55b8a8f1,23,"Aside from the author's haphazard and willy-nilly approach to grammar, she had grievous issues with consistency.",0,0,0,0,0,0
7dca79cc117ee050356d7205efbed407,4,I caved and gave up.,0,0,0,0,0,0
24362f73d57a351da1a0dd4be3bd4372,30,"Anche i toni fortemente religiosi del libro mi hanno un po' irritatato, perche sono veramente pesanti e hanno fatto si che rallentassi la lettura.",0,0,0,0,0,0
86c3a92538d73358d1de0aa0bf2bfd1f,23,So what is the deal-breaker?,0,0,0,0,0,0
345c71ab8bf7821feb64f6a54051980d,11,Over and over and over.,0,0,0,0,0,0
98445711ac4bba57b265a53220205e11,2,And I'm a 'book a day' reader!,0,0,0,0,0,0
d05ca23a039a72a260d044ec983200c0,35,"Oh, and just to make matters worse, can I just say how much Carlisle pisses me off?",0,0,0,0,0,0
c85daa2fbc8820fa0a8cae102e59018a,15,"Again, The Darkest Minds starts off great.",0,0,0,0,0,0
5303050f7ca31f0899a4710afe3c9d77,21,I was feeling gloomy on a rainy day (actually it was the day Chennai was drowning in floods) and was looking for a good book to read.,0,0,0,0,0,0
625c39e2f7d52132a51ee1514aec3c12,41,"(Stephenie Meyer...I'm not even going to say it) 
 ""'I'm absolutely ordinary -- well, except for bad things like all the near-death experiences and being so clumsy that I'm almost disabled.'""",0,0,0,0,0,0
e68b5d03be010963c081bf482ed4bce3,109,"""I thought you could prove your worth to the Searchers without actually running into trouble.""",0,0,0,0,0,0
b4fd935c55ca9ab189e421df8edf7beb,1,The first few chapters went unbelievably slow.,0,0,0,0,0,0
7626a0d1d04270d1083bc7ec409a543e,0,"This review first appeared on I Heart Romance & YA 
 I honestly was expecting A LOT with Fire.",0,0,0,0,0,0
664164749b41732b6024599107775930,14,And how do your clothes shift in and out of existence with you when your abilities are supposedly genetic and not magic?,0,0,0,0,0,0
9d8c6b90dc89ff93a0e6cbd6b9505778,4,"I might be confused and- Wait, wait, can we do this again?",0,0,0,0,0,0
310467b596c602d59fa566c02904df26,13,All these men seem capable of doing is bossing around naked women who have no choice but to do as they are told.,0,0,0,0,0,0
e4e134bf508ee4e91581afc97de23562,7,"And if I don't care about the characters, a book gets increasingly difficult to read.",0,0,0,0,0,0
e14cd6983dada1d2581aed995204ffff,0,I will skip a summary of the book as there many who provided good ones already.,0,0,0,0,0,0
625722ace0877dd1cade008778caedab,1,"For weeks, I dreaded picking this up.",0,0,0,0,0,0
df55a1b5e74656000831372103731ade,1,This book was about nothing.,0,0,0,0,0,0
15bd7fd14ef023f27aabd603fa9ebbf1,2,It was all over the place...there was never any real character development.,0,0,0,0,0,0
38da4186bbf8731c608afde569e65bdc,12,It would be nice if there was a little show instead of tell in this book.,0,0,0,0,0,0
b5a13a4b6560229854b0be70892e4d8b,35,The Nine let Christian know that Dageus isn't dead.,0,0,0,0,0,0
d539e1579d076a2e840df71d44517f49,38,"The dangers of the mist compel a far less forced reason for traveling together but, time and time again, our author fancies awkward progressions over ones presented naturally by context.",0,0,0,0,0,0
09fbaf7c3be3b3e42429a7e87e29b9f7,3,It just made me instantly disconnect.,0,0,0,0,0,0
88d8803953b5c4bc1ee8fe8496781582,7,But it's still an ok story and I thought this was the last one.,0,0,0,0,0,0
df9e50f08fea4f9bd3dcc8a8ef8e7b93,10,So cannot wait until book 4.,0,0,0,0,0,0
4c638fd4af8b7445f1a1c8f13ff3c8d7,34,"She trusts people so easily, I wondered if she had ever worked as an assassin for even one day.",0,0,0,0,0,0
661e8e54e1d4bb297ee85b523983e972,0,I read this series before reading other paranormal romance series and was disappointed at the time.,0,0,0,0,0,0
5804f9dc9b46af5d240cdf3c20022772,18,"Hooray for the map in the front of the book, though, because so many character and kingdom names are similar.",0,0,0,0,0,0
3a62998e066dc2e1065d2d635b7649de,1,the first time I felt maybe I didn't give it a fair shot.,0,0,0,0,0,0
7e25a76c83209eaabe3c0d485626e81b,1,"The whole story reads like a mash up of several really bad, cheaply made, cheesy movies complete with the juvenile lead character who changes overnight into an even more juvenile heroine!",0,0,0,0,0,0
a4b09e6513f15c7aa7f81eeeed9b194a,21,"7) Cue awakening of special powers 
 8) KIDNAPPING 
 9) ""BUT I MUST SAVE MY KINGDOM!""",0,0,0,0,0,0
33babdef22256cb0b7170804b9226e4e,1,I'll be honest: I was completely clueless about the backlash this book has received.,0,0,0,0,0,0
9fed2b2f465b620fcc8ac6b88391d8e5,37,"I've got one last nice thing, though.",0,0,0,0,0,0
cb54e11a2ca03a58a266f86653f24973,2,I've heard the musical is wonderful.,0,0,0,0,0,0
5cb5ab0e2e12a3ae6a4e0120be2b0a94,9,"Woman as victim, in need of saving, is often the theme in paranormal romance which makes Konrads back story really challenging to the ridiculous gender tropes too often normalized in paranormal fantasy.",0,0,0,0,0,0
6d0082adcc898ecc8b8dbf573fd52d77,13,"It was odd as they would be oh he's so dreamy, wait no there is something odd with him I don't know about him, wait he is so dreamy.",0,0,0,0,0,0
a0e5ac951b402998af6e91031b866dab,0,"So, if you are trying to find this it is located here: http://www.ljanesmith.net/www/stories as a .pdf for free.",0,0,0,0,0,0
2ff55afc293ebfb5059edf67450885b9,5,So many things suck about this novel.,0,0,0,0,0,0
fd3378555b61fec1fae0c13d4dab14d8,2,"In that hour I think there were 5 or 6 different sex scenes, including m/m, m/f, m/f/m and m/m/m.",0,0,0,0,0,0
79117b6b68d274c6be300419a4ed2593,3,It sounded like something I would be into with people auditioning to be an assassin.,0,0,0,0,0,0
b166e2faa306b04a28b93f14b5c1a555,2,A paragraph describing cool ass shit that's happened between books and never gets mentioned again.,0,0,0,0,0,0
66b16a74f25ffc8d9a74d5999f128d66,5,I could rant about it for hours.,0,0,0,0,0,0
1054efe3fb31f09867e847db2c515671,20,"At least, she never gives a valid reason for it.",0,0,0,0,0,0
ad87f0a54df0eed7e156573acf8ec486,41,That's the only reason I didn't absolutely hate this book.,0,0,0,0,0,0
a3fe0ecde450dde4737dcb0547c9965a,7,Did I mention that the beast of this story is a hot macho man with golden hair and whose physical self screams raw maleness?,0,0,0,0,0,0
097ba190e6af7d2c2392173a7995099d,6,The fact that there's technically no sex is only because they keep getting interrupted.,0,0,0,0,0,0
ba95f76ed991177bd367c77042fba02f,15,"Overall: I'm not sure if the Wild Magic series or the Circle of Magic series was written first, but I see very striking similarities between the two.",0,0,0,0,0,0
0855ced089b6ad6c9fb4e073be1cf00e,37,unless you have an umbrella made of cloth..or noodles.,0,0,0,0,0,0
4c300ec8fb416044dde4455919c55925,0,I had to stop completely after he (Jacob) read Emma's letters from his grandfather and told him her 'love life' ...,0,0,0,0,0,0
e5db824811d24a8543319448b2b745ce,26,Yet he comes through it all with a good heart.,0,0,0,0,0,0
9313b5e382732ed5d80b0634e1fecce4,51,"musing - 24 instances 
 Can someone please tell me what it means for someone to suck on a tooth, because Aelin does it all the time and it's driving me insane.",0,0,0,0,0,0
6c0e03cdda42c6f504ea8369a958b806,4,"All of the background information being thrown at me like it was, was just too much.",0,0,0,0,0,0
2acb3ef831219da00125a6513c8fa91e,12,less than Minor Male Lead Character 10x!!!,0,0,0,0,0,0
47df38d7b503c7d700e12d4cf5be3651,20,I have no problem reading books that are hundreds and hundreds of pages long.,0,0,0,0,0,0
3ee61d07057e4b571f2618903a60b621,2,(And I can count on ONE hand the number of books I have given up on),0,0,0,0,0,0
951f5466c3a5a5866c814e4afefd4db4,13,"It only resulted in her crying, which resulted in annoying me.",0,0,0,0,0,0
52f0cd75478a3324bbb7559509de0629,20,I am appalled by this book and its popularity.,0,0,0,0,0,0
d995b1642a7b3b090ed42b0e126c0e22,12,"I am at chapter 17 and the only thing that's has happened is talking, sex, and combing hair.",0,0,0,0,0,0
4c7c1db172e33bc2d1ecc2c71d6e54dc,3,"The setting is meant to evoke a fantasy world, but I was left feeling unsatisfied.",0,0,0,0,0,0
b5e9e2331ceaddfd03ed77c828d29b90,15,"And if you do, look at your life, look at your choices).",0,0,0,0,0,0
a4577ef87d16ec472372d34ccdec0a01,15,"OH and werewolves, because they always come in a pair.",0,0,0,0,0,0
326277b8ff267b2a5bb71d3100bd6116,4,Xavier continues to think of Marcus as his rapist.,0,0,0,0,0,0
05527ce67012dac7efb331c7b302f394,2,"The 4 books are really boring, they lack emotion, and Meyer can't really develop the characters or the plot.",0,0,0,0,0,0
0fb431aa1d42e96a5e3aa1b8315dcaaa,11,"Donaldson has created a world where there is only good and evil- it's hard to miss, with a bad guy with the name of ""Lord Foul"".",0,0,0,0,0,0
ec7d2370dc10714b0a2a39091618ce8e,12,"Despite my issues, I do think that A.G. Howard portrayed the tale in a unique way.",0,0,0,0,0,0
c29b6995eb5310665efb2b97bdfe3ac9,4,Everything is a secret and even we as readers don't find out what's going on.,0,0,0,0,0,0
6cfe6d77b3cdf6322fe663d3b0882284,13,"Yes, perhaps this was a metaphor for the irrational, class- and gender-based morality of the time, but it seemed so much less potent to me than the easier explanation, in a time when witch burnings were recent history: the general assumption that magic was evil and from the devil.",0,0,0,0,0,0
e7f0b03d3dcba873fe2144f6f5a58b93,8,"(Stupid thing, really, because the Clave is so confident that it cannot be breached.",0,0,0,0,0,0
ef2516a7526cd2a8e8ee6038e55454ce,103,Also patently obvious is the identity of Max's father.,0,0,0,0,0,0
6e90d2888c33b28a24359c0c0abf98bf,5,But I only have til 2012.,0,0,0,0,0,0
bbc38d8fdeb7dbc27798987583b09062,2,"], without whom I would NOT have made it past the first chapter, and this review would not exist!",0,0,0,0,0,0
bbae0bfc9110407189060e88d7b3abd3,20,"On every page of Beyond the Highland Mist you'll find some version of this sort of insipidness: rough velvet tongues, creamy breasts being cupped, nipples being traced, taut bellies, silken nubs, chiseled faces, arching backs, hungry tongues, hot shafts with velvety pink tips, ebony eyes, hot kisses, tiny taut nubs, betraying wetness, plum-ripe mouths, honeyed heat, satiny thighs, ragged breathing, buckling knees, weak knees, traitorous bodies, shattering defenses, velvety friction, throbbing shafts, bodies made of molten steel, velvet lips, husky brandy-rich voice, husky purrs and growls, hot silk tongues, brutal punishing kisses, hot spicy male scent, whimpering against mouths, eyes that are dark pools of shadow, and lots of mouth claiming and deep hot kisses.",0,0,0,0,0,0
b0b954d92417deedb290fbc933ea0e06,57,"A hot one, yes, and I readily admit to secret desires of being pursued by a ""bad boy"".",0,0,0,0,0,0
8d6ea1c006e511467f4001a3e3f4ce15,0,Other than me that is.,0,0,0,0,0,0
64e4ea0daae5a91a2fea56f901302b8f,18,"Now can we move on?""",0,0,0,0,0,0
22f27d000f5ab9298026f296ed6ff0e8,25,"Glen was seriously being taken advantage of by her boyfriend, and he was actually taking away all of her memories of anything bad that happened with him.",0,0,0,0,0,0
893eab68b6a73357e46b389086b4ae1a,2,"Overall this books was okay, different from what I usually read because this had more science in it then I usually like.",0,0,0,0,0,0
b3ace1bfaee949ed865fe4e9047d2dab,61,"You see, there's a few little things that I am having a little trouble understanding... 
 1) Patch tried to murder you.",0,0,0,0,0,0
0d9d9970f41b178825b2f2a2da688da3,1,It goes on and on about the animals and there's all this build up to killing the androids and then there's no climax.,0,0,0,0,0,0
6c40507fd687adfb11710d4db2122723,3,I could overlook the flimsy plot.,0,0,0,0,0,0
d74356c22cf9ad2014f6ae82404fa263,44,"Unfortunately, at the quarter point, most of the book is Faith doing incredibly dangerous things while her parents wave her off.",0,0,0,0,0,0
52f2c530879306bafb2e4f2f2101296b,8,So many minute details about millions and millions of characters.,0,0,0,0,0,0
012628fc7cd07f0f82e53f606b938f09,43,I know what I wanted to do when I was 18.,0,0,0,0,0,0
364d4902fce5bb5bdd9ca2a402e7758b,6,Disclaimer: I received a copy of this e-book from NetGalley in exchange for an honest review.,0,0,0,0,0,0
61fd35953c669bc3aec09cfd08139653,32,")However, what we have here is a book written for young adults, who are less prepared for these threats that many of them will actually face, not being shown how to properly deal with these situations.",0,0,0,0,0,0
09c5d32b9bd6365a2b38ade9a774136f,22,"While your internal monologue runs on repeat about your awesomeness, take this time to also lose track of your assailant.",0,0,0,0,0,0
fc9b1d2b44e5f6ba7e2d4c83cb30d91a,12,This book was extremely hyped up and I probably shouldn't have let myself buy into the hype.,0,0,0,0,0,0
da927ec1861f083443bf02fbc453e6f8,2,"I liked A kiss in time and I'm so glad I went for it, because it was a good book.",0,0,0,0,0,0
70f90494a511453c421f26984568c8be,25,Mr. Sanderson does not care for it.,0,0,0,0,0,0
94eecd5c81e9a87dd576ede0b7c83143,3,The plot needs more planning and more defining goals and problems.,0,0,0,0,0,0
a3d8d74d6bbc25c67514e4a35665f257,34,"There are so many other things I hated about this book, but frankly I don't even want to think about it any more.",0,0,0,0,0,0
ac21e479fe49776fed8cd16313a453e8,7,I can't deal with struggling reading a book with a non-editing clause.,0,0,0,0,0,0
2c7e16eea7a0b90153ded2d1e8b61f14,4,"Maybe in a different mindset in the future, but not today.",0,0,0,0,0,0
c5f1d47082ca4952476f3e16018bb96a,27,Disregarding the issue of 'time and place': character exposition happens almost solely in these speeches.,0,0,0,0,0,0
e2c2610e5ae68614b431af93e31f3775,3,I just don't think this was my kind of book....,0,0,0,0,0,0
11fc09b910e8e102b8de616fa36303c4,1,But this is not it.,0,0,0,0,0,0
3ee86951632d6eb003d80f1a3e49d8ed,46,"To me, the quote only made sense in context of the movie, and, even with that, it was completely out of place.",0,0,0,0,0,0
e0f027f0bd7382731039146b2685d96f,12,"Her attraction to a statue is explained, but it still didn't work for me due to unhealthy relationship dynamics.",0,0,0,0,0,0
9afcaa1890d78ce8485d81881c42a9f1,0,I wrote a long review which didn't get saved.,0,0,0,0,0,0
6bac34e3e5be6925113e311abcc1fa65,2,"In the very simplest of terms, the book is about a group of ghoul hunters who take out the ghoul king and his right hand minion without sustaining any losses to themselves .",0,0,0,0,0,0
6ea0bbb5b367814e088588ccd7ea2197,30,"Instead, Meyer brings us back to our good friend Jacob and his feelings after his ""alone"" time in the wilderness.",0,0,0,0,0,0
8d634f35142696f23161b4a2c72316d9,13,It takes her to be thrown off a roof before she grows any sass or backbone?!,0,0,0,0,0,0
8f95ac2644e4896de89de5e3697c8abb,35,"Then, he learns that the girl bargained with the fey to have the ability to walk again.",0,0,0,0,0,0
bbf7249e92dfd5f91169d0161939cf86,159,"(p. 304) 
 ""... like thin stems of glass against her skin.""",0,0,0,0,0,0
e35331bdfda2ef3d96fdd2a6fb77ff68,2,"It could be argued that, being an oral history, this was not the place for flashy writing but every character spoke with essentially the same voice and the author just was not up to the technical task of writing so many different people.",0,0,0,0,0,0
1edf163056c5e4680c70039e3acaf991,1,The first chapter was intriguing enough.,0,0,0,0,0,0
8c79ca86758df07fc6f200fb896ec752,1,I guess I can't even say I read it because I couldn't even get past 40 pages.,0,0,0,0,0,0
53966b8b4e867ac35157ca9f0460dc03,1,"Complete with garlic fearing, coffin sleeping, daylight fearing vampires.",0,0,0,0,0,0
ea1ab6911fa188cd078a26c615767ce8,16,And we are killing creativity with modernity?,0,0,0,0,0,0
423216aa6de42435912d8cd93e2bb6c3,10,The characters are one-dimensional and immediately forgettable.,0,0,0,0,0,0
7fd3447805d76ed2577e6570e0dc8bd2,25,"Your kid in using a time turner bringing back Voldemort, what is wrong with you?",0,0,0,0,0,0
8b4c637cc4bd568a051b968b63ad36a2,4,"So while I might enjoy the complicated characters Martin has crafted, I can seem to care about them when bad things happen to them (as they invariably do) because it's taken so much plot work just to get there.",0,0,0,0,0,0
cbbd01e4a53bbd5ecabc58e4db81d6fc,23,"Put your clothes on and deal, or leave them off and shut up.",0,0,0,0,0,0
e39733c61328536fd20f6da4e905f7d7,0,"DNF @ 30% 
 I just don't feel anything interesting coming from this story..",0,0,0,0,0,0
a23fcffb74a7be1c54eeb7f6af6bb00d,10,"Except in the movie, she gets shut down for this being a terrible idea and in the book no one stopped the author and told her it was ridiculous.",0,0,0,0,0,0
32cbba57591abda8b9f7b73a40c078ec,0,I thought it was a very poor mystery/suspense novel.,0,0,0,0,0,0
47d93172b57f0fbb0fa81b1a7a5df74c,2,"If I give you a book, it's because I've read it and it was good.",0,0,0,0,0,0
aaac96b27d75b87b12b48d6eab5b2983,13,"Sometimes it works, sometimes it doesn't.",0,0,0,0,0,0
f00c2eab5228df8072c37df61e6e7f88,15,"And if you have a very small band of folks looking to take on the very big job of fighting non-mythical killing machines, then that means you need all hands on deck.",0,0,0,0,0,0
006faee968300d27792a916fc43e6098,31,"After that, she had a chance to tell him but she didn't.",0,0,0,0,0,0
a96491780941c67db02463ab7888ca76,5,"We have already seen the idea of ""Belle as a hunter"" in A Court of Thorns and Roses (Hunted does it better, but the two books have a similar premise).",0,0,0,0,0,0
a8bf1160ea1d3bfc992b5ce3ba3eda2d,29,You expect me to read twelve books with nothing but Neferet plotting against Zoey?,0,0,0,0,0,0
b48425757348d6f6cb988665026c1f61,4,Maybe they were all typecasted too much.,0,0,0,0,0,0
9635261da70bbfce76ac6a33d79c84ff,41,But others might enjoy reading it.,0,0,0,0,0,0
6875164cb8b3670693d3ee9813490130,23,"Isabelle: Well, obviously, we can't kill her off since she's the badass who can fight even IN A DRESS.",0,0,0,0,0,0
bd01d30a149b3c7f7a4e2a09ed50203e,4,"This.....was gross, and felt wrong.",0,0,0,0,0,0
cb055b1bc2869c602232c25cf5b197ce,0,"this was one I forced myself to finish, as I thought it would get better.",0,0,0,0,0,0
8949c3bf58ca65ec2d4eb463e9ddf94a,43,"Like I said, interesting premise but it lost its appeal quickly.",0,0,0,0,0,0
7ae417680efe7291f737792865bcef85,3,Will he ever come out?,0,0,0,0,0,0
1726e2dc709a1fcac690defa94601801,8,I also found myself not buying into the world the author built.,0,0,0,0,0,0
32aa8f6f3aed0ece739550efbe263d12,11,): he's dark and mysterious and has this sexiness about him.,0,0,0,0,0,0
99bfe06357cb12f11a6978afae526d11,0,"It is rare for me to go this wrong in my book selections, and yet I won't blame myself - or anyone else, although this really didn't live up to any of the praise so many people have been giving it.",0,0,0,0,0,0
5357cb56b05e211f74719237562808d7,41,Noel paints a wonderful picture of how Native American culture treats the earth and the type of spiritual journey that the culture passes on from one generation to another.,0,0,0,0,0,0
f1d4d0566dcda0c4916f7ff3fcecf4ec,11,"And the characters were totally irritating, undeveloped, and contradicting.",0,0,0,0,0,0
ed88f7216551a4199e345d8d8a0b388e,1,"But it's not shelf-worthy either, and it's not money-worthy, and it definitely isn't time-worthy.",0,0,0,0,0,0
82209c5694ceab12827c3e562a80d46f,34,"I won't be reading the others, and I am going to immediately pick up something else and try and flush this waste of time out of my brain.",0,0,0,0,0,0
65c0822f47615818f64b1a5b9f63e562,4,"It was too slow, too dragging for a series finale and especially so for a new reader.",0,0,0,0,0,0
fc3886b4530109c1c754e0bb7941399b,12,"Everyone thinks it's Elijah, but bam!",0,0,0,0,0,0
bf012816a92c0c519528af46d30a5ea3,12,"Mare is not just sad, shes so tragically broken and empty she must ' curl inward and bleed alone, inside, where no one else can see. '",0,0,0,0,0,0
42af8010299ff5bb0d281e4cff167f6d,39,4* A very good read often with a novel concept or unusual plot.,0,0,0,0,0,0
a0c540cb8d82d829cb30e5a363afc2b7,8,"I felt that she was going to hold on to her ""secret"" until the end.",0,0,0,0,0,0
ce702dceabf8d370865dfde72095f321,4,"But no matter what, she cannot bring herself to kill.",0,0,0,0,0,0
bb812e2048f415b1408f44e22a50befc,16,"This got me to thinking that Cassandra Clare knows exactly that she's writing nonsense, but oh well, it works for her.",0,0,0,0,0,0
1dd9d81a7472dcfe1a4982a587d4e3d4,3,Their love seems too much like infatuation to me - which it wasn't like in the beginning.,0,0,0,0,0,0
ee5d8adb600b42fefefe4722196b2153,12,I had her waste her only loan to me.,0,0,0,0,0,0
89dcf3e5367980596af1e143fd57eba4,87,"It could only be Africa, considering the fact that the contestants get attacked by fucking gorillas.",0,0,0,0,0,0
c3f9ab0765ff13e97d81c16085c56d55,80,"* And wouldn't you know, right near the end, Noah had to go and scoop Mara up and carry her like the helpless little girl all these 'heroines' are in these types of stories.",0,0,0,0,0,0
d5cf9ae528c0258e30c994f69660cb09,5,"However, I did not like any of the characters.",0,0,0,0,0,0
56ce9c44bde02604c2b5dca48fd2d4b8,0,I was expecting a lot more than I got.,0,0,0,0,0,0
a1a4bdac457c41a1d2c2de123f419dd9,21,"Instead, he responds that he felt THE SAME WAY, and the ONLY thing that convinced him otherwise was that a second of Peter's girlfriends, (whom Edward describes as a ""freak"" solely because of her piercings and clothes) accused him of something similar.",0,0,0,0,0,0
a134ff1d4d2793c943590dcc56a47d14,0,"Given the famed flexibility and inconsistency of my scoring on Goodreads, I could have given The Divine Apprentice a score from one to three, depending upon my mood.",0,0,0,0,0,0
c800de87f33436706f1b62c3415a021c,0,**ARC received from netgalley in exchange for an honest review.,0,0,0,0,0,0
6d7d7ca4764fff03ab495e71c8456571,0,"The good, Scorpius Malfoy, Albus and their unlikely friendship.",0,0,0,0,0,0
dc723d9dec66eb0af1af1f95971559c1,5,"I didn't finish this book but I assume the girl is some kind of witch or has supernatural blood in her, and there's a secret community in New Orleans that's full of paranormal creatures.",0,0,0,0,0,0
19c2f1ccdfbaf4814ac696362fa5b9cd,32,"It could have been some translation issues, maybe it was because I did not understand the protagonist's language style, maybe it was because I've never read a book done in script or play format.",0,0,0,0,0,0
b782f12362c60f4ecebb00cf94ffda0b,0,I don't understand the 3 1/2 star rating on this book at all.,0,0,0,0,0,0
90fe2e20067c25f1f0f7b8c8298cacf5,4,Glad I finished it I will be off looking for a better compiled collection of Grimm tales.,0,0,0,0,0,0
76787b0906ab075d73c91698d3a0f9a4,12,"So, pretty much nothing happens except that Robert freaks out a lot, worries a lot, and broods a lot.",0,0,0,0,0,0
8fa028f7c718fc4889308dcd3d39d43a,3,I tried but couldn't even make it to 10%,0,0,0,0,0,0
45ed231b95e7b75c3ae31fbe7c095e7b,39,"He is amazing even before his glow up, he is goddamn fricking perfect.",0,0,0,0,0,0
757c8c1a70f9b49cb37af3740fa8838f,3,She's your typical fantasy Mary Sue who thinks she's a nobody and turns out to be the savior of all the land and beyond.,0,0,0,0,0,0
9e672f917589bdedac36c55a225be303,0,"Sorry to all of the fan of the series out there, but this one is just too illogical for me to stomach.",0,0,0,0,0,0
0be5c7150c568ce7d368a4f0bedef342,5,B/c if it wasn't I would be wanting a refund pronto.,0,0,0,0,0,0
64b4e4d1003e386b2e59052028b8d81d,120,I don't have much else to say about that.,0,0,0,0,0,0
959e4ed14dd30ea3d56174da34c382f7,5,"Essentially, she's a 14 year old girl who gets raped by her husband every night, and somehow is trapped into caring for her attacker.",0,0,0,0,0,0
d7fc247e3b642babf14d527c7388cafa,55,"Nach einer Weile wird es fad und man denkt sich: ""Ja, verdammt, wir haben es kapiert!",0,0,0,0,0,0
5542d9877d72e07e496a005fcb9abf4c,20,This is one of the worst conclusions I have read in my life.,0,0,0,0,0,0
6d14e51d74b5b9ac834034d8c4587138,15,"My team follows it strictly.""",0,0,0,0,0,0
12ac203d3f5c1c8d2ced405c4083609c,4,The characters didn't jump off the page; the action didn't capture my attention.,0,0,0,0,0,0
8d5dda944cd282ebede8b04203214955,2,"- Uncreatively, most creatures came from England or Greece.",0,0,0,0,0,0
771103935b945e9489dde4e993d21030,17,The first book already had multiple issues.,0,0,0,0,0,0
a8102b2226ca72d45b8ce2bc85f25a78,12,Not once does it cross her tiny pea brain that her betrayal of leaving the pack (& running away with shay) could fall badly on her pack family.,0,0,0,0,0,0
4c4d82042d3fad50462be9863d099d11,1,"I read parts of it, and it was so horrible I had to comment about it.",0,0,0,0,0,0
6c9f49cffc0587e0755070181c069dd0,2,"I'm always having to put the book down every so often, only to force read it the next time I pick them up.",0,0,0,0,0,0
919086490be2b1595ca822be8c493d6b,27,"... are enough to make me hate a book, especially if there are lots of them.",0,0,0,0,0,0
b73e03b7456ea7bb5c8c6762124b926c,15,"Also the pace was OK, but the story lines just seemed to jump all over the place.",0,0,0,0,0,0
3a40951e65c99344d912db4ec27a2926,7,On the other hand people would rush to aid in order to rescue a princess.,0,0,0,0,0,0
180b99643e2e5ac0f5a906253c9fa2f7,5,"American's = possessive--as in ""This is the American's house.""",0,0,0,0,0,0
a0582cf21c4d7f89f74340e6f9db2755,38,Even the faeries were inconsistent at times.,0,0,0,0,0,0
b4c8efb537e09050e38ce277b8a5a6e0,0,I did not listed to the haters and read this anyways.,0,0,0,0,0,0
748a95b27b8335290c0c33a339168d56,21,It's almost laughable in its utter simplicity.,0,0,0,0,0,0
c813e9354fe8840a67ca5b0a70f888a6,1,I'm usually calm at my reviews even if I don't really like the book that much and I'll try my best to be calm and reasonable as possible.,0,0,0,0,0,0
0a1d5bbc1ceb2d0e38bfce8218b292ac,21,And I feel that is exactly what this novel tries too hard to do.,0,0,0,0,0,0
36fa45ce0f1303640681ba93d134f7ea,1,I'm afraid there was nothing here that I can recommend.,0,0,0,0,0,0
d92d5f852adc441d2e91473d8d731be6,5,She becomes this person that suddenly needs fecking lyom (btw what the fuck is that name like??,0,0,0,0,0,0
bd62d2ccd2cc06dd5028ec725fae60f1,12,"The beginning of the story starts out strong and lead me to believe there would be more world building to help me understand why I should care about the Goblin King, but the rest of the story loses momentum and eventually just repeats itself paragraph after paragraph after paragraph.",0,0,0,0,0,0
db5a7c7203945880030f66a445a478f4,18,"So she heads off to live with her cruel Uncle and his family, before being dragged into a magical world where she is the most special snowflake ever created.",0,0,0,0,0,0
f472e1d9f40d6029e1041a30772b485e,2,"The thing is, when I was a younger teen, I wasn't as critical of books as I am now.",0,0,0,0,0,0
f07fe79a0b92af357cf8d692a922f35f,14,From there the downfall was poor characters and a lack of action.,0,0,0,0,0,0
f64c8312e29159414b2950d8c5f2a2d6,19,Rylie hated it every time one of the boys she hung out with got a new girl because it meant their fun was over until the relationship ended.,0,0,0,0,0,0
99b0fd3899ec353fa925dacb68f01dfb,9,"But that just isn't enough, I suppose, to carry a novel - isn't-this-cool-and-I-have-nothing-else-to-say-about-it gets a shrug.",0,0,0,0,0,0
70bb60bb4dc376a8fcdbee2d16a1447f,2,Ruby has spent her entire life trying to find good books.,0,0,0,0,0,0
3d1c2baad8fc128d1b127c62d4e07e41,24,"But no, it's LaFleur, the new addition to the team, even though probably just as powerful.",0,0,0,0,0,0
1a70f3a57941a16ff34bcda99064c304,14,"Later, when only Andy and John remain, she talks about missing the friendships they had and I found myself wondering if I had maybe skipped six or seven chapters because they all barely spoke to each other yet she considered them friends.",0,0,0,0,0,0
07d5518e3e2d6696ee0707896d077fb6,20,I think the Spin Off series is just another way to make faithful readers spend more money.,0,0,0,0,0,0
9390628d0f0c62f0a95dda9487c1fa44,0,I totally feel like I got ripped off reading this book.,0,0,0,0,0,0
639e445ae58669788288fb3fb3d429dc,3,The dialogue was a little corny and unnatural.,0,0,0,0,0,0
591fecaef7a646aacb7276eb148a13f2,18,"I thought it would be cute and exciting and not... 
 5.",0,0,0,0,0,0
4a5825c7ed59f4606637426d90e40832,11,"And most of all, I hated her way of thinking and seeing the world arount her.",0,0,0,0,0,0
135a4955a0f317e9ae11077d713c7b21,4,But how could Dr. Pi know what would happen in the future or what she was doing in school while he was making his fantastic pies?,0,0,0,0,0,0
aa3c782586309ed94952a8d10472586f,1,"is what I would have liked to said but my fingers keep twitching towards Stay away, it's a piece of crap.",0,0,0,0,0,0
230e1fcb61ace0220acdd9de7d836007,1,"The premise was great, but sadly lacking in the execution.",0,0,0,0,0,0
704fc4f2f4b450daa4a6e0577c86f102,19,"So, so, so much telling.",0,0,0,0,0,0
fcac228e6373b8b2b9116160fd310569,26,Someone should seriously consider trying to get this book off of bookshelves.,0,0,0,0,0,0
1533afa275894007f71dea890d56cad2,8,"Plus, I'm older than the author of this book, but apparently she's not listened to any new music for the last 15-20 years.",0,0,0,0,0,0
fed8dc44200d3c383df8a35c4a2eb041,3,"Edward's attitude to the pregnancy is horrific as well- he doesn't even want to talk to Bella about the choice- and let's be clear this is a choice that Bella has to make, a dangerous choice but it shouldn't be taken as given that Bella will risk her life for the chance of a child (no-one has any idea if either of them will survive the pregnancy).",0,0,0,0,0,0
7543cbd5d44b207c9663b7271a9fc0a9,17,If one is concerned with survival this makes sense but why did he never bother to teach his daughter or his wife?,0,0,0,0,0,0
bcb009130acc8eff25691ab5189f4b93,34,"Il problema degli amori a prima vista (per non chiamarli ""amori a caso per dovere di trama"") e che discorsi del genere non possono che renderli ancora piu patetici, improbabili, imbarazzanti.",0,0,0,0,0,0
61fe9fde93f397bda12ddccdd3553c29,7,Letting the main person think that he isn't loved???????,0,0,0,0,0,0
fe9e4e693ae40b4bf854476632fad7d5,14,I feel sorry for GOOD writers who self publish.,0,0,0,0,0,0
59b23f71244afe6514c3e65e71052543,1,Will she bcome a vamp again?,0,0,0,0,0,0
53cb4f860f6a959846809655df700990,42,I then proceeded to spend half a week actively looking for excuses not to read any more.,0,0,0,0,0,0
a88b543b29f2ca33a70fa8ff1e53d4d1,7,We first meet Gabriel after Annabeth's first strange vision.,0,0,0,0,0,0
c9d72a35e0c76c2f0ccde250ebea6668,12,That's right - this main character doesn't have a name either (although I hear its revealed near the end)!,0,0,0,0,0,0
b00f4169ec8e025949a422013906df2b,28,This should be more demonic rather than full of nightclubs and hotels!,0,0,0,0,0,0
811388c16fb7e31e7be3c1255b908bab,22,"Archer said that Elodie was different before, and that was understandable with the event that made Elodie change.",0,0,0,0,0,0
c208bf96fc6d8332d6a64bc260ee2f8c,0,"Like listening to William Hurt describe a fever dream he had after spending the day watching LOST, reading Stanislaw Lem's Eden, and attending a marathon of 90s sci-fi psychological thrillers, like Sphere and Event Horizon.",0,0,0,0,0,0
6a285bd031167a96eb9aa9dbcac62908,2,I guess what annoyed me most was the fact that the author jarred you between the two characters so fast it was hard to orient yourself.,0,0,0,0,0,0
d5333cbef071e1215c1401b70942019f,3,"There's barely any plot, and no truly cohesive narrative; it's very clear even without reading the copyright page that half the chapters were pasted together from the author's other short stories - and that doesn't work at all well here.",0,0,0,0,0,0
b5b9b38f44f9930cc02fea611ac6a1e0,1,It gave a tiny little glimpse at Magnus past but honestly told us nothing.,0,0,0,0,0,0
7586841b03b9cfa277a4e3eb7e70b71a,3,"Unfortunately, I couldn't get into it.",0,0,0,0,0,0
9b074eef5f0c8d365b92eed3ede85b82,19,There is no world building whatsoever.,0,0,0,0,0,0
a2e953a2ffed664605b903fe0840c30c,5,It will take me some time to build the nerv to read a second book of this series.,0,0,0,0,0,0
8fd89897cf19e77ccd53ba86fd83f577,2,I did not like any of the characters.,0,0,0,0,0,0
b92df5efcd8abab1fd1d0adfd6b5e40c,6,It actually took me longer to read than the other four books.,0,0,0,0,0,0
c35379f62e9b9a42b6b552bc4eba268b,14,"I say this as constructive criticism, hopefully it will be taken that way, at least.",0,0,0,0,0,0
858e999a2f0b2fabfd7be0458fa92472,4,"It's what someone should have said after reading all of the repeating ""romantic tension"" scenes.",0,0,0,0,0,0
f1b1a809c7073844973f3d99f3caf89c,60,"Harry Potter also wasn't the most hard-working student but at least author made it clear where his power came from, why he is the special one and how he ""rolls"".",0,0,0,0,0,0
787e1ea934b6fde516ebd06ea8395932,34,where have I heard that one before?,0,0,0,0,0,0
a15df7e27ae4ec936703e4e108db222b,33,"What I'm trying to say, is, if Richelle Mead is trying to make a point about the pressures that women face regarding their weight, she went the wrong way about it.",0,0,0,0,0,0
2b6f1c3bf757c0b09962d03568871e94,6,"The characters are fairly two dimensional and I was never invested in their well being at all, even to the point of being apathetic at any of their deaths.",0,0,0,0,0,0
9967848fcc3a3f1347c77ddc957659c9,2,"It is a grab bag of long-winded, rambling, loquacious paragraphs that serve absolutely no purpose whatsoever other than to act as an ego stroking device and fill the pages with pretentious, wordy fluff!",0,0,0,0,0,0
ceac5ddc7c1853c98d4c70615c5415e8,5,"Maybe it just didn't speak to me, but it seemed lazy and heartless.",0,0,0,0,0,0
109baf4ce31fb0d3b62d1cbd94fcd60e,8,"Where do they get their packages of cigarets from, in a fantasy world?",0,0,0,0,0,0
c3a42554379a6c068223d9f942f294b0,24,He beat around the bush until I was annoyed.,0,0,0,0,0,0
f7f917cb35298ca72e64ec927184d7de,13,She is your stereotypical popular girl who is a goody two shoes who wants to make everyone else happy.,0,0,0,0,0,0
bcf28a837b562b5abe1d4d92b444635a,5,I kept waiting and waiting and waiting and waiting and waiting for her to kill someone and the closest she comes to murder is imagining ripping out the eyeballs of a lowly court lady for daring to speak to her prince.,0,0,0,0,0,0
0c6227da4c894c93d0af1648f1fc593c,8,This novel is not an example of that.,0,0,0,0,0,0
1c90e23b00da57f6a009d349b8b8af0a,12,Do not buy this book.,0,0,0,0,0,0
6e8225bd5b02e03280f82961557ea762,2,"I am so irritated with the characters and the stupid, selfish decisions they keep making.",0,0,0,0,0,0
0fe02c86fa93bfc6b6006fc929ad7dc2,2,I was going to write a couple of examples of the yapping she makes but even thinking about it is enough to make my eye start twitching maniacally!,0,0,0,0,0,0
265a6f69b7aeea56b1cb35d2ad5bf907,20,And then there are the characters.,0,0,0,0,0,0
02990ae66c64580b69e1a3a9c9a40098,5,"She's first written like a reasonably sensible girl, but then she does a Bella and falls head-over-heels for Nicholas with very little provocation.",0,0,0,0,0,0
8b81b46f469f2300bc64988e53df60c5,43,"Though, it's often emphasized the consequences of over-exerting one's energy, these consequences are never put to the test.",0,0,0,0,0,0
bd002c10595fb05d23f19078eb68db02,8,"Here's the Wiccan; she mistrusts Christianity, but she's moved to tears by how open and accepting the main character's friends are.",0,0,0,0,0,0
787e1ea934b6fde516ebd06ea8395932,35,"Then, there's Ivy, a very stereotypical angel woman from the 50's.",0,0,0,0,0,0
98cad59ab93eda7adafa843b9a4477b1,7,"I read patiently, waiting for there to be something worthwhile and discovered nothing.",0,0,0,0,0,0
86d64ede1921f9c0128d6ac76a069a9b,0,"I love Zoe Marriott's writing, but this book isn't doing anything for me.",0,0,0,0,0,0
7a668b8cb42dc06794b8a0292f48a885,4,Utterly disappointing from start to finish.,0,0,0,0,0,0
3d28f3a6bd644a415ebf32c67c18db7b,22,We get they are in love but it's unnecessary and doesn't add to anything.,0,0,0,0,0,0
6fc3aefe37661ab6eff408123e6114d8,5,Alex is masquerading as a boy in the army/Prince's Guard and there's a magical background and a love triangle.,0,0,0,0,0,0
e62da35950a3376fa322966e9eb448ec,11,"I know a lot of people who loved this book, but it just didn't hook me.",0,0,0,0,0,0
e3fdba3d8cf7e82595c9dc6bcce9c711,19,You're either good or bad but nothing in between.,0,0,0,0,0,0
3453aae91435d64e66947a57e1a5a2ee,25,I might read the other book in the series as soon as my friend led them to me.,0,0,0,0,0,0
3cd9a024249f0dd133244beb68685aa0,11,And so is the ending.,0,0,0,0,0,0
eac7cfae2c44c61647504fb5a144c06a,34,"the next morning we get Rowling on international television, with a simpering little smile, announcing that she is going to write another book, a sort of ""encyclopedia"" of what happened to everyone else.",0,0,0,0,0,0
9af8ddb8cbd288d217e40016523c7efe,106,"There could have been a few redeemable things about the book (Aaron <3), but by the end, the terrible twists, the plagiarism, and the fucking use of fake accusations of abuse as a villain's ploy bothered me way too much.",0,0,0,0,0,0
be29ddcc38d78875a028a1e122949450,10,I love the way this blowjob feels but I don't want you to be my mate.,0,0,0,0,0,0
4e1028001d464e8cb3c48d3018da30b8,12,"Woah gurl, you got it bad!",0,0,0,0,0,0
a1bebb02a486f1695783d5caaa01f8a1,9,"You know, the vampire who basically became the character equivalent of a lampshade.",0,0,0,0,0,0
11677c572e71cf599158250f3280c6a6,3,"Instead of allowing said young woman to succeed, creating more human beings than ever--every single one of which will eventually die-- , they prefer to try to murder her, creating a much reduced population, and fewer souls to reap over their greatly extended life spans .",0,0,0,0,0,0
13a6b1b6b0fc63dbd08776ddecde46b0,3,"I went into this series expecting HEA's for the characters since that is what I got with the first and second books, I had no reason to expect something different from the third in the series so I found it totally crap when Kate got the whack.",0,0,0,0,0,0
62f4baba759e75ea4c33bce600e02445,0,Seemed like a duplicate of Twilight to me.,0,0,0,0,0,0
29fe8c6d80902c1aa9b6a6b2ea3935b5,4,"Granted, Aja was a compelling and mysterious character.",0,0,0,0,0,0
979562bdc98658e0a3f3eeb32cb1deab,24,"The reader's expected to believe humans willingly accepted the loss of bacon, yet tolerated learning nothing about their alien overlord's diets.",0,0,0,0,0,0
f7f917cb35298ca72e64ec927184d7de,6,Brandon comes to her rescue and both of their worlds change forever.,0,0,0,0,0,0
af190fec42ddc317176c1f7203809b03,0,Quinn's Quest to save his sister gets derailed by a female in 'heat'.,0,0,0,0,0,0
d8d22112bae6e2a171dcf9feae0bd122,1,This book is not particularly well-written.,0,0,0,0,0,0
5f0b9ea92f1f4a9808a22e9ea6e69a1c,30,"WATCH THIS ADAM ""LOOK AT ME JULIETTE"".",0,0,0,0,0,0
e78f224f7f11b5db659fffc9d5cccd10,1,The many side chapters and their one-and-done pov characters bog down the narrative making an already slow read unbearable.,0,0,0,0,0,0
e654d91a560325ecda433b567c223115,9,"I get it, siblings fight, but there wasn't a reason for Luke to hate on Violet.",0,0,0,0,0,0
7ec586b2ad7422658df09958f9c4bc6b,0,1.5 stars: the next Twilight?,0,0,0,0,0,0
f0193572f9101b188073903077295601,11,I really didn't want to finish the book... but I did.,0,0,0,0,0,0
e7ce2622af84d4d105c6c626f0ae6e84,4,Not a series I would pick up or recommend.,0,0,0,0,0,0
9404025f7f40ad24ce2cbe38fb125810,10,I think Ill avoid anything else by this author as well,0,0,0,0,0,0
2952232f4e77884cb60cbc1292f59051,26,"As a writer, I try to keep an eye out for repeated words and phrases in my own writing.",0,0,0,0,0,0
eec3f3ab4e154e7bf6168deabffeb20f,2,"Also, the steampunk was just not there.",0,0,0,0,0,0
3aaff62b1d348118e6ec13144015a17c,4,I'll give this a shot for $3.',0,0,0,0,0,0
8e830abcb49b860c3e792247c180ceef,4,"Lizzy was a pushover, I can't imagine how a girl lets someone walk all over her.",0,0,0,0,0,0
83461c164b3a4d25625420efb5eab988,4,Don't make the teenagers in your stories sound like TWEENS.,0,0,0,0,0,0
dbaba1e329f4b89d54d30727a9fb9131,1,The second book got me excited.,0,0,0,0,0,0
3b167097a4b22c631bfc21e676e7a318,1,What on earth was I thinking when I actually liked book 1!?,0,0,0,0,0,0
cdbe79678422ddaae3190a232bb4713b,51,It's a fact of life.,0,0,0,0,0,0
b1f1bc561281215d56e2f6f52b681bb9,30,which meant to say that I was in peaceful mood without any assignments plaguing my mind.,0,0,0,0,0,0
a55c892b1bdc3b2ec39a6cf5030009fc,0,I've had all of Tara West's books on my tbr for quite a long time.,0,0,0,0,0,0
77f9639fddeb1c5cbc6f27077785e7c3,0,Update: It has come to my attention that I accidentally made the same joke as another user in this review.,0,0,0,0,0,0
04b08429d75a516480f94ca63433a000,1,"Daniel's all like ""Luce, stay in campus.",0,0,0,0,0,0
749d8095a00fa2478283169fbe3588d4,0,"**SPOILERS FOR THE PLAY AND HARRY POTTER BOOKS** 
 So, I had to really think about this book before I rated it and gave it a thorough review.",0,0,0,0,0,0
58c4d0e26608a44d098c6171c82cd1e2,2,The old vampire lore had potential but it was not explored enough.,0,0,0,0,0,0
1407d0533f433a39e62af27bff66e9d7,22,"THAT, of all fucking things to question!",0,0,0,0,0,0
cf43f21a8181f0e1496af84295487d2a,1,I didn't waste a lot of time.,0,0,0,0,0,0
58d40b4771d02b1db9247ba5a95d3dc5,20,"The majority of the books is just huge loads of information that you either don't care about, or started off caring about, but lost the will to live after a couple of pages.",0,0,0,0,0,0
24b42db4b7081bf86406cb5de93cf028,4,"In particular it seemed like the author was trying to knock off a twilight version with her ""boyfriend"" being outside her window watching.",0,0,0,0,0,0
60130df265e0e1d222abe6dc82f4ec36,10,"It does hint at a provocative world that sounds intriguing, however.",0,0,0,0,0,0
d82165ae76cee3ab9537d6555bf25288,1,I found it extremely hard to ditch my ego and enjoy this one.,0,0,0,0,0,0
6488fefdaac931daee4c6e0748976376,0,"ZOEY MONTGOMERY-TURNED-REDBIRD: AN ORIGIN STORY 
 Once upon a time in the darkest pits of Hell, a jackal with three heads fell in love with a postman/part-time stand up comic.",0,0,0,0,0,0
5a58d1a64ad817e4fcb5359f3f868845,6,"not going to finish, not interested sorry",0,0,0,0,0,0
d2a2b14e5585442db3ff666045f88767,6,The plot has become even more dumb and 2 dimensional.,0,0,0,0,0,0
4cd1c1c94aaf98f1a90f8ba7d17917ad,3,"Then the plot, as is often the issue when you include very powerful heroes in your stories comes across as B.S when they then don't use said powers to basically wipe out all of their enemies in one go.",0,0,0,0,0,0
98e28cebd19be0bf1fc6d89da6f1a53c,24,"Hate over the Electress 
 5.",0,0,0,0,0,0
5afdde176774e0b6d947071e54daa24f,8,The majority of their time is spent moping around about how they want to be together.,0,0,0,0,0,0
dccc9a030cfe2539b2749277758707ca,10,"I would think that there are plenty of people who would enjoy this book, though I think I would classify it more of a paranormal romance than anything else - and I just don't typically enjoy romance novels.",0,0,0,0,0,0
28c52120726bcd2308d3414fe6bafd31,47,"Fortunately, I didn't care enough to want to know any more about this world than I was told, so I suppose that works out.",0,0,0,0,0,0
89dcf3e5367980596af1e143fd57eba4,63,"This type of self-realization is important; in my native language, we have a phrase for it that roughly translates to ""you are so fucking dumb that when you die and join us in the land of the dead, we will pretend that you don't exist because you are an embarrassment to our family line.""",0,0,0,0,0,0
a1bebb02a486f1695783d5caaa01f8a1,7,Because he is just a donkey.,0,0,0,0,0,0
b0e3ec9a23a96b2356661b5788649195,20,I seriously just couldn't stand any of them.,0,0,0,0,0,0
06c3f5cdab214f19b6f4c2bab7b1f9c6,3,Ta da they said here is a masterpiece.,0,0,0,0,0,0
eddc1ea623215cc1c5741f50d8f23567,28,There was just something about Divergent that made it stand out.,0,0,0,0,0,0
355ab2332a79e3613e0758a397a2b79b,3,"First off, the characters are awful and one-dimensional.",0,0,0,0,0,0
04c1ea0b7297065b7f06667a60683996,6,"Better luck next time, 
 ~Lisa",0,0,0,0,0,0
ad41c67d969bfd8488e8fbc51b426cbf,1,I hated Bella and Edward was just a big no for me.,0,0,0,0,0,0
d5bb5f5f781c6142f30913f973d85c10,0,I kept waiting to discover that some god had once again stolen the world.,0,0,0,0,0,0
4f9c7037e19851008441ba0323d143f3,18,"She doesn't know if everybody else is dead or not, but she doesn't seem to care .",0,0,0,0,0,0
63471b6393983ede272887f363f771db,2,"Cat and Bones did not grow or change emotionally, and the villain was a waste of time.",0,0,0,0,0,0
8f382faf5af94ac4d38545371bed9094,14,"I can't imagine what it's been like for you carrying around this secret for all of these years.""",0,0,0,0,0,0
741e4e48ee1930f7b378b22566b2d39d,29,Her best friend likes one of the guys!,0,0,0,0,0,0
534d34a8eff389431b77bc1552ce0572,0,WARNING: THIS BOOK KILLS BRAIN CELLS.,0,0,0,0,0,0
b0f3539e5c47c91c9c3a671f830e634d,26,I expected her to see maybe his memories.,0,0,0,0,0,0
f64a77324525171f660e20a0d7a9fb4b,10,"Other, quite poignant messages are made throughout the novel about man's relationship to nature and the Earth.",0,0,0,0,0,0
c3f5153465cdd420e467f13127ef2154,6,I would recommend people to not read this book.,0,0,0,0,0,0
4232b8a0e3da625054ad5fcd66225000,156,"(I've been thinking of returning to Progo) 
 Ultimately this is an incredibly lazy novel.",0,0,0,0,0,0
d858b9c59b6324ba90b1c4b98ba8b739,69,"I don't mean literally, with roleplay, I mean he's always saying shit like, ""There is a special spot, hidden in your secret folds that tightens and rises just like your nipples.""",0,0,0,0,0,0
cbbe1624edfa94f5a0ddb92b3650a24d,30,"He also claims ""Books by Robert Stanek have been read by well over 7.5 million people,"" and ""A book of his is sold every 60 seconds,"" and ""In 2013, his 150th book was published and there are over 1000 of his titles in distribution worldwide.""",0,0,0,0,0,0
0cce9484db09f31225fc8441cc429a24,1,"Cinder, Sherlock, and the new Star Trek movies have all found a place in my heart.",0,0,0,0,0,0
2202e0b033837d85abcf314c32898c43,14,No really the food descriptions were killing me.,0,0,0,0,0,0
bbe29b87adc16a9270c78c9da5ace801,3,"Well, this is what I got for my superficiality.",0,0,0,0,0,0
99d5359a2c173c1470f20c42776e7f45,7,why cant these authors find something somewhat original????,0,0,0,0,0,0
c93b2510a1f3a8df26a96872bbe578fa,5,Lets talk about more about the characters.,0,0,0,0,0,0
b76a7422e6ec401980000e63046cd670,4,This is a glaring omission as Redwine's partriarchical Totalitarian society should have some expression of how they would deal with alternative relationships.,0,0,0,0,0,0
d71d39143188c8ee32ed8e6c429a6e95,3,"When you don't feel anything about the characters, none of what they go through makes you excited, anxious, or concerned.",0,0,0,0,0,0
ad4bb824129014e3f777915d53a8c6f4,1,I liked the premise because it was new and fresh to me.,0,0,0,0,0,0
600a2f3827d251c44306154fc6900f15,6,That this series of books is so well liked ranks as one of the greatest of life's mysteries to me.,0,0,0,0,0,0
7f84e6771b6770a3c592d94b051bb220,4,Everything happens too easily or conveniently.,0,0,0,0,0,0
f2ac654236f2a0f8c7689015e9dc74f4,13,"Some of you may even know if you have been following my reviews that Steampunk is a new genre for me, and I've had a few that I was riveted to and others have been just ok, but there is nothing that interested me in this particular book.",0,0,0,0,0,0
d34c8abdebd2f8173af7e41e89b87506,2,"When we start learning about Nate's abilities, I thought it sounded pretty cool.",0,0,0,0,0,0
faf841119ff2dca49931d041171c3969,106,Do you know how I know she's not a good girl?,0,0,0,0,0,0
9b074eef5f0c8d365b92eed3ede85b82,15,"Clearly I am the only one with the following feelings/opinion towards this book, but here we go anyway.... 
 On the outside, the idea sounds kind of cheesy with the whole man of my dreams line, but interesting right?",0,0,0,0,0,0
face9c9275b0db266c97e8c9fc4c0221,11,Nothing really happens for a good 50 pages of book and this is a big book.,0,0,0,0,0,0
a0e571355c02a7e60751a71b21c3c147,20,"Hubo meras descripciones de lugares, batallas y terrenos que tuve que saltarme porque no podia soportar leer la historia a traves de los ojos de Mare.",0,0,0,0,0,0
ae5460c5861f0bf7024a2f6d6728d8c0,4,I could not get on with the juddering writing style of 8 words a sentence which in my opinion completely stopped the book finding any flow and meant I had no hope of getting sucked into the story.,0,0,0,0,0,0
633d49a97320a58b7c22354ed2e13d50,37,Sexual content: Limp noodle kissing.,0,0,0,0,0,0
c33160883b22ffa29e4529ea505697f3,13,El infierno esta vacio y todos los demonios estan aqui,0,0,0,0,0,0
db512efb0354374b8aacbbd5b9ca3384,2,I had SUCH the high hopes that I was going to go through this whole series as happy with the remainder as I was with the first couple in the series.,0,0,0,0,0,0
769c622c1d93c9103c7ad7c435bb3898,15,What does he intend to do once he gathers this army?,0,0,0,0,0,0
a16b448c1d9cb3d464c6cc93d9b306de,0,"Nao percebo porque este livro e tao lido... 
 Tens fama,deita-te na cama!",0,0,0,0,0,0
9f5d6e6a321ebf7b8d4a9d03b56b5978,1,I do like my demons...but they have to be hot hot hot (pun intented) not something beastly like...,0,0,0,0,0,0
9b0fe77a7d085af462b6acbf3cc58a0b,28,"This is a children's book, yes, but it doesn't mean the author has to make the human so unrealistic.",0,0,0,0,0,0
6c895a6ad4c9789a672a190b9b0a3a9d,32,And then they all live happily ever after.,0,0,0,0,0,0
3975031d3d26a8c16737a097c351a8a0,0,I really want to like these books but not only are there a lot of unanswered questions I just don't understand the characters and what motivates them.,0,0,0,0,0,0
15bc82b2f8e36093c0d5061d421a12a2,4,Now she is back to take pictures of haunted places for her third book.,0,0,0,0,0,0
1ab95e77ab26eeef3fc5eaae559be7a2,11,I think I'll move on.,0,0,0,0,0,0
e807671d377962f2bc457e1efb50f3bf,1,In her last boarding school there was a fire and the boy she liked died - in very mysterious circumstances.,0,0,0,0,0,0
d621d75362fe5c3eb9e91a024346187b,3,"I loved many concepts of His Dark Materials series, but this book was just all over the place.",0,0,0,0,0,0
b0beb8a33a42b1623c368baa7860813c,4,He was not sexy or strong enough to be an Alpha.,0,0,0,0,0,0
9fa7762264655fcf7f4db07a74e63055,7,But I'm done with the book series.,0,0,0,0,0,0
83dd5a03c45cbace13e0f9b8033104e7,4,"I have read A Tale of Two Cities, though it has been many years.",0,0,0,0,0,0
1ce1c74dbfbdb2584795a0d72abc84e1,5,I felt like it was all tease and not a lot of substance.,0,0,0,0,0,0
06cd9f8ae22677f2e5e9f974573d31c3,2,"Unfortunately, it turned out to be very problematic, and I abandoned it 33% of the way in.",0,0,0,0,0,0
df259992478300d51f8e65493f2e75a1,1,"Yes, there were parts that were good-ish.",0,0,0,0,0,0
f96fe312e6963a3d509c2539cc62eabd,14,I really liked the characters at the start of the book and I found myself liking them less and less as the book went on and I also found myself disinterested in what was actually happening.,0,0,0,0,0,0
051b599b88d4d19fd1147f6ea7fa38a6,2,Da ne govorim za obraza na geroite i tiakhnoto razvitie i izrastvane.,0,0,0,0,0,0
265d63c8d90be6803675fe0aabe9767d,38,They both have characteristics that are separate from their interest in Laurel.,0,0,0,0,0,0
c96bd8307355e800999d8266b57c4ef6,9,"Yes, seriously -- she raised an entire army to kill ONE bland human teenager.",0,0,0,0,0,0
0424564a21fb9d63b8e0fae63b6bf551,23,By the end of Eclipse Bella has chosen Edward and Edward has agreed to make her a vampire.,0,0,0,0,0,0
e3c93807c995f362844019df8f35030f,63,And you certainly can't write a YA without romance.,0,0,0,0,0,0
64ee1abd4be16fa36ab5c0994c9028cb,2,"Diana is annoying and shallow and weak, and somehow also ""the most powerful witch EVAH!""",0,0,0,0,0,0
24b67e1b308769cb8bd46c1ca6a80fd8,1,"Being honest, I have to say I didn't enjoy them as much as I expect I would... :/",0,0,0,0,0,0
97147eb32d62f64293c573ce59b6f534,0,"** spoiler alert ** 
 *furtively gives a review to this book and prepares to scramble about adding updates to her goodreads feed so that esteemed people won't see I even wasted time on this* 
 I didn't even add it to my currently-reading list because of the shame.",0,0,0,0,0,0
18ed73a062fa2eba1026542aab167c80,171,I just couldn't believe that after that she was getting along with Feyre swimmingly.,0,0,0,0,0,0
d97c2d05565a2a65110f6681211eb089,7,"I really love the concept that the author came up with, and I think with some tuning, this world could be amazing.",0,0,0,0,0,0
c56a472db3ea17408a1d23eb706a0ccc,18,This 'tiny' but constant repetitive errors is very distracting and divert my attention from the plot and characters's dialogues.,0,0,0,0,0,0
3f458a3f0ef95aec4818c0d0715a8d09,0,"Wish it was better 
 Boring.",0,0,0,0,0,0
21ea579e3f91566fc64b1b2bb2276302,16,Why not some other sword or some other person?,0,0,0,0,0,0
91c90f527c1d892d3afff2fe5284bd18,9,"One quote to accentuate my feelings about the heroine: 
 ""Crime isn't an accomplishment, Sardothien.""",0,0,0,0,0,0
ada388490bf4967fd2b4e9f823f7a0f6,12,I never got a good impression of who she was.,0,0,0,0,0,0
b249100c9919aa9b5d5c99c6fd08c2c2,2,"Yeah, it's a terrible imitation of the Twilight books.",0,0,0,0,0,0
618904ec781e057124283b1d66603d7c,1,"Eli had suffered, yes, and was somewhat of a guardian angel to Oskar, who had accepted Eli as he was and it wasn't Eli's fault that he was like this...as for survival, he had to do what he did, and avoided making more creatures like him he killed them all.",0,0,0,0,0,0
336f6f9ea5c0b49a6845d2aa728f1f8c,2,"I knew I was in trouble when we get to this gem of a sentence really early on: 
 ""Reading people quickly had become second nature to her, so when she noticed a strange looking couple in their mid-twenties come down the sidewalk, she noticed.""",0,0,0,0,0,0
4f38e52587e9d3a8316ca6ba05bb3fda,48,How can you bash on people with Fates for making bad choices and screwing up their Fates when you don't actually do anything with your life beyond bitching about said humans?,0,0,0,0,0,0
332c6b42f1dc7ab683bcba005df70ca0,5,"And Arden is a fine enough writer, though a bit choppy in parts: 
 Cata wiped her nose on her wrist.",0,0,0,0,0,0
c7309fa76fce63d1fa7e84ef572c8507,24,It was just bewildering to me.,0,0,0,0,0,0
ed604f1077fba375e02d1ecb1f3a2ac5,99,Problem #9: The dialogue is stilted and doesn't feel real.,0,0,0,0,0,0
cf6bf280e96001638c5d459085393855,15,"Well, I'd KIND OF forgive!",0,0,0,0,0,0
d98cc22b50a3537fd1766184aef74b28,0,"Okay, since this is becoming a movie, I thought I'd finally add my review.",0,0,0,0,0,0
62c712c21d3e1c54880f135570408f84,17,"For example, Chrysanthemum stops at a burger joint to pick up some dinner for herself and the two demons she has acquired and the guy working the check out window just happens to be Margaritaman - an active commenter on her blog.",0,0,0,0,0,0
606785e200d358cdaf6200de73a018c4,5,"When it comes to the ""action"" in this novel I strongly disliked the turn the story took.",0,0,0,0,0,0
66622e53a85fcdf04f64385bd60308c7,4,The answer for me is it's worse than I imagined.,0,0,0,0,0,0
62ef1695ebbc3251c1d05fb7f7c72795,12,She destroys her life for people she barely knows.,0,0,0,0,0,0
e2af9b457dbbf2c063453c8055b75f24,1,"I don't know what to say first, I usually start by saying the good aspects of a book but in this one there is none.",0,0,0,0,0,0
58246087d441f8767382ceb61f22a79d,0,"The structure of the novel was a little mish mash, it was difficult to tell which character perspective was being used.",0,0,0,0,0,0
c11c4b16ff8a6503aca83bd0f595cae0,25,I don't even get the big deal about Edward.,0,0,0,0,0,0
8399e4dfc7f959670b01350e7c49b280,0,"** spoiler alert ** 
 Ho iniziato questo libro perche attratta da tutto cio che ha qualche collegamento con Mr Darcy.",0,0,0,0,0,0
05006ec27ad2ea4e973266d9a15bf098,65,I almost want an apology from thorne.,0,0,0,0,0,0
eb38c6259702753e96d2e03b1acb3bd4,2,Narrator framing - why have the book framed around a journal entry?,0,0,0,0,0,0
a44fd66cf0b65ab68294ec8ff3be02cb,9,Once Tarek remembers/dreams about his mother's death and realizes that Micah was there he freaks out.,0,0,0,0,0,0
ec7d2370dc10714b0a2a39091618ce8e,3,"It was a strange read, as I was expecting, but the characters were dull and the plot was annoyingly cliche.",0,0,0,0,0,0
43b6c1067d60d3cb0d5a54d32750b018,40,The characters infuriated me as well.,0,0,0,0,0,0
5564397b08c4562a17a2998766424c3a,6,"At the beginning the emotions of others only invade her mind when she is onstage but now, the only place where she can be safe is in her apartment and only after dulling her senses with booze.",0,0,0,0,0,0
9d6daeab4c63b52c6e192f4f6b916719,1,"Also the back blurb says ""erotic"" and no, just no.",0,0,0,0,0,0
86ea9919d2f7038e46682c2227427ac9,11,Or maybe Juliette is on drgus everyday.,0,0,0,0,0,0
f9d80ff41243e50acba9b870d917e878,14,"I think that if you have the time to write a trilogy, you can fin a couple of days to find a better way to teach us the secrets of the underworld.",0,0,0,0,0,0
df2a87ffe61ff40ec811e801adafe2a0,2,"It was not something I was expecting, not at all.",0,0,0,0,0,0
e3d321689b6fbeea455c9eec68089eef,1,I couldn't find it anywhere so I finally just bought it... and I wish I didn't.,0,0,0,0,0,0
abe621dfa5d444f6a75b1ffcc6040b9e,0,The world and concept had so much potential.,0,0,0,0,0,0
68a03a2568dd3cf2896eba991ce6ab1b,4,"And it sooooo wasn't....For now, I'm calling this a DNF.",0,0,0,0,0,0
185db6232c492141a29a368a03f854f4,10,"She's supposed to be the last wild human, but she doesn't act anything like that.",0,0,0,0,0,0
e34c1c39309efb3964caf8a37998c024,8,"And-WHAT A SURPRISE!-he chooses her among all popular girls, sits next to her and - WHAT A SURPRISE!- it turns out that he is the only person she can't read mind of.",0,0,0,0,0,0
3cc1fe37f986b4a590fb69847e21d0c9,10,"There is some things I liked though, like the fact that the wolves change form according to the temperature, it's an original take on werewolves, and the writing style was okay, but sadly, it wasn't enough to save this book.",0,0,0,0,0,0
58d38965564045d2562399347e4b5903,27,And so handsome and dreamy (though not to me).,0,0,0,0,0,0
9b7fef49a9ec1d86d7b2f3f24c427f98,19,"In these conditions, the traitors' actions actually make more sense than those of the loyal supporters.",0,0,0,0,0,0
b93966017ca9323f8d9b35ac15a48ebb,2,So it all should be very exciting.,0,0,0,0,0,0
5561f74f684bf8854188bb3bb02daf5c,4,The book started off with an adventure story or two but the later stories got bogged down in their own pretentiousness.,0,0,0,0,0,0
7788515e3f3bb8801afc71c43adebaa7,18,The rest of the book was more or less a narrative of Patricia and Laurence pining after each other and Patricia being told that she is too full of herself even though there is no evidence whatsoever that this is the case.,0,0,0,0,0,0
571ae28ef27b0d7c9a5dfd3959ef33e4,16,for some people who obviously didn't love books but thought of them as market value only.,0,0,0,0,0,0
5b49106abccb6928cf33fedd712b8cee,6,"I'm not saying Rin Chupeco is a bad writer, she certainly isn't!",0,0,0,0,0,0
9eb8003a4338d1e37a40637290a2a688,58,This is a sickening reinforcement of rape culture that is neither innovative nor subtle.,0,0,0,0,0,0
1afdca3d8de219626439ec35b9b327a3,6,It seemed like the author was just being lazy.,0,0,0,0,0,0
8df98279b35339f7e63743595567c448,4,"I personally haven't finished it, so the ending may or may not be good, I really don't know.",0,0,0,0,0,0
3dcd5a1df7bb5e98496c6a02b51c6706,10,"Claire's relationship with Shane continues (without developing), Claire keeps studying the vampire disease, Eve's brother Jason hangs around and is creepy.",0,0,0,0,0,0
f20dfa7b4fc230eb6784e15b335b7ba5,11,"I'm not sure how well he actually knows her, on a personal level.",0,0,0,0,0,0
dc39f6f70c2939aa9f59a94d477272c1,0,What the hell did I just read...?,0,0,0,0,0,0
de2d5a0f22d30643ebe467c6fe5b6f53,0,"A story about a fairy working in law enforcement, aspiring to be a ""writer"".",0,0,0,0,0,0
4b8ad0d3c05308d9a4ed0590f6754610,1,"Yet everything about the book, from plot to characterisation irked me and I actually went to bed scrambling for a favourite book of mine to erase the sour taste in my mouth.",0,0,0,0,0,0
730075a5f4ccc928c00181e484658408,11,"Just a girl, stuck in her room, with no real friends, and a terrible job.",0,0,0,0,0,0
33644183eeb6b5f428fd10a5e49668bb,10,"I really thought I'd enjoy this one, but you know.",0,0,0,0,0,0
146e37cbe268d21e6b02070d44b44e57,3,2) It should strike a balance between giving new background information to the reader and making sure that newcomers to the series should have a general understanding of what is going on/what makes the universe ticks.,0,0,0,0,0,0
d91da612e494f8f9f1b156ce572aa2d5,1,It just didn't grip me in the way that i hoped.,0,0,0,0,0,0
1d70f6f3f471d3c8d6c820041feaf3e4,3,Who would have thought it?,0,0,0,0,0,0
a4cdf3b1f81d1b8f95770c8078f6f7d7,3,"Examples of her twatwaffle-ness: 
 1st meeting with Blake 
 ""You need help finding your locker?""",0,0,0,0,0,0
1bb59de288a2b9652c3b92526cada1df,1,"The Sookie Stackhouse series (inspiration for the HBO series True Blood) has had 13 novels, close to 20 short stories, and a companion guide already.",0,0,0,0,0,0
338baf80f0457c3a7e7594c57001c881,3,Spoilers ahead and I'm on mobile so that's all I can give you warning and sorry.,0,0,0,0,0,0
0fe36ba6912b913e77305a0df6ba742f,0,I really couldn't get into this book.,0,0,0,0,0,0
74ef172808541698e4093c64ec1223e8,7,"It is a massive book (495 pages) and there may have been some gems further in, but I think this book should have been MUCH slimmer so that readers don't have to waste time wading through C and D level material first.",0,0,0,0,0,0
fcaf002485d5dc681ff3cd1c75be6a8e,21,Avery also was way too trusting.,0,0,0,0,0,0
ee7908f336ea5799a415fa697a643d9f,4,"Fortunately Drake has changed her vampire rules a little from the first book in order to make this villain vanquishable, otherwise this might not have turned out so well.",0,0,0,0,0,0
53dc585dca41a3cd1eb60124a2a46a5c,5,There were like 8+ of them and that only made the book more confusing and complicated than anything else.,0,0,0,0,0,0
0dce926656197a9e0581dcdd6638ac2c,47,"In fact, he just starts banging another chick, Dorcas, a homeless hottie.",0,0,0,0,0,0
6da2ff91717e81d8cc2d86c31a0a8002,8,I heard the second book is better but I will not be checking it out anytime soon because I have to recover from reading this.,0,0,0,0,0,0
569f6fb0abd0b72a72e52d2fb2b29d21,4,"I've decided to not read the rest of the iconic series even though I am really curious to know what happens to the Stark family, Tyrion, and the Black Brothers keeping out the ""cold ones"" of the North.",0,0,0,0,0,0
86cf58cd90ada118c60c4227f5736868,7,"He collects teeth, so she goes out to get them.",0,0,0,0,0,0
2f65945fda3bae2227466466f03c5b35,64,"Yet, despite all her overwrought theatrics, Adrian advocates independence from the Chantry.",0,0,0,0,0,0
502189d3b5deca2cfc2ad30b957ff9d8,0,What happens when your fantasy comes to life?,0,0,0,0,0,0
43174e491a0c6d96ce386546105f74e2,6,But i'm still going to continue the series!,0,0,0,0,0,0
6ebc0f328a3e9554a197c060afb4863f,6,"What follows is a typical boys meets girl, boy gets girl, boy breaks a curse upon the girl story.",0,0,0,0,0,0
a095040e760408fe6b9b22500890d3a5,10,"With phrases like ""whilst still at University"" I am certain that the author is British, writing about American characters in Arizona.",0,0,0,0,0,0
bc00b1e27b55e294fad96d034e647b39,16,She's also not nearly interested enough in saving her life.,0,0,0,0,0,0
c899fa3cffc1a053b600ec84ec0cf2c9,8,"The villain of the story is a sadist (and no reason was given for why), and is also transgendered.",0,0,0,0,0,0
d6f4ce116f62a2ba5805d71f4b8452fa,1,"Fallen angels and angsty teen urban fantasy, what's not to love?",0,0,0,0,0,0
ad2904dfabc0816a2d82f019dabfa16b,7,"Don't get me wrong, Maggie's writing is beautiful.",0,0,0,0,0,0
6489ac663e3edf19d6d83e9aafa94e7a,1,The reason I read it was honestly because I'd gotten tons of recommendations for it.,0,0,0,0,0,0
4298e527f4859c5938603cd922115cb1,1,"One of the things I really enjoyed about it was that for me, it was as if the ook had a sound track, because Ikow most of the Irish tunes that keep getting mentioned and played by the main character throughout the book.",0,0,0,0,0,0
4df3bb5846b212cc0d19230d4740a367,18,It didn't help that I kept mentally replacing 'Katsa' with 'Katniss'.,0,0,0,0,0,0
0c906a506fe85b1b89a2d32871fdc0e7,7,"The book is shallow, but I've never heard or read anything like this and I think that's what keeps me going.",0,0,0,0,0,0
3c6f5f74d91e624dd60c4822afa9f2c9,17,Review is also posted here: http://writergrrlreads.blogspot.ca/20...,0,0,0,0,0,0
ee97cdc5afdf651f0573a482404a6141,17,Just doesn't think them through.,0,0,0,0,0,0
18ab0f3d52f3a5b1aad1e4c0abf5c266,35,They pause to chat with enemies and each other.,0,0,0,0,0,0
4a18e4d7e12bd85f20d0eaada310e211,5,The simple idea of the contrast was fabulous and I couldn't wait.,0,0,0,0,0,0
82d3ee4107d63ab91262931c192d0e47,32,Honestly what even was the point of him?,0,0,0,0,0,0
421227ed4ac1d3f56a5336b807c870e1,0,"Set in 1658, Surrey, England, the story blends actual history with fantasy.",0,0,0,0,0,0
fb1b7053cfc1c9b198139e698280f61d,6,I was expecting more action and more battles.,0,0,0,0,0,0
2a626e676cfcff9d0ab4c08b3ee63f3b,4,The one part where it got exciting was their first exploration of the forest when fish started to change colour under will and visions in the tree.,0,0,0,0,0,0
b6f34dedebd2182f19702294d2b93a40,19,I'm a bad fantasy reader.,0,0,0,0,0,0
e948976a5cc53941e6495a88a632330f,18,"But lets not forget that she doesn't tell them the town in swaming with a family of hunters, that she's in love with one, and oh Cassian has found their hiding spot and wants her to return to the pride with him.",0,0,0,0,0,0
f7d28440fe93d9a64777b991cd210c7f,38,sorry... again a lot of potential just not quite reaching full out awesome status.,0,0,0,0,0,0
4b2825e43b3b50bba3549a4ec03f8490,3,And some super powers thrown in for affect.,0,0,0,0,0,0
f0c613cbbd502617f9a0f0a24db5bcf0,3,"It was anti-climactic in many ways, but the richness of the writing and the lush landscape, for me, save it from being a ""one star"" book.",0,0,0,0,0,0
747342597333703e7771aad6f45b623d,14,"She has a Disney picture book and likes to point to the pig (we flip to all of the pig-pages, the whole story revolves around Hen Wen) and says, ""Piiiiiih!""",0,0,0,0,0,0
543e3a60d1a27d548488f1625330ce91,1,Twilight knock-off that just didn't reach potential,0,0,0,0,0,0
ba2512dbbacf803cfc7bd7b3670bf921,23,"I find it highly unlikely that Green utilized an editor for this book, and she should have.",0,0,0,0,0,0
1618e2ea59f1a69ee0f6d808f5a77e49,15,All good things must end.,0,0,0,0,0,0
b18eb5706fa4e21f6101c181af93c611,9,"Don't let my cynicism fool you, this book is well written despite the shallow content.",0,0,0,0,0,0
aef06c26c42bc986cac9ebc9b753bbb5,5,It's gotten to the point where I simply can't read another crack-crack-crack without rolling my eyes.,0,0,0,0,0,0
1fc52ebc700a87d92c09cab313ea4555,12,"My niece liked this book and the back of the cover didn't sound too bad, so why not.",0,0,0,0,0,0
b6bf71f5ee22e2eae7899507e6dfd135,1,The story was kinda dragging and reallllllly slow...,0,0,0,0,0,0
dbcbb46eca0ebd5c11cfd94e6a7d6d5f,7,I wasn't sure what to think of Adrian.,0,0,0,0,0,0
2d6c848a20a44f2b29382ab73984997c,2,It just feels like the author is trying to hard at times.,0,0,0,0,0,0
1dd694c7f83a83fe458df96ee0ee19e6,4,The whole series was entertaining but had so many flaws I wouldn't recommend.,0,0,0,0,0,0
e91087847732b1aab93d9bfb99219e4b,3,Just didn't really pull me in or make me excited to keep reading.,0,0,0,0,0,0
2baaf598344d0058301a7f2c3fdc8715,1,Then I'm slightly confused by the fact that Jack became a lesbian.,0,0,0,0,0,0
543f5dc029fb59392c6a5949ecca071d,10,"But I don't care, I don't like any of the protagonists and I am bored.",0,0,0,0,0,0
0f9ed6c2fbb56c9b632724a49d5e9e66,20,The moment we finally get back to the story (after the long past revelation)--BAM!--it stops.,0,0,0,0,0,0
a96e9bccd2c9f6f2c8db33cd5608a1a2,2,"There are some very cold scenes of both rape and incest, and Anthony's treatment was to portray the scenes from the character's mindset of detached maliciousness.",0,0,0,0,0,0
fd5d85b9f0264aeb00ec373bb1c96dac,8,"The entire premise for the plot was terrible: if Marat & Agad can't figure out why the defences at Blackwell Keep are shaky, then why didn't they go ask the 'Fair Folk' and the Somber Knight?",0,0,0,0,0,0
028b1475abde2c3e4f681afc446bae41,2,"If you're in the same boat, I'd advise skipping this book.",0,0,0,0,0,0
79f6da351fdd59c4a977fbf2987dbc3a,8,"I'd give this book a 1 or 1.5 out of 5 stars for adult readers, and recommend it to children only",0,0,0,0,0,0
4ea15954eac25785199c6b9a3dfa10b7,7,"I started out intrigued by the whole ghost girl character, Lucy.",0,0,0,0,0,0
6173c7714d5348c817410e2cce60c499,12,"They run into trouble along the way, of course, killing enemies here and there along their way but also meeting and making curious friends and allies.",0,0,0,0,0,0
6a6f8dde4bf0af5a234e4c86ff80b81c,2,"The dialogue seemed very ""adult trying to write what the kids are saying these days"" and sounded inauthentic to me.",0,0,0,0,0,0
5969552f69a20069d6fa7d468ce0dd7a,1,"I finally decided to try this one yesterday out of mild curiosity, and I quite enjoyed it.",0,0,0,0,0,0
07665a0f97963d49d09e0e7c4b3deb6b,0,"As this is a series of short stories, I found my enjoyment of each chapter varied a lot.",0,0,0,0,0,0
814ca63aeb6746f1a39c606724d3c104,40,"If you don't get what I'm talking about, here is my lovely demonstration.",0,0,0,0,0,0
c373ddaae85bdfe6ae59403b94b1ee8f,2,"Unfortunately, this is not up to scratch when compared to her Sookie Stackhouse series.",0,0,0,0,0,0
f5d5d04e09b65846ae7c7acee445ec4b,11,"Arista, Royce, and Hadrian then head out to meet with the leader of the rebel forces to strike a deal for Melengar.",0,0,0,0,0,0
4893d36d806d2e34f13ab1cca296eaa3,41,"That is correct dear reader, during fifty percent of this book, there is absolutely no progress made in their relationship whatsoever.",0,0,0,0,0,0
316e899039ed9111a842ab550df6bd25,1,"Me han gustado algunas cosas pero por lo general, no me ha parecido para nada una buena forma de terminar la saga.",0,0,0,0,0,0
c9a5880a481e1ad39f4cda22956b5d0b,24,"Not that I blame her, but since these lines about saving her sister are repeated so often, it seems odd that she makes such contradicting actions.",0,0,0,0,0,0
af56b273e9a689fbe27ac79605dc6768,15,If we had more time to get to know the characters I may have really liked this book but I all seemed a bit rushed!,0,0,0,0,0,0
8744df23057cb59541a29c4a42adb2ae,3,"What really makes me dislike it is the really overdone societal tropes of good and bad/ light and dark, that casual sex is a bad thing and including religion for no real use to the story.",0,0,0,0,0,0
cd221ecb5a7d6f55005750b0e3031857,28,Speaking of publishers and series.,0,0,0,0,0,0
edc32bf1fa06f27914698882f5b773fc,0,This was pretty much a let down.,0,0,0,0,0,0
455db4da7cdb3cd959a63ec3906e1822,6,Before I say this I realize this entire series is a whole set of unanswered questions...it's fantasy.,0,0,0,0,0,0
6f064a9a51adb1edcd88d18fd41aae05,28,"And yes, it does go exactly as you think it will.",0,0,0,0,0,0
7462731756f36ba4994a5a46c0cd6ac1,19,"I wish I had better things to say, but I don't.",0,0,0,0,0,0
54881ad31fce1df2dc1d157466d10117,4,"Adequate, entertaining, but nothing really memorable or remarkable.",0,0,0,0,0,0
5707370573c492550c3f66eb52366a8f,5,I don't even know what this book is about.,0,0,0,0,0,0
d2227b3cbe862495e22cb877b4e48fa1,3,"God knows, it has all the hype in the world, and how could anyone not love the idea of a futuristic retelling of Cinderella with cyborgs and androids?",0,0,0,0,0,0
b33b6988b423d6ce664da6096eca774b,1,"However, the further I went the more things came up I've already read in other stories.",0,0,0,0,0,0
f852a34656722b4baa41275bfcc60add,3,Lily is a pretty standard little girl protagonist.,0,0,0,0,0,0
058838c1abe6bf9ac3c9da31851dd110,25,No more Dark Hunters for me.,0,0,0,0,0,0
887a2fa34bf67ec3a0994e4dbc8edd06,5,"It absolutely blows my mind how much I care about these characters because of how well written they are, but then the book itself have no plot development or character ambition at all.",0,0,0,0,0,0
10b704b61eb85fddc6446e696f39a2fc,10,You can see where this is going.,0,0,0,0,0,0
1d66db62dda585d9af4ef3465683b1a6,1,"Passenger is a time-travel romance, and so far, I haven't had good luck with them.",0,0,0,0,0,0
b7a55a8535516327aa7a76da44ca913c,10,In the book Keys to the Repository it clearly states that after 3 days of searching Bliss had followed clues that she'd found in the WOODS that lead her to the butchers.,0,0,0,0,0,0
08228ee0f2bf746d1e0d1d1a24b59db1,3,"The blurb states that this is a reworked and expanded short story: while that may be true in length, the integral elements that created the world, made characters believable and built the tension into moments that drew me in and wanted a solution were missing, sadly.",0,0,0,0,0,0
0bb4fc3d6432eef5e289041bb3164949,0,It gets like a 2.5.,0,0,0,0,0,0
214b0a38a7df9942628b50c66e7f1301,5,"This was, however, the only reason why I was able to read it all the way through and not give up.",0,0,0,0,0,0
07490310a2523ebf6fc300ce2fdab1de,2,"I like urban fantasy, fantasy in general and I have been reading books since I was very young but I didn't get these at all.",0,0,0,0,0,0
cd60457230ca980905ab28d4af351410,2,"It was boring to me, dragging on about things I didn't care about and people I didn't care to follow from VA. Sydney herself was boring and honestly I really didn't care if she survived the book or not.",0,0,0,0,0,0
9f85b0bf8f0bbd58a0051f60bbd68e57,6,"It all comes down to powerplay but in a Grisha Universe, much much more could've been done.",0,0,0,0,0,0
93486f0324908cc19c40b2c113f88497,9,I'm hoping that any future books in this series will take place back in the states and that Briggs can bring the story back around.,0,0,0,0,0,0
983436aec2cf04a4bdbb5f8e83445ff5,7,"But, I am sometimes overly harsh with female characters so take that comment with a grain of salt.",0,0,0,0,0,0
76c016cdfdffac7f0e5910ffa85fe29f,1,I'm so glad high school is over.,0,0,0,0,0,0
183260d56a90fa4e6ca2f8688a31b941,43,"But when the series is plotted out to be at least nine novellas, I expect a little more to happen that will let me know what the grander plot of the series is.",0,0,0,0,0,0
5b75e89e40e628de841a13605e9a0a6c,10,The novel lacks character and plot development.,0,0,0,0,0,0
24814321ffef84b7223b3f6ea144f2bc,3,"It's slightly interesting to see the elements of today's literature that were around as early as anglo-saxon times, but other than that this is a pretty unspectacular and irrelevant tale that nobody should feel particularly guilty to have missed.",0,0,0,0,0,0
2ff01788d087676dc6be19a045b693c5,2,The side characters do hold some importance to the plot in several places but none of them were really described enough or developed enough to really get the full force impact they should have had.,0,0,0,0,0,0
bbeefcd10b838bea6d02e709606893cf,6,"And oh man, that side character info dump for the last 100 pages, ""Really?",0,0,0,0,0,0
b24737f8a96799857f84b34baf4ae5be,22,"I tried again with Gregory Maguire and again, this wasn't my cup of tea.",0,0,0,0,0,0
6b28af420fe389195341b2928edd758f,13,Make me so pissed off.,0,0,0,0,0,0
4591a2cc4c069303ad5d46933855c0a9,4,Owen is a snow god who responds to the plea from her husbands dead spirit to make her happy again.,0,0,0,0,0,0
5f1dbedd21e090bd2c6b3b8783971497,6,The big reveal at the end felt like a let down.,0,0,0,0,0,0
fa97522031f64ee89dc4f7840ebfe5be,9,"All a lovely story if that's your thing, but it isn't mine.",0,0,0,0,0,0
c55b82e00d4080af1f30a9b6c48418bb,21,"It's a time-travel story, focused on the effects of what happens if some events in the stories, particularly book four, are changed.",0,0,0,0,0,0
421917a314cd1b1003b89f095e0aa70d,1,":/ 
 Do NOT read this book.",0,0,0,0,0,0
113fcc573e10a4e7a3a49c770d9edc41,7,The police all hate and fear the elite paranormal detectives?,0,0,0,0,0,0
cf6172b8d90033974197d57326876ead,1,A request that said the book must have - A girl who saves the world and vampires.,0,0,0,0,0,0
7ceaee5cf8e03dd0f1d857a7c606e27f,0,This one was kind of a let down for me.,0,0,0,0,0,0
21c35864a3af4ecd552870be09d332d6,1,"Characters are so bland it hurts, they're so in love it hurts even more and they are all so sexy and gorgeous that it's ridiculous.. 
 How this got such a high rating on this site is beyond me..",0,0,0,0,0,0
08f015c24911e19a7e286878e1eb1cc5,3,This picks up the action right where the second book ended.,0,0,0,0,0,0
f48fe3420f914e63603072a20174ff94,2,Which makes me really sad because I LOVED the first book.,0,0,0,0,0,0
7d6c3729d58d112b9dbdb4b964e32e60,1,I was so excited on reading this because it was a different genre to what I usually read.,0,0,0,0,0,0
fe5888e6a4790b1dfa7d7c005f6c936e,3,"There are many examples in this book, add to that mutterings like ""her secret garden"" and ""womanly essence,"" and it just wasn't for me.",0,0,0,0,0,0
665e02882485af9622dd4d45a0c6072b,17,Until Althea's father's death the pacing was fine then after that incident it all went to pot for a few hundred pages with nothing much happening and the plot going round in circles until it randomly jumped to Althea having been on a ship for a few months.,0,0,0,0,0,0
0f471adebab59dc86baad663d14ea47e,11,And 2 side chars: the King and the current prime minister Tibe.,0,0,0,0,0,0
f4653e9e899a38ee03d244f2f313685b,0,"I enjoyed this more than the last book, but I just don't really know where the series is going.",0,0,0,0,0,0
463cdb2722f96ddfb0e358c0f86b128c,7,But then it turned out that the story was one I'd already listened to in the audiobook version of his collection The Elephant Vanishes.,0,0,0,0,0,0
fd4d21e42f848ec2c67a7dfd762862f2,3,"Oh well, just one book left.",0,0,0,0,0,0
54a1fd3e73b0b0c2f79b81235495e4aa,7,He was too 'I used to be a hero' and at the end he was just cruel.,0,0,0,0,0,0
c5c99e5af62fb045c685b32d97c52b7d,15,When she is performing magic she demands to be called Mistress Lillith by solitary follower Chad.,0,0,0,0,0,0
f9307c7050f8f33396c0fac697bec252,41,"I'll go in with fewer expectations, maybe, but I do believe the magic can be recaptured.",0,0,0,0,0,0
6bf6946f980c4dd135182d574ccd7a7e,16,He is utterly and unbelievably unflappable.,0,0,0,0,0,0
1d7aa0427e05b709ddf68a05ea6132f6,24,Her mums lapses into a coma and in order to save her mum she basically sells her souls to the Princes of Hell for all eternity and must choose one of the princes to marry and become Queen of Hell.,0,0,0,0,0,0
465f6f1c065f8eefb8ed4d77216de66a,34,"Sometimes the first book in a series, especially of a genre as different as this one, can take a book or two to establish itself.",0,0,0,0,0,0
dd5e749c0ebd663123a73d986423e9f7,0,I came into this book knowing it's going to continue with the same formula as the previous two books.,0,0,0,0,0,0
ddfb3b035b64a27ffebb3e576d3c4740,1,I was so done with this series when I read that and to make matters worse it wasn't a glorious death; it was so disappointing.,0,0,0,0,0,0
187c10451f0c46ed1220ea851eddb74b,3,"- Protagonist doesn't know anything that is happening, hides from everyone the weird dreams and how she is super strong.",0,0,0,0,0,0
b541f8a1952d76dca7395c8f2c557ef2,23,Most of the stuff she should have put together.,0,0,0,0,0,0
6bee7913837848b30c8f74c539cd420d,20,Lily is a rebellious girl who wears weird clothes and doesn't mind that her boyfriend has killed people in the past.,0,0,0,0,0,0
b90a2d8d5eb4ed2baf96524ba97b28dd,24,"On the plus side - Milo, Ezra and Mae were interesting supporting characters, and I thought the story was better when they were in the room.",0,0,0,0,0,0
b9a9174cfbcd5470bb447769cf5c02c4,3,"Also, i didn't identify with the main character in the book the same way i identified with Will Smith.",0,0,0,0,0,0
d10077c04bc71e6c7638c8f38f83da1d,14,Characters and world building were flat.,0,0,0,0,0,0
799794484d0303c8fea65abc8b29a910,3,"After seeing the movie... Oh boy, that was fun!",0,0,0,0,0,0
febce93b1c9aba04ddeb20ecbed21fc8,3,I'm not sure he knows quite what.,0,0,0,0,0,0
7f16d0c29e037ad63399b49338b1afd4,32,The text was littered with words that didn't quite fit; as if spell check was allowed to auto-correct the entire novel.,0,0,0,0,0,0
edd9ff70a43ac0d768ed581cab027bc7,5,The author can't help but stick in comments like a town is massacred in the name of religion after saying that it wasn't a religion it was a con.,0,0,0,0,0,0
ab39151a534f7247d880a1dd760406fd,23,Maybe Prince Pascal should be the one to reconsider to avoid war?,0,0,0,0,0,0
f3618bb9094582d3bd1d86fb17f5e989,11,It took me from the beginning of October or thereabouts to almost mid-December to read it.,0,0,0,0,0,0
0d47bf142aaa487c859e33a1f66f959b,13,"No, she calls her best friend Kat.",0,0,0,0,0,0
e4618c549fc272a070bd82e5d96aa3eb,15,"I found the romance scenes plain boring, though I think that they did at least fit into the story a bit.",0,0,0,0,0,0
d6120b390ac6a6a00bac015bee9ac2fc,0,"Actual rating: 2.5 stars 
 I wanted to love this one, but I couldn't shake the similarities to other YA dystopias (especially Red Rising).",0,0,0,0,0,0
ba0b966aa9e0ac06148de65a1b7b0b93,54,Freddie actually ends up cheating on her.,0,0,0,0,0,0
1ddfef7513d5a12a3122a549147fe144,0,I was really excited when I was able to obtain an ARC of this title from netgalley.,0,0,0,0,0,0
a9f8a2cf4b3f0c4743e3e1d893381a1a,25,"It went from quiet, little town to secret agents and a possible kidnapping and murder - and then it ended.",0,0,0,0,0,0
641fd8790993a9bccb1c24f1cef5367d,20,How can someone write a character like this for the young adult crowd?,0,0,0,0,0,0
d5d68b155daa1b10f6cb95c844618afc,16,"Of course, it is possible that my failure to connect with her writing is some personal preference versus an actual lack of writing ability on her part.",0,0,0,0,0,0
89d022ab4511af13b97fbdafdddc0813,6,Why was Rose such a spoiled bitch?,0,0,0,0,0,0
3fccbf66864981a6df006b169ce3ad88,6,I still don't know how to feel or even close read this.,0,0,0,0,0,0
22cb0d751928d46dec2bc3a3f57f8f1c,22,"here's the lovely matthew having a testosterone pissing contest with diana's ""best friend"" (he's called that but they don't have much contact): ""Based on the profanity that's come out of your mouth in the past twenty-four hours, I can only conclude that you think of Diana as one of the guys...She's not.",0,0,0,0,0,0
b8f3e2d594f9ab78bfb0e79e8f4c9dff,17,Mean Girls: What is it with the whole Heathers mentality everyone had toward Valerius?,0,0,0,0,0,0
cdf5908c19f7e7f64ea6e9c2c1d4b388,11,"Well, Paige now has a trainer/master who is supposed to teach her how to use her full ability and become a ""Red Coat"" to fight against the Emins.",0,0,0,0,0,0
e4417ed1cff112ea0247fa4cad65bf22,0,"** spoiler alert ** 
 The more I think about it, the more peevish I feel about the treatment of the female protagonist in this book.",0,0,0,0,0,0
b9df2d980e0a5bb19da9beb30984d2f2,2,There were lots of places where the author could have went into more detail within the sentence.,0,0,0,0,0,0
45a8f64100bb733a6c1bf32b63cb35da,8,"Worth the read, especially if you like atmospheric novels set in Victorian England.",0,0,0,0,0,0
5f3d81ad98cb130c20a15388f6b7ad5a,28,"There are a lot of positive reviews for 
 Between the Devil and the Deep Blue Sea 
 , and I recommend that you check some of them out.",0,0,0,0,0,0
a08118bce1249dc79cacaacca717592d,2,"Je crois que je n'ai rien d'autre a dire, ni sur l'ambiance, ni sur l'immersion, ni sur les personnages ( mention speciale a Julian quand meme, mais parce qu'au fond, je suis une midinette en puissance) 
 Lis le si ca te fait envie, au moins pour te faire ta propre opinion et aiguiser ton esprit critique.",0,0,0,0,0,0
0442ef2a73941e7d673b48253561a488,0,"I was very excited about this book for several reasons: 
 - I absolutely loved the cover 
 - I absolutely loved the premise of the main character 
 - I absolutely loved the fact that angels were not your typical cookie cutter characters and actually were actually front and center of the main character's torment.",0,0,0,0,0,0
a7261b3897521e1081fdabf30f3ed867,5,Make a bee-line for half-way through Knife of Dreams (the next book).,0,0,0,0,0,0
1b7a822d8afa1913556dcc5444cb2e74,8,"Third issue.... the sex.... again rushed, it got confusing at times about what Nate was doing.",0,0,0,0,0,0
7cbfa1722a2b2420ba431067e9f89ff9,8,I hope that wasn't de la Cruz's intention but that is how it ended up coming across.,0,0,0,0,0,0
9d3a3611601457b8b5d14f4e61b04410,1,Probably not; not going to lie it probably would have gotten a 1 star but for some strange reason I was able to finish the book and it ended a reading dry spell for me.,0,0,0,0,0,0
32733271980c9e17b374f3f43ea00497,23,"As I went through this in audiobook form, I must comment on the narrator.",0,0,0,0,0,0
2c5ba32f14486b871957071ed82750d9,1,I blame twilight for making it okay to date a super older guy cause they re young at heart or whatever.,0,0,0,0,0,0
d0af61afc79e8337b18f1b33ad68ecb0,21,"I either hated or disliked every single character, with the majority of my loathing directed towards the main character and her incomprehensible stupidity: Tana Bach.",0,0,0,0,0,0
62d4821aaf02f822d5174e69663626ec,3,"The book also ended with unanswered questions, which will probably be answered in Clare's new series The Dark Artifices and it just didn't grip me.",0,0,0,0,0,0
ce239b041ad244b6960b48a88f3d046b,16,Which brings me to the other side.,0,0,0,0,0,0
e622f7e925d9ca4349d2d015657ba43f,11,"Bottom line: read it for the sex and don't think too hard about anything, and you'll be fine.",0,0,0,0,0,0
eaf001ac951381877a9be7e3e501192c,20,- I wasn't sure if I was supposed to like Sophelia's mother or not because I actually agreed with the militia man.,0,0,0,0,0,0
12ff2a69a12b650e8fae09b96811f196,25,"I may read the second book yet, because first books in a long series sometimes have trouble to get the plot going.",0,0,0,0,0,0
79b9e3dccc443acb210f6e597ddb32fd,2,Brooks starts off in his foreword by saying he actually prefers the old adventure novels a la Robert Louis Stevenson but was too lazy to do research.,0,0,0,0,0,0
33797ea7c1b5e310725c88abc4f5e6dc,13,Perhaps this could have succeeded as something for a younger audience.,0,0,0,0,0,0
112bd1e893ec216a8714b446b8450f8d,12,- The predictability of the whole Lucian thing.,0,0,0,0,0,0
3fce04694461a269eeff67a69301cdf2,23,A book like this just needed editing to be more bearable.,0,0,0,0,0,0
895557848612efcdb8f5786647e05e41,10,"Then when we meet Sarina, Kat (one of the other dancers in her hip hop troupe) hates her because Kat's boyfriend thinks Sarina is attractive.",0,0,0,0,0,0
4ef130935d4e8c5acae8153cb38e9a2e,8,Really sounded like a re-telling with a fresh concept.,0,0,0,0,0,0
5102b4e6b993776a50bb6aef5051065f,0,"I don't know what I was expecting, really, from a YA book.",0,0,0,0,0,0
5c09c928eeb05d335d078652fd48ed17,31,Worse of all this thread really really stunk of a forced feeding to romance junkies.,0,0,0,0,0,0
4ee70ba54b56aa863be41262a2bb4086,8,"I really wanted to like it, and I felt like the world was a good place.",0,0,0,0,0,0
803900a6e6706124edea9dbca40725ea,2,"I admit to having squee-worthy feelings over the ""Twilight"" books - kind of like a twelve year old, and I truly wanted to love this book, but it just fell flat.",0,0,0,0,0,0
b43923588e13ec36b500dfbf1df450c1,28,"I can buy mages shaping things... except later we find out that: 
 -- There are, on average, only a couple green to indigo mages born per generation, plus the Royal Family.",0,0,0,0,0,0
3e8a75436d687baaf5d92bdf6da805a8,2,"Flagg is the man in black, the evil magician who's been around for ever, changing faces and involving himself in the running of the kingdom of Delain for generations.",0,0,0,0,0,0
6eb1f20c776c19b33c91d3bb8cf22434,19,I foud Bouda's first chapter interesting as well.,0,0,0,0,0,0
83c06bba178d64dd6e3f377766d9aa88,0,"DNF 35% 
 Yes, you can understand the book without the prequels but I really don't recommend it.",0,0,0,0,0,0
169bf43eeaefbfada790af56f36be93b,20,"I think some of his evasive moments are suppose to be funny, but they are far from it.",0,0,0,0,0,0
f7e42fbf643b3641f88a03049536c0d1,9,"WAITAMINUTE I'M NOT FINISHED 
 Whoever edited this didn't do a good job.",0,0,0,0,0,0
d0b786a8d970fa9d6c21cea23eab9fc7,12,"Here's the kick- I don't mean intimate sexually, I mean intimate with her feelings and with how close she is to them.",0,0,0,0,0,0
dbd0d7a840ef61d8ca26588ab3dd3776,3,"This one falls into the it's not you, it's me category, recommended, just not for me.",0,0,0,0,0,0
2e057c1da7fef34c7da8608d57bba1b8,1,"however minimal character development snd a rushed feeling made this book fall into creepy stalker section, not aww so sweet romance section.",0,0,0,0,0,0
841b0fd460759c8628110658e3111bab,26,I GOT KIDNAPPED BY MASS MURDERS!,0,0,0,0,0,0
f16b3c2c1cfa074017aaedc132d061a9,1,In love with Richelle Mead's VA and Geogie's world?,0,0,0,0,0,0
133cdc5c127a4858398e925c17f3fae2,15,WOCOP is funded by vampires.,0,0,0,0,0,0
0c468db8b9647689f64bff7ed16505f1,1,"The introduction was overly scholarly in its attempt to explain and define what the editor considers a new genre, or perhaps a sub-genre where science fiction, fantasy, and horror intersect with a post-cyberpunk sensibility.",0,0,0,0,0,0
15258202514a372e91ab875bf29a4b64,96,The major one being that he sends unconscious and dying Holland to Black London with the black stone in order to get rid of it.,0,0,0,0,0,0
49de5d51fca6ca1f4b883bcb33d85bdc,26,I have no idea what's motivating IT to create communist robots.,0,0,0,0,0,0
5fc4d868bf1ec397cbf468d604c9b139,72,"Iba a poner mas ejemplos, pero siento que abuso de mi derecho como lectora y ademas hay cosas muy especificas como para andar resumiendolas a todas.",0,0,0,0,0,0
e61ee3a898fc33ee36ede49a3439aa0c,1,This is the 4th female to be held against her will!,0,0,0,0,0,0
89a1980912cbd8cfca6b0fe7db2e718f,23,I also wouldn't have minded a little more exposition and a few more reminders of the events from the previous books.,0,0,0,0,0,0
68e71fc27e8be8b9a2845de1a7f145b7,7,"Especially when she is the one that stupidly goes out alone at night with no protection, no surprise she gets stabbed, with that she still pushes her mom away.",0,0,0,0,0,0
524d9d5e3e4f67ddd696dbffcbd00a36,14,"I would suggest a friend to pick it up, but it definitely wouldn't be something I'm screaming about from the rooftops.",0,0,0,0,0,0
2dd09ed1d9cd53f82dfdb009574de64e,6,Liora has no idea what Lucky does and vice versa.,0,0,0,0,0,0
d0b786a8d970fa9d6c21cea23eab9fc7,2,There were so many plot holes and confusing moments that I am surprised I even finished it.,0,0,0,0,0,0
3f74466c2e9e6c7dbccb540d7d250d51,36,"Towel-clad, he finesses his way into custom tailor outfits by acting aristocratic p222.",0,0,0,0,0,0
5465ac45e0f7acd3268faa73e4dde924,13,"It is just a typical fantasy story with typical fantasy elements, and it needed the happy ending we all hoped it would have to leave a favorable impression of the series in my heart.",0,0,0,0,0,0
06fd0800c73e747f2747efcf896110e7,8,Instead of becoming part of the story it just felt like Mars became the setting because it was cool and exciting.,0,0,0,0,0,0
52ed75899e6d623989d1cae491c21a70,9,But it's definitely a shaky debut novel.,0,0,0,0,0,0
35f3b6aaa3af0dbfbe07678bc940e09e,0,I tried to like this book.,0,0,0,0,0,0
771ce5697154de9cc3b3978d4cb3b0f0,21,"When Derek, the guy Jessie is kinda sorta dating, turns out to be a homicidal psychic vampire (an homage to L.J.",0,0,0,0,0,0
ee3d7d2187e8bf1ad95a2b7e96d03166,7,"It was almost too idealized, and it didn't fit into the story well.",0,0,0,0,0,0
c7dc92ab1ec02570d0e5a6a3d8eb6637,3,"Also, this is the least fun vampire book ever written with possible exception of Dracula.",0,0,0,0,0,0
dd7bb458e75cbf673fe35631d5e3517c,7,"I don't know precisely what it was, I just couldn't really get a feel for their relationship.",0,0,0,0,0,0
0547445f6fadcd8296546779f8c19d14,3,"However, I believe a lot of people will love the story.",0,0,0,0,0,0
a95ceea0c554735297e1b34418b4c282,1,"-That time when Cal yells at Mare for being a crazy, rude, self-centered little twit for killing people and thinking that she's all high and mighty.",0,0,0,0,0,0
b4e0ec0f504272c335b4a3ce84421438,2,Or do I sound like I'm messed up?,0,0,0,0,0,0
d6317566d442c5300522e144c4fc65fa,3,"I actually stopped reading with about 40 pages to go, because I was sick of pretending to enjoy it and I knew I wasn't going to miss anything.",0,0,0,0,0,0
8d6d296a302993277bdafc1f865d2c55,15,"When a character in this story is asked how something works the answer is almost always ""I don't know.""",0,0,0,0,0,0
3fe9d6f483fd36d6cebccf2329ee1839,17,"I have zero desire to see Warlord Princes named Deamon, Lucivar, and Saetan, playing clueless family men guarding presents under a Christmas tree from kids and puppies.",0,0,0,0,0,0
dfacd8eec67be32dacbf726fda523c76,12,Violet's uncle is leading the investigation and even he didn't seem to be doing much either.,0,0,0,0,0,0
ca02910cd34ea38a4b2b866333a84fe0,1,"This book was exciting enough, and had a decent plot, but was chock full of stupid, lazy, kind-of-gross tropes like: 
 Irish Stereotypes!",0,0,0,0,0,0
aac45c801cfed085b386b14dca10a7cd,11,Doomed took place after the last page of Damned on Halloween's night where Madison stroll back to Earth among preadead human.,0,0,0,0,0,0
5acadb0ae4daf0201df4480c9c454360,22,My other issue was the pacing.,0,0,0,0,0,0
2cc141c1cbb967dedd68e9361b7ee778,4,Unfortunately i found my tea a tad unsatisfactory.,0,0,0,0,0,0
f931671be30d23e95d171964a43d4b0c,8,"Also what I found annoying is that while purity when it's applies to females is the ideal, I'm supposed to like Butch despite his alcoholism and his risky one night stands with randoms.",0,0,0,0,0,0
b34e891d6c4bed17225278e7d1fa9a7d,39,"Sure, it made Peter look like a hero at the end, but it also made him look like a jerk through most of the book.",0,0,0,0,0,0
36265f3dd543a746c51fabe09a0a8b45,14,"I'm saying LOL now, but when I was reading the book, I wanted to kill everyone in the book and pull my hair out at the same time.",0,0,0,0,0,0
fda89ae50b6b3bbfb0e69c99ff025a77,89,"Then, once it's been said, an incredible amount of the rest of the book is taken up with the following.",0,0,0,0,0,0
8cf35be99552262d5d35e27425517ede,4,I wouldn't say it's necessarily scary though?,0,0,0,0,0,0
106c89e0456f2b6e3e7334f165849387,22,"The plot picks up where we left off, but I am not sure that the author had a very good idea of what to do with a number of aspects of the overall story arc.",0,0,0,0,0,0
2ea9ca27913a5e752d390f85f395d4f2,4,Un poco de necrofilia por ahi.,0,0,0,0,0,0
c83b3518e310a7931b6afa09ccc3eadf,7,"The idea behind the book is fun and imaginative, sadly, the execution is ultimately unsatisfying.",0,0,0,0,0,0
b89d3c7467da515596dde6133016c5cb,1,"Central air had been installed long before we came to this house, a welcome addition in a neighborhood struggling to get with the times.",0,0,0,0,0,0
94093eeabbd94f4f3624344ba199d9dd,4,I'm not sure I would want to put it in my elementary school library.,0,0,0,0,0,0
51d0f77e361975a2dd51ae901484ccdb,0,I'm not going to say I was eager to read this book...,0,0,0,0,0,0
7465b1115d2ae484be4c2f24ab6821ea,6,Edwart doesn't even really like girls but Bella has decided she is in love with him.,0,0,0,0,0,0
59297d32d35d68a8830882ebc6909799,2,"This book seemed like a mix of various things - sometimes it reminded me of the Three Musketeers, sometimes of the Da Vinci Code.",0,0,0,0,0,0
d836bb9e5725fc109b2df9bee6eb9234,26,And some sappy romance stuff.,0,0,0,0,0,0
aed7623fb4edd940c1c320e36c5907c3,0,"There was potential for it to be so much more, namely where the relationship between Crunch and Victor was concerned.",0,0,0,0,0,0
a098a191ad3441f625f371eda9455f30,1,It would go from innocent like stars sparkling in their eyes from across the room for one another to being bent over something and his mouth.,0,0,0,0,0,0
77f705251fbcb532be996f1895f51b5a,0,"Ok, e il primo della serie, e di solito la Laurenston/Aiken non da il massimo nel primo volume, si riposa alquanto, tastando il terreno.",0,0,0,0,0,0
33a45307ffa8ae4e85ccb9bc19380668,38,"At the end of each of these books I keep feeling like, okay.",0,0,0,0,0,0
d4d577981ad936766c160e364ba385aa,6,"The letter was 15 years in the future, so we got a good glimpse of how things were for our 4 core characters.",0,0,0,0,0,0
ef817e406436dfd01ed3512beee7121b,2,I like how it was set up in short stories and we met (and kept) new characters in each short story.,0,0,0,0,0,0
c8ba38795b9e85d0846f3b3c1b3495ed,3,She ranted and raved about these books and would not accept that I wouldn't read the next.,0,0,0,0,0,0
3d9ec8a7ce21965782f4f8f6a1acb961,5,Fave Scenes: Greta sleeping on the floor and the Peaches.,0,0,0,0,0,0
da06d0f0ea8da5c379ceb428dc7c69f7,15,"He became angry, distant and desperate.",0,0,0,0,0,0
9c9fb75fb3e7b3c0ade206e891ef7294,23,That's the opposite of genius.,0,0,0,0,0,0
f19abb03a293dd46ae727bf9b94f70a6,9,The supporting characters are just as bad and lack any kind of emotion at all!,0,0,0,0,0,0
68edf18e1d3031eb28a70c60b97bb064,6,stuff (as usual this is meant to be funny and relatable for male readers but succeeds only in alienating female ones and propagating the myth that girls are Other) and ultimately a Big Reveal that attempts to cross genres but instead creates a mashed-up mess.,0,0,0,0,0,0
c8a7ea4c508c9401479e79d2a2364254,16,"There are snippets of fantasy, sure, with some of the fey magic and the plot to incite war, but those moments are few and far between the long stretches of boring courtship.",0,0,0,0,0,0
83cb33361827b1f693a07f6e18818288,2,Can't decide if I am finishing this one.,0,0,0,0,0,0
f41d889278c7cb0cb998465c3ab73d24,10,"I am not giving up on you Charlaine, I loved your Grave series but this book makes me ready to completely shut the door on Sookie.",0,0,0,0,0,0
a59a0ecfbcbc4508abc452551d3adb52,3,"Now I love me some scathing satire, I get that Swift revolutionized it for the coming centuries, but unfortunately this original material has run dry for me.",0,0,0,0,0,0
0093029dbac7e11d1a9ad27905424aa3,9,"Her wording skills were good but they were like many short story 
 thoughts into one book that never really was brought into a solid 
 substance or conclusion.",0,0,0,0,0,0
81f80c877f593a881c7bd9afbc2a1a04,14,The majority of the reviews I've seen rave endlessly about this book's story and characters.,0,0,0,0,0,0
29bdf5e82753d1cb2e53ed175dfbd14d,20,I admit I rolled my eyes at the Russian villain.,0,0,0,0,0,0
1399d9a758b4b713e894846656662114,27,The author did an excellent job of setting up this shocking secret.,0,0,0,0,0,0
8e10f2ecabe47659369a6723eb242dea,4,I thought Rebel Angels had promise though it wasn't as good as AGTB.,0,0,0,0,0,0
6ad7f9b61391d0f2bccf91385b142d1b,12,"In fact, I couldn't find the Jeremy I know and love anywhere in this book.",0,0,0,0,0,0
53c3b907483a6391a3b1244e7936a3eb,11,"I mean, that is a little dramatic isn't it?",0,0,0,0,0,0
24dfe50af77a4d6772a67edb1ae85473,6,"And a hell of an alimony payment, down the road.",0,0,0,0,0,0
d30bd4ea5d42c49177424db763c0c46c,2,I found myself losing interest in the middle up to the last page.,0,0,0,0,0,0
a1a3641819c21afa6e6405f6766cb96a,35,"Unless,"" he said, ""she has you as her slave.""",0,0,0,0,0,0
c6c6755a10f4d4cebc6ece116e449663,11,To have both in one book is....icky?,0,0,0,0,0,0
86142c37c5399f1ab1486cfdca27947f,0,This is not a story for me.,0,0,0,0,0,0
7e4b1d0df4f1af63325c8afd4ab92807,26,I think I would have appreciated it more if I were more familiar with the genres it pastiches.,0,0,0,0,0,0
cdab20c288294e69610b8c59cf5591ab,20,"Naturally, Naofumi now hates women and is consumed with anger for the injustice he has suffered.",0,0,0,0,0,0
50e1ab16cb78dad4801f8c9fb655a1fa,0,I actually like this book even though i promised myself never to associate myself with books revolving around stupid heroines and crazy-ass-stalker love interest.,0,0,0,0,0,0
4465d1784efbd32c01886ab3ff000fd6,11,I wanted more substance there and instead it just felt anticlimactic.,0,0,0,0,0,0
b9109027176baef28457a4620d064a45,3,"On another note, this novel does a great job of teaching the lesson of battling oneself and facing fears.",0,0,0,0,0,0
1ac39cf10e83c4be4f344d7929e5ab54,5,Was the hint in class about Luce's name is like Lucifer so the devil is a woman?,0,0,0,0,0,0
e39a1600a67d4133f8ddb4fb3f28dafe,3,"They seem to be either not developed enough, or too forced, resulting in the absence of an emotional connection between the characters and the reader.",0,0,0,0,0,0
5704b89bf84f62975a4fe7d927e9d889,36,"And at the end of the whole bit, there is zero, I repeat ZERO, impact on the ultimate story by having this scene.",0,0,0,0,0,0
913d0fa83be39fcf8b10907b416e980a,3,"Between that and the uninspired narration, I was about to return this book.",0,0,0,0,0,0
bef9aadc27b66671d7b974f3646c7533,5,"Pagan is portrayed to be a very ""mature"" and ""selfless"" girl who sacrifices her life for Death's.",0,0,0,0,0,0
b39ca6a664411e2d5d3d8751c568e878,8,But I just couldn't get into everything else when this didn't work for me.,0,0,0,0,0,0
14a078392e22a3d27805382e98e73d1c,9,"I enjoyed most of what I read, but I just can't get past the language.",0,0,0,0,0,0
7c63c4dfa2ed5958481e70f44f460689,8,"Every event from here on in the book is driven by the children going to a specific location (the professor's favorite cafe, the professor's library office, the professor's secret apartment flat, etc.)",0,0,0,0,0,0
d66617c8d0e52674d1900ee8a1deba2a,10,The secondary paranormal world that's so important to Nyx (and this book) was pretty much non-existent in that first third of the book.,0,0,0,0,0,0
bf3e31c5fbd1e0ed33cf5b4563e1f2b0,9,"Now racing to reverse the chaos she's unleashed, Kimber can't afford any distractions.",0,0,0,0,0,0
e6cfa3461b3237ada5ae836786389da6,2,"Hey, don't get me wrong, I have nothing against this book (well, maybe just a little something).",0,0,0,0,0,0
94b7233f7711c425d608c5374df84f7a,6,The idea is a good one--it plays on the idea that we've all got a twin somewhere in the world.,0,0,0,0,0,0
2c2d6f0ec96cdbb52312b9a0d3edb0c7,13,"As much as it hurts me to say it, this is weak writing.",0,0,0,0,0,0
9855e6d78a067a547078b62c79f0d66a,32,"Things he actually said: ""You're loca, Loca.""",0,0,0,0,0,0
a29bd0cfd254f5c56ed07cba5a2e73d3,9,It made her friendships entirely implausible.,0,0,0,0,0,0
638014e2eec2d3e9cbfd74e53d4e5d23,0,"It took forever to go somewhere the whole thing with the dog, the soul, the confession and so on.",0,0,0,0,0,0
b3428606d76db9d2017a66edd9b84851,0,"Not my typical book, so I was moving into uncharted territory with this sci-fi western.",0,0,0,0,0,0
95f7b617bfba246074c130ed3e5fe4d7,33,There used to be a reason for the lessening society with an actual leader and followers (and plot driver).,0,0,0,0,0,0
8765357550839c3d0084d1cf1f3aa221,56,"- Cat/Justina 
 Yeah, no matter what, that was poor form guys.",0,0,0,0,0,0
316b94c35c310cb1f7e8a94955f30e0f,2,"In Gailey's world, Congress went forward with the scheme (at a slightly different time than proposed), and instead of a Wild West we got wild bayous in Louisiana full of hippo-riding cowboys and riverboat casinos.",0,0,0,0,0,0
764abe11c9557d134daa15260513e2a1,3,After this shocking discovery Clary's mom Jocelyn is kidnapped and this new world of demons and angels and vampires and werewolves holds the key.,0,0,0,0,0,0
a6ccace15a95763ab72f1b48f3742d39,5,"glutton for punishment that i am, i will go on and continue in the audiobook series.",0,0,0,0,0,0
139277f3c4b7ad25737faa5f5913b32a,19,I've read many books about angels and demons and they've been great.,0,0,0,0,0,0
910dfb792ee353acec02b9e7d9c8d670,6,"And the heroine he is sure to end up with is also on a quest and spending most of her time worrying about if Things Will Be Okay, and you just want to shake her because she's always having this phony little crisis of faith AFTER a goddess appeared to her in person, gave her a damn sword, and guaranteed her victory if she just does what the goddess says and has faith.",0,0,0,0,0,0
95fe8db07bb0b0d265bab11f67674daa,17,"Or write the book, but don't publish it.",0,0,0,0,0,0
1e286aa4ceb555bb8fbc4e6a686d5acc,1,"It was fun to catch up on Manfred and Fiji and stuff, but this volume was just way less fun than the start of the series.",0,0,0,0,0,0
79083362f5476580345148db81d18bab,42,It's anomaly that that happens.,0,0,0,0,0,0
45b726b5574952f049e831c29d7d0051,1,"Aufgrund von anderen Rezensionen wusste ich leider schon zu viel und habe mich standig dazu durchgerungen weiterzulesen um das Ende noch mitzubekommen, obwohl ich eigentlich schon bei 20% aufhoren wollte.",0,0,0,0,0,0
2eace7c79cc5c22da72ddffe746241a8,1,"It's a decent read, but I had some major issues with it.",0,0,0,0,0,0
30bc653bc0b896606fbfc676aad2356f,20,My star rating for each of these three book series are different - but this one is not done as well as any of those.,0,0,0,0,0,0
0d832316b67f18a9159f16eead9d6b8e,95,"I wanted to see more of the families, not just unnecessary drama and time-travel.",0,0,0,0,0,0
c2fdf5af699b69de2aa77c46698224e2,1,"100 pages in and the plot was still murky at best, verging on nonexistant.",0,0,0,0,0,0
e7169713e6dd60797853fecdf406f85d,53,"Apart from the amazingly idiotic errors I've mentioned (and the slightly less annoying ones that I haven't, like the police detective happily leaving a toddler with a pair of drug addict criminals, his nephew's son no less!)",0,0,0,0,0,0
a3d41cdad48b0e117490c53067b2bcaa,3,In the end I just got bored with the storyline and characters.,0,0,0,0,0,0
ade60c2cddad33e558e430b9996cc2a4,6,"I read it like a year ago!""",0,0,0,0,0,0
00539c4d2a0bfa0309681480c174a27d,31,The only reason this is a 1.5 stars and not a plain 1 star is for the few interesting concepts that this book introduced.,0,0,0,0,0,0
4f29a08aef0fd4dbe95fd0cbab5259db,6,Between pacing issues and a lot talking....and more talking...and even more talking...I just found myself wishing the book would be over.,0,0,0,0,0,0
226fe069b0affdf5c54c36e99630a2f2,43,The story did not live up to its potential.,0,0,0,0,0,0
ecde11ffab1a24d52eed26e682b4ae9d,4,Part of what makes Wrede's books so charming and delightful are the wit and humor of her female protagonists.,0,0,0,0,0,0
6dadc284b8e9557831f4743a25d8bbe7,10,"But the writing was unremarkable, the story line familiar and the characters uninteresting.",0,0,0,0,0,0
4cbb6ce3376498b374b372bf42a1779c,21,"Even his manner of bringing up to Sookie that she could get him out of this marriage by using the cluviel dor was understated, as if he really didn't want to ask it of her, and I wonder about Niall's motives for even telling him about it.",0,0,0,0,0,0
b9ffc963c16241351f0e5508eb5da5ae,5,The main character seems to be related to Egyptian mythology gods but the story is set during Egypt's revolution from early 2011.,0,0,0,0,0,0
433c7cfd551086a76909d2e417932512,136,She doesn't care that her logic has no logic.,0,0,0,0,0,0
d7d6b03a24a66353aae0728c913b2704,5,"After Jem dies, Adam and his great-grandmother Val move to London and Adam begins to notice something disturbing.",0,0,0,0,0,0
1ceafcc902430662f890ef37fed0d9af,4,I know every world is going to have leanings toward a way of life...a mentality...that I'm not always going to agree with.,0,0,0,0,0,0
6de4146a3d97fc4f7ff5151bde8b5068,4,We literally just got told that she 'spent all summer trying to attract him'.,0,0,0,0,0,0
a7b60e9888d9ca2bca4236d331603cd6,10,"Going back to the plot line, I wasn't entirely sure how the 'new world' came to be, but once it did I thought the ending was very well written, how Nyx shouldn't have remembered Ignifex but she did and she knew his name because it was a different world but how the rulers (can't remember what they're called) never intended to allow anyone to get by with guessing his name.",0,0,0,0,0,0
62059db2542e08fdc02d511cb794a1c0,9,"Other than the romance this book wasn't bad, the climax was exciting, if not slightly predictable.",0,0,0,0,0,0
a39f9f2d09ef809b30f346c42c7477d0,4,Thanks to NetGalley and Red Adept for my digital copy.,0,0,0,0,0,0
2aafc6c01e1ad97d5fbacaba73447cca,2,It felt like it took forever to read this.,0,0,0,0,0,0
45ee331a24897075501aadff93624af0,1,"For one, you as the reader was always one step ahead of the characters, which was frustrating and made them seem dumb.",0,0,0,0,0,0
873676b28df49df8e9ef2b9831c818a1,10,This is one of those cases where the build up and mystery is much better than the reveal.,0,0,0,0,0,0
967cb1df77ac0e007b2ae8555689b0c0,1,"My Goodreads friend, Coral, really loved it and I trust her opinion even though I know that she likes way different things that I do.",0,0,0,0,0,0
383cde6b333a14d112c03dd65d020d18,14,He was a complete tyrant who went the lengths to ensure that he would always get what he wanted.,0,0,0,0,0,0
64ee558ed650f24256468ee7d22c2fd1,25,There were moments when I genuinely enjoyed Miss Peregrine's.,0,0,0,0,0,0
50cb00109b29df6a18b524a22c290541,71,?No tienen ellos un plan mayor?,0,0,0,0,0,0
3bcdbfdb9366382e1cccb44de54345a8,24,"And I'm tired of three books seesawing with ""will-they-won't-they"" and introducing silly misunderstandings in order to keep Jared/Kami apart (if they would just communicate!!!).",0,0,0,0,0,0
1dac7c4c6e38b415d33d8bc739b25a9a,3,But I don't think I was thinking straight that time.,0,0,0,0,0,0
dae489ae1b29ef0ee1f5049189a9ec98,2,"I wanted literary twists and turns, not near-erotica.",0,0,0,0,0,0
a8c581252df4f70ac22190a0fdb778ee,2,I was really excited to read this book.,0,0,0,0,0,0
3616c3e1331cae7201dcfd49e4d8b50e,1,"Twilight was a book that left itself wide open to mocking and criticism and this book gave it the required amount, but nothing brilliant, just pointing out the obvious and then doing it again and then belabouring the point for the rest of the 154 pages.",0,0,0,0,0,0
55c78488c7e6b0bd7e64ecb2a17de530,2,"Some of the story worked, which drew you in, other parts were ridiculous in a way that didn't even seem like cool fantasy writing.",0,0,0,0,0,0
ede824be0d1f82516cac2f80e6ae72b9,17,* I received a copy of this book in exchange for an honest review through http://mmgoodbookreviews.wordpress.com *,0,0,0,0,0,0
adf69715bd4a0a323d4baca6d771ab3b,14,"Shen Tai, his sister, his brothers, his lovers - all had interesting bases, all were fairly two dimensional.",0,0,0,0,0,0
a980cb322e93d1b0eddb9532712c4400,34,"The premise was very interesting, regarding environmental problems; no sun,dying animals and the spread of incurable diseases.",0,0,0,0,0,0
e601a0f7cca75e10ba7346e969dc7449,9,"This one I just found depressing, and I read to avoid depression.",0,0,0,0,0,0
7011798a7340f48e66f19182e0ebc3e7,9,He later confirms this by seeing James' beige apartment.,0,0,0,0,0,0
ce4ae84a4c3562535473f598705bb2f7,0,"One thing going for Brian D'Amato's book is that is has several intriguing concepts, one of which is the Sacrifice Game.",0,0,0,0,0,0
9f6357feca6f36b3efbfdadfc853930d,32,No mother in her *right* mind would leave her only daughter ALONE in an abandoned farmhouse situated in a scary location.,0,0,0,0,0,0
49057bb31f080e40d9dd0ff2aad163f2,3,"But people begin to go missing in this town, and the police have no leads.",0,0,0,0,0,0
5eec6fe71aac9cb20b77aa4b23c5bd31,13,That we're supposed to figure that out?,0,0,0,0,0,0
a219fda56752c1ca891a58ca86de9c33,2,I may be judging it unfairly because it is a script and not a book that can add layers and depth.,0,0,0,0,0,0
32d90e3fc3c8d96d099a6804eded6a8b,26,"Per il resto, la storia acquista un minimo di senso solamente negli ultimi capitoli.",0,0,0,0,0,0
fd8bd07e85d639b70bc05bb5e8c763d5,0,"October ""Toby"" Daye: half fae, half human, all annoying.",0,0,0,0,0,0
2fd2a01fb8652985838ee79ef51842b9,40,"And as I stated above, I thoroughly enjoyed her's and Scarlet's relationship.",0,0,0,0,0,0
a9aaae8ddffc0082190a6031c959294c,4,"Not like that, there was NO proper explanation other than Ms. Jones just saying that's the way it was when it wasn't.",0,0,0,0,0,0
33168c3b83dae4ed72580c01b587ea82,18,"This led to me wishing I knew her better, since I think I would have liked her, but I just didn't get the chance.",0,0,0,0,0,0
bace17583b7da3407ff2c286f175f0da,7,"In addition, there is no explanation of the special connection between Darina and Patrick, so it seemed pointless, as if it were an unfinished idea by the author.",0,0,0,0,0,0
528b88c80062292f7c58e92231686b3d,11,"The film just had that magical feeling about it, steeped in witchy folklore that infused perfectly with the Owens family history.",0,0,0,0,0,0
bfbff7660d9ba14d39af61998d2c61ba,7,"Years later the killings start happening again and it is up to Kaylin to face her past, and Severn, to get to the bottom of these murders.",0,0,0,0,0,0
22e4f9aee218100a99a75f0190b9b30f,60,"The entire story had to change and evolve to make the romance work and that's something I don't like in my books, there should be a good, solid story that shouldn't revolve completely around the romance.",0,0,0,0,0,0
69e76f3a53d3f7b281aaa12d21a071ca,3,There is nothing that truly interests me about this book other than the interest of finding a cure for these wolves.,0,0,0,0,0,0
0680a99a6fd86872b3b5e06f890a239d,2,I almost hate reading books like this because they almost never live up to the expectations.,0,0,0,0,0,0
f8a82aadfebfda36f9eea881c6d4d945,3,"If he never annoyed her to begin with or if they softened towards each other sooner, it would have been more believeable.",0,0,0,0,0,0
238e57ae1ea989576b80899056ff83ef,10,"The Wind Cries Mary by Brian Keene--4 stars 
 8.",0,0,0,0,0,0
24ef01db7ec44f58569f342891fb6e61,31,"True, it was fun to relive nostalgia - to relive the Triwazard tournament and other major elements of the Harry Potter stories in a new way, but it just wasn't exciting - it wasn't magical.",0,0,0,0,0,0
005f8fc0379300c0729d2a04130eec59,26,"Didn't think it was done well, either.",0,0,0,0,0,0
2844a33bf6331090fb278f19d2b9b0a7,16,Horribly worse than this one but i cannot be arsed to find those.,0,0,0,0,0,0
13ec87bad2dfbbd1019f3b143980e449,13,"Of her two choices, I personally liked Henry better, even though by the end of the book it appears she's chosen to be with Peter, whether or not he ends up being the werewolf.",0,0,0,0,0,0
cb9e4b7aca62cd8e03b87eed95bc2b31,3,"That is not really seen in these pages, at least not enough.",0,0,0,0,0,0
557517799c6ad64496fe31343b68d0c9,13,"It didn't bother me, but what did bother me was that their were so many ""misunderstandings"" within the potential relationships.",0,0,0,0,0,0
5e28a9723c95af965d7bd39a8a3f7ed6,0,"This could have been really good, but then there were all these rug rats taking up space where interesting plot and potentially well-rounded characters could have been.",0,0,0,0,0,0
1004a02e315879a1c4155ead330650f8,22,"I just wish she was more clever.... Kian likes to tell her how great and smart and clever she is, but... Kian seems too good to be true.",0,0,0,0,0,0
519f58c3c0100155354db76882e7d7ed,13,This comparison is structural only.,0,0,0,0,0,0
3e9f2c38cfe420acc6fb72a5e68edf2e,18,All I can say is thank goodness that Axel was awesome and that William made an appearance otherwise I would have thrown my kobo across the room after finishing this one I was so mad.,0,0,0,0,0,0
088a1ee5bb4aea393100c0c200a25fd5,9,Trying to be overly smart and clever.,0,0,0,0,0,0
8f0b145ce751af760d26d0afcc91907f,37,"Problem is I forgot and now I can't be expected to jump right in and start caring, so I'm completely detached from this ridiculous hysteria that's going on.",0,0,0,0,0,0
33b29737313436c51e65f1671c2f628f,8,"It wasn't a hard read, it was a nice, lite, enjoyable read particularly while at work.",0,0,0,0,0,0
c34ce305fb14873fd7b2dafbeab3db11,5,The first half of the book was solely about Ten enduring the asylum and eventually leading up to her escape.,0,0,0,0,0,0
d838830c07e6714c299260e065cd020e,0,Nikolai Wrath meets a woman he finds very attractive while she's locked in a dungeon.,0,0,0,0,0,0
838e77107ea4993149eec356e243f8da,2,It spells for a good read.,0,0,0,0,0,0
744382c850c664a7324de170b2925f87,2,"But this is the second or third time I've tried reading Confessions, and I'm giving up.",0,0,0,0,0,0
3b6a1c56b3b0d176e62e8a3d72f6cb37,7,"A young student, Michael, somehow finds himself in mid-nineteenth century Japan.",0,0,0,0,0,0
da23034b00178b670da8cf37ea4e39d8,0,It had potential that never went anywhere.,0,0,0,0,0,0
a4afaa92782d862c184dd37003c7359f,0,"The Fisher King coming from Atlantis, and the early Welsh cooking potatoes.",0,0,0,0,0,0
fe81b85ad31ab588c07d645b33fd25db,3,"Though, I was determined to finish it, I couldn't help but get bored as I read on.",0,0,0,0,0,0
f794ebf457fed0c0e9a52e0dd29ccda3,3,"Instead, it turned out to be about the parent and their morality I couldn't make sense of.",0,0,0,0,0,0
f3acace8477fc2e6cb8b8d132a9cd221,4,Reap the Wind and Tempt the Stars left me feeling like the series was spinning it's tires in the mud without ever making progress.,0,0,0,0,0,0
28693320709ebc9340a4dc9ed4e1db33,2,I got through the book in about a day and a half.,0,0,0,0,0,0
b2242f299b5ed6583282ca2bdf682762,19,"If the sole intention is titillating, it becomes erotica, and so far that genre hasn't interested me.",0,0,0,0,0,0
f35b4188755eb18d15f7fc83db667b11,98,"Also, Pratt's writing is really good.",0,0,0,0,0,0
0f974ec22fd847713dc0f77441453d32,31,I just think that the execution was lacking.,0,0,0,0,0,0
b0893f55970fc0275139564d0dac4bef,10,"He dies in a horrible way, but it's sort of excused in the book because he and Callan were just sex and not true love, and Taylor was ""difficult.""",0,0,0,0,0,0
03bcbf10c360485b28880c1a78b347a5,3,The main problem I feel was the execution.,0,0,0,0,0,0
4c500ba50795cf0727da67606c210b47,8,Book 3 was no fun.,0,0,0,0,0,0
4635cc763620b0fcf148d6d545b70e19,6,"Since the series was an on-going adaptation, I did like the adjustment made with the first movie since I would hate it if they remain faithful with the adaptation and I suspect they're going to do the same with the later adaptations.",0,0,0,0,0,0
408affee530d66d40723abd2708a3484,20,I think that the along with the slow start and the confusion that follows actually causes some disengagement.,0,0,0,0,0,0
b874381fc328e28fbace492a1e77a44c,2,"The story was good in spots, but spent too much time meandering around.",0,0,0,0,0,0
21fe17f374f720ed30f72a3aab8965b0,1,"To be honest, I expected a lot more considering the fan base this book seems to have; it was actually so-so or even sort of boring.",0,0,0,0,0,0
5904f93c48c1046fdb3e5c92d7029e0d,11,"Also, Kim and Liam have a lot of sexual tension upon their first meeting.",0,0,0,0,0,0
ccf12fa8df6d7cc6482841ea5834bca2,12,His line about breaking things and not wanting to lose Mercy sounded trite and unconvincing to me.,0,0,0,0,0,0
8304a6832f8c0d47f29efc423d14ce0f,7,"But for me, The Girl With All the Gifts had a ton of things I liked and found interesting and kept meturning pages and thinking, and this had very little.",0,0,0,0,0,0
15d4221e7db4a01646e06a426db874a4,1,The story couldn't grip me as much a Gossip Girl could.,0,0,0,0,0,0
8f9061958adec61f3226603f51a3c7c4,9,"She'd have somebody say something in a dialogue, cut to a new paragraph and have the same person speak, which threw off the flow of conversation completely.",0,0,0,0,0,0
771ce5697154de9cc3b3978d4cb3b0f0,26,"And neither does anyone else....not until later, after a few more dangerous run-ins with Derek.",0,0,0,0,0,0
2df8637aba33b58b2c010304d30283cf,3,There was so much disappointment in the final Sookie book.,0,0,0,0,0,0
c12d09175191811948dae7cad87b9f12,25,So it's somewhere between one and two stars.,0,0,0,0,0,0
7832092a3cd61e6fdae2bb88b833aea4,24,This book had none of that charm.,0,0,0,0,0,0
9b24989170747e5e2542d700deef392b,3,"Well written and captivating, this book is an adventure that readers will enjoy.",0,0,0,0,0,0
4ea86f816dd807c35e8bd8ec69c4f592,3,I liked Mercy and her companions enough that I'll probably read further into the series.,0,0,0,0,0,0
2b4c318d8222f476587f9c8df2711dbc,9,"Third, when the action started it was short lived.",0,0,0,0,0,0
607fca81c8d54cce8b3ef1e4f5b3c444,13,"It convinced me that I didn't want to waste my time reading the entire series, which is too bad.",0,0,0,0,0,0
ce40daa6620ef34453c8db59f3c299d1,7,I like the group dynamics.,0,0,0,0,0,0
6ad4f080d6875c42816b73c82f9bbf38,0,"I have to qualify this review by saying that I did not read book one in the series and perhaps if I did, it may have added to my experience.",0,0,0,0,0,0
31a594a28881baac4b5f1fcbeae91bd2,13,I felt like there could have been more to that.,0,0,0,0,0,0
112b56a611011a9bad4e2e7e00febacf,6,"But some bravura passages of action and a good pace kept me reading right up to the end, which sadly seemed rushed in its conclusion and unconvinced of itself.",0,0,0,0,0,0
3c73205cf26cf6a3f78cda420c815a72,3,The nurse tells her that she is going back home to Gamin.,0,0,0,0,0,0
a1383e907ae0228fe5aafde25b986239,115,"I want this same premise, a story character wishing to be free of his story and battling his own fictitious nature.",0,0,0,0,0,0
7b5f90cbf110aa3901e43ae37efe700e,21,He sounds like a child or girl by that description.,0,0,0,0,0,0
e0d7e9bb177f9e5ac25ab6a861581c05,5,"The end result was not that I thought it was a bad book, I just couldn't get into it.",0,0,0,0,0,0
79fcf038538b44179f0cb68d9617fcae,1,"The protagonist left much to be desired, and in particular, the phrase ""Go Turn yourself"" really irked me after the first reference.",0,0,0,0,0,0
8185dd8cd754f17677d2844337e74190,2,"It could have been condensed down a lot and lost nothing, and more actual action put in instead.",0,0,0,0,0,0
cff3a84fdce24dfe0c41316b3aa62817,1,"Loving Dracula so much, I was excited to dive in.",0,0,0,0,0,0
7a4fcee842cb6149c4b167db50def7a6,1,"The Mephisto Covenant serisi hakkinda benim kadar cahilseniz, bu kitap size ilac gibi gelecek.",0,0,0,0,0,0
8fb57f01ef9a3168ac1e88de8e637aec,11,They are together for days before they get around to discussing it.,0,0,0,0,0,0
622173a3e1080d6cfc7aa483e5d787f7,13,Which is a unique and intriguing concept.,0,0,0,0,0,0
92362481ab94e81835af093f12a5e544,5,"I dont like getting 
 hit in the face either though.",0,0,0,0,0,0
86044a157cdebb771b9329ab385a1e3f,12,The villain was really fantastic.,0,0,0,0,0,0
910bdba2492e4e509ad1e7e4737189a3,3,The plan is completely disrupted thanks to the goblins gearing up for an invasion and assassins going after the exiled younger brother of the king of the goblins.,0,0,0,0,0,0
c4ca85c9bde61f650916ca97afc717e6,34,"- Draco and Scorpius, Harry and Albus, Albus and Scorpius 
 Overall it was not something I will ever consider canon in the HP universe",0,0,0,0,0,0
85e8027eff7e90f17c369596edcff787,19,It is a very quick read at around 160 pages.,0,0,0,0,0,0
4bf2d9b5a4ad22efd1d95344cc215797,5,I thought it was a whole lot of build up for a huge dose of meh.,0,0,0,0,0,0
4b0c7080dd11e6cec76ef3c4f816be0b,10,"A young heroic boy save a nation's tragedy with his awesome talent that he whipped out from thin air and in love with a beautiful elfish girl, travelling with a mentor and learned magical power as fast as rocket flying.",0,0,0,0,0,0
ca084761b7fe4e4745c029f709979943,1,A classic sci-fi with a lot of detail that probably isn't best suited to an audiobook on first reading.,0,0,0,0,0,0
6f54ba02facb906c54f1dd76a87f5cf6,12,"There could be a special meaning behind a name or a story that goes with it, but here, nothing!",0,0,0,0,0,0
fe1ccb1e069f16125bc8add6acef9239,5,Couldn't she have explored his relationships with other characters at greater length?,0,0,0,0,0,0
28f0ede46b6b18ad1cc732bea98b0f00,15,"All in all, I think the book was okay.",0,0,0,0,0,0
8c98e254c059a248ac131e3488c0605c,1,"There were a few things that I hated about the book, mainly, it was pretty wordy and the big blocks of text on each page.",0,0,0,0,0,0
a1783b9e1b3a437da900c519e56a545d,12,"I'm sure like many of you, I started reading this because I had heard about the show from Netflix or started to watch the show.",0,0,0,0,0,0
647f9e74344bd178df077ac2eddb03f5,1,"And truth be told, I think if I hadn't already seen the movie I'd have liked it a lot more...",0,0,0,0,0,0
e02d600fa1dac4ce995af48cf3f5add3,7,That was not the case this time.,0,0,0,0,0,0
c416233f0aaf5b42cb975cd54afdc434,11,READ AT YOUR OWN RISK.,0,0,0,0,0,0
5036ada1ee5092bb5391700cff52c1bf,1,It's a shame as I thought it started of great!,0,0,0,0,0,0
0998431f545bc6167b118752e09a10b5,10,"I would have thought the same thing at your place but, the thing is, this book was boring.",0,0,0,0,0,0
c525f1bc1c5d70528daacfd0aa053b11,1,"I only found a handful of characters convincing, or that I could relate to, which is a huge shame given the long,long chapters of rich exposition, but lacking in development detail.",0,0,0,0,0,0
b0893f55970fc0275139564d0dac4bef,8,"I empathize too much, even with the bad characters.",0,0,0,0,0,0
b0ab2126daff92be67a261cae185970c,11,But do *something* before I weep.,0,0,0,0,0,0
76848f22d4dd642ffb9032d092318425,45,She 100% went into the situation wanting to have sex.,0,0,0,0,0,0
e39c47927a36206c3843a70f86e754ea,36,It became repetitive and unnecessary.,0,0,0,0,0,0
7c44b8a0db4a99f978f7d1b4482d6451,0,"Look, I love Percy Jackson.",0,0,0,0,0,0
8920f4c9580fceaed3b62619c4d70183,5,There's quite a bit of the Harry Potter vs. the Hogwarts professors kind of conflict.,0,0,0,0,0,0
f409b1a61fc8484c0cbb6ae3fcdc107f,6,"By the end of the book, I was pretty much rooting for the evil witches, which, by the way, I had a HUGE issue with all on its own: It was such a typical Hollywood portrayal of witches, and such a misuse and obviously un-researched topic into the world of witchcraft and Wicca it was utterly disgusting.",0,0,0,0,0,0
596d85f0c1c2e0b01a03e4241144c4b9,7,"It doesn't help that nothing really happens in these chapters either, they sort of exist just to mix up the format of the book, so we're not always reading about what happened to Mark next.",0,0,0,0,0,0
e9d92e61a7ec9b5372e450845915e6da,5,Off to a great start.,0,0,0,0,0,0
ba1bde52bfdce79814463480b2997f8e,8,"Maybe when it hits the bookstores in paper-back, or through the library as it just came out in hardback.",0,0,0,0,0,0
001a1f709d7b5375070d84718769ca31,17,The ending I got felt like they cut some of it off.,0,0,0,0,0,0
be8913adb51d9331ede8f6c2d218468d,68,"""I think I saw some peppermint in the cupboard.",0,0,0,0,0,0
0a3141635dc645ec72387f306587f7b0,2,But no... it was hella boring.,0,0,0,0,0,0
1dad33b21a03026c23cdf8f9921da1e7,47,Questo non e il libro dell'anno.,0,0,0,0,0,0
b8a71bac27a4126e05fbb6d530e1ca78,6,"She sees a unicorn, and also realizes she can be out in the sun.",0,0,0,0,0,0
9f3e74d4223926dfabc39e2ef0b2329c,25,Final rating: 2.5 out of 5 stars,0,0,0,0,0,0
8c1218e550ad0827965bf74b29c348ef,4,"I see the concept, I like where he wanted it to go, he just didn't handle it well at all.",0,0,0,0,0,0
69a41fc2544c43cf9f81dc0965a680dc,2,The exploding carousel at the end was fitting.,0,0,0,0,0,0
8fcc7d7c487c6d03f9281c775ecadc96,2,It had a lot of potential.,0,0,0,0,0,0
a2c5cd22076681cd6f52c044ca46dd78,3,"The world was sort of interesting, although I have no idea what year the story takes place in.",0,0,0,0,0,0
8dad88af5848af1d705e85a92017f201,36,"Don't get me wrong, I can appreciate a poetic line just as much as the next person.",0,0,0,0,0,0
ae8e1e5dbe86dbbf7a99aa8556bafe23,4,"But major spoilers there, beware!",0,0,0,0,0,0
f7ccda96d18d959d27d5e15574284b7f,4,I feel like the idea of the book was better than how it was executed with the plot not flowing as well as it could have done.,0,0,0,0,0,0
5bed6521e7567c61bd357156d104776f,12,I'm still interested in checking out Perdido Street Station - but I'll definitely be getting it from the library if I do pick it up.,0,0,0,0,0,0
82da7391fbef12fece37b9bdce9e1805,5,I liked Elyse and William.,0,0,0,0,0,0
221eee58c3a4e1a9463baab0617c8420,2,Wofur war der Ticktockmann hier gut?,0,0,0,0,0,0
cd39916f7df88253da7534fa675042ed,16,Bella was prepared to sacrifice as many people as needed to selfishly save her daughter.,0,0,0,0,0,0
01017a640932a6f77016152e46a4dbe2,7,Though I believe that feeling is mainly because we lose any mystery by getting in his head.,0,0,0,0,0,0
ca635559e395216402f42a95be689cf8,13,This first book should have started maybe 3/4 way through the story as it stands.,0,0,0,0,0,0
ab08d40a42623884982c7d13bf1ffb7e,6,"Yep, that kind of book.",0,0,0,0,0,0
75be0865e6b8f1ced04ce215dd34607e,26,While everyone seems to be in love with Rhysand I kind of missed out on that.,0,0,0,0,0,0
c1869ac2ee3a5598fe9139bbc6843dd7,2,"Brown drops the ball, however, ending the story with a sappy, feel-good resolution that could have been much more interesting.",0,0,0,0,0,0
0bb45a2338d7871fa997666b90fad611,25,Not as amused now anymore,0,0,0,0,0,0
4b430f2caee6e4c887fafff48912ee95,0,This was not what I'd been expecting at all.,0,0,0,0,0,0
f8744e89d5518741e3c12afe6c7d4a2c,2,"I loved the first book with Beck and Cian, didn't really care for the second book with Dante and Kaja, but my drive to see how the series would end kept me going.",0,0,0,0,0,0
c116bb98af48dd57a1235378c3cd02ac,16,He tries very hard to make the city weird and interesting and it's not.,0,0,0,0,0,0
75bbd13caa2318dbb9373f5b733f53e0,36,"The only excuse for Harry to know where the tiara is located, is by vaguely remembering he saw it in an area with millions of other stored items.",0,0,0,0,0,0
2e513e203fe79778690f5937c58a9527,23,"I doubt I'll read the next in the series and quite frankly, I'd prefer it if Vincent returned to more unusual urban fantasy like we saw in Soul Screamers and the Unbound series.",0,0,0,0,0,0
307abeb871002cc3337450b2000a4f90,1,"And then there's Rothfuss with his Mary sue protagonist, passable writing and cliche strewn story.",0,0,0,0,0,0
fcb2e522b23221b3794ad54afc8e9af6,12,"Here's what I wanted, after finishing the book: I felt that most of the book could be condensed and become the first 5 or 6 chapters, and the ""climax"" part should occur much sooner, with a much cooler climax later on...also that much more story and plot and things happening to really drive the story along should be filling up the bulk of the book.",0,0,0,0,0,0
40a8aea580a807a7c0828c5a7e4595e4,2,And the girl's acceptance of her murderous uncle was a little tough for me to believe.,0,0,0,0,0,0
4dbc448cbc95a37989dd8ebc1c30c232,5,It's happened to me before - mostly with the Harry Potter books.,0,0,0,0,0,0
5eec6fe71aac9cb20b77aa4b23c5bd31,25,"I didn't feel at all that the estate was in Scotland, because the only person who spoke with an accent (and that wasn't even consistent) was Alastair.",0,0,0,0,0,0
d742b4da3ce4e3d20b900f433c6e8db1,28,"There are so many instances in this book where Cass, and by extension the narrative takes the side of the pirates in an attempt to make the reader more sympathetic towards their plight and I just am not that invested in their lives.",0,0,0,0,0,0
75519a64e86aa2c30dd6952a9e6f2c36,10,"Since he plays a fairly significant role in the plot, I would have liked to see him as a person, not just a prop, but... no.",0,0,0,0,0,0
6ea5c8a81e3e948ec73e0eba83aede69,7,"Given the ratings here, the representation of women in this novel warrants a review from a better critic.",0,0,0,0,0,0
f78164858e360458c072b02efb04d77e,0,When I first saw a book about Celtic Mythology I was ecstatic.,0,0,0,0,0,0
b9ac7aaa9d05fa1233171733176113c1,0,"I've read She's No Faerie Princess, book 10 of this series, and I really enjoyed that book so I had high hopes for this one.",0,0,0,0,0,0
1251562223c529f4586e18e7ab5da602,3,The book was much better towards the end (over 300 pages in) and I might give the next one a try based on the end of this book but I'm not even sure of that.,0,0,0,0,0,0
9b36ffc015aca3ef4bbb1b4f02ad58ab,0,"I read this book quite a while ago, but recently realized that the author for the Hunger Games additionally wrote this series.",0,0,0,0,0,0
3fda4f36aa13227662f6bc16c9092a38,25,The book is simply too long for the story it tells and drags on and on.,0,0,0,0,0,0
7401bf72a603da559b78fe44d92ae9e1,5,There were few things I enjoyed about this book.,0,0,0,0,0,0
1b85f07689dd46f6cd9e972b69d861a0,7,I struggled to get past the heavy Harry Potter influence and had trouble not seeing these characters as Harry Potter characters.,0,0,0,0,0,0
2baafcc17ff5717fd405bd41eada3975,3,"I understand their making the material work for the medium of a play, but it just didn't feel like Rowling's writing at all.",0,0,0,0,0,0
6cdc8eb38e97582377b2b22831adfe26,8,I personally found that more intriguing.,0,0,0,0,0,0
501812afb0c2144af65e67c767272413,13,"The concept of the story was good but I got bogged down in the author's descriptions (which really weren't), explanations (which really didn't) and ending (which really wasn't).",0,0,0,0,0,0
97643212e36a7e5e4ab7d40f8085270a,1,"I'll admit this book has enough crumbs to get you through the story, but not much else.",0,0,0,0,0,0
2ee58616555670e60c55b490c98e9829,0,"While certainly an interesting read, it's definitely a product of the time it was written in.",0,0,0,0,0,0
c4067daff71a8ade510f94a385ce189d,6,"The whole abductura thing was interesting, but despite that being unique I didn't feel as if the book really stood out.",0,0,0,0,0,0
f5059ff84c682cd490b0f37a6b7c9a63,0,"Not my usual style, but the premise was intriguing.",0,0,0,0,0,0
9932b434a926eddbad36a4ede7567bf3,13,This character has no real weaknesses.,0,0,0,0,0,0
65155372aeb36ce1619ec326aa7ad938,5,"I mean, I get that she's a thief and has been stealing to survive for years and all - but she comes across more as a klepto, incapable of not stealing for five freaking minutes.",0,0,0,0,0,0
95935107b7f2cd4339d735b22122f800,14,"At the beginning of the book, she's immature, lashing out in anger at the most inopportune moments.",0,0,0,0,0,0
361795de5297bbcd16081a2ee8181f88,3,But I'm not sure this series was written for me.,0,0,0,0,0,0
f15573e82689db021dea882964ce85da,5,"This is a story that pulled all of its punches, never letting get close to the main characters enough to find out whether you liked them or not.",0,0,0,0,0,0
fa5efd6b1b4ceceb0bac42d3834b9ae4,0,"The story is set in Tuscany where Nicholas (half-man and half satyr) receives a message from King Feydon, he decrees that each brother marry one of the three human-faerie daughters he sired on visits to the earth world.",0,0,0,0,0,0
daa2948d19ccd64aebce03ab7ff292cc,2,"Y aunque puede ser desesperante algunas veces, lo he encontrado como un buen recurso para recordar los origenes de Matthew y su particular punto de vista sobre Above.",0,0,0,0,0,0
1196181bf43b0d1c14315d0d2abd4637,3,I still remember the books vividly even though I read them in the early 80s.,0,0,0,0,0,0
5c19b2e72fdd92111cac6c5b6a7904de,9,I wanted to like this novel more.,0,0,0,0,0,0
7c6da56debf714cf0ac5a4b8ac28a6eb,1,"I really enjoyed the movie, I thought it was clever and fun, and I was hoping for more from the book.",0,0,0,0,0,0
52e7de3c4825524afa8c9baede4c831d,12,The character of Elphaba is interesting enough but she isn't enough to save the book.,0,0,0,0,0,0
fa917204983635a93c633d51e8ef4a6f,1,"Nostalgia, however, pulled me back to ERB's Venus series.",0,0,0,0,0,0
dce43766ba36c999dfe364b9ad8afc15,3,In Reardon's first novel he explores a paranormal fantasy story where a live-in Doctor is given the opportunity to save his young patient.,0,0,0,0,0,0
52f0d4d2d5d4dd98e2ccdb70aef6dedd,7,It was an okay quick read though.,0,0,0,0,0,0
c9f2e9a511ff054680b641548911b937,19,She's strong-willed and she makes some monumentally bad decisions.,0,0,0,0,0,0
f1bca12c3d9459cc89f35c688191c96c,47,"Mare made it clear at the end that she doesn't have anymore feelings for him, not that the ones she might have had before were that strong.",0,0,0,0,0,0
288f9eca6ae66109d19a4f2af0931e6a,3,"Evidence of the author not taking this seriously, in my own opinion.",0,0,0,0,0,0
1e667f091caca16f52aa028678c37db7,5,"Character development: 3/10 The way they started in the book is the way they stay, nothing special happens.",0,0,0,0,0,0
9fa3d52cad44fde5f4ed39aa49036f1f,20,I didn't understand bipolar Daemon or his overly friendly sister Dee.,0,0,0,0,0,0
fe79a26be125443cb5a9a3024858dd29,11,What else would never happen?,0,0,0,0,0,0
56d3d65e9cd6fca1f806d7e8aed7c5ae,1,"Briar felt very young and annoyed me with her ""ohmigod!""",0,0,0,0,0,0
b9576687a451235fcfc4907abac42fae,1,I am really glad it is over.,0,0,0,0,0,0
32b28fdc3904553e5e8c807018e49c14,10,"He went to his debate event and even when the lights went out, at 4:30, they opened a window shade and kept going.",0,0,0,0,0,0
268d3e163318b76665632165fc6a0080,1,I was so disappointed by this book.,0,0,0,0,0,0
c377cbc52a329558b50a201db1808690,9,I still really did not care for any of the characters or what happened to them.,0,0,0,0,0,0
eeea6358358097310ea1d1c60f2ccb54,2,This one however in the beginning did.,0,0,0,0,0,0
c0828e569fa10e9b21ef74bfc9efa1f1,1,"None of the characters interested me, the plot felt incredibly pretentious, and although I think the tension in Phillipe's story arc was interesting enough for me to stick around until the 80% mark, I found the oppressive boredom of the HOUSES V CITY just too much too bare.",0,0,0,0,0,0
c643248ad1cd8c643b58ef40b34b63b2,23,"are generally met with silence from on high, this god is quite direct in its responses to such requests.",0,0,0,0,0,0
86cf58cd90ada118c60c4227f5736868,15,It is well written once you understand what is going on.,0,0,0,0,0,0
cf22ff2bf91ddf8f4dda286490c907fd,22,"The Magic System is Really, Really Cool 
 I'm not one to give a shit about this sort of thing, usually, but Midnight Riot's science-based magic system caught my fancy.",0,0,0,0,0,0
9db986a46276554240aa12cdc08b92a8,8,"You may not agree, and that's okay.",0,0,0,0,0,0
7e3a046d3e70ad3584604e7521c322c9,5,She starts to find out her husband was possibly a vampire blood dealer and has been experimenting with a missing vampires blood on her secretly which so happens to be who Mace and his team are looking for.,0,0,0,0,0,0
87f4046e52131a6bba8b4fe811515c15,1,"I would agree with everyone on Jules' excessive need to talk about how much she looovvvveees Sawyer, but I thought it made her character more realistic.",0,0,0,0,0,0
591e0e6be177a80ea5e183f8b7b8a447,11,It should have been amazing.,0,0,0,0,0,0
1a114123554809baab39e89e4ae65f68,13,"I wasn't hooked, I didn't find anything interesting and it was excruciatingly boring okay?",0,0,0,0,0,0
6ac9f61c67b8d98f37bc9d5b2052667f,0,"1.5 
 I have been reading the HoN novels since they first came out.",0,0,0,0,0,0
821094b67bf1aae306afed5bfdb88e94,11,It gave me something to hang onto.,0,0,0,0,0,0
ae74ed0fb6a1273bc6bcddde5149bfe8,36,So the whole storyline with the nuns was just abandoned.,0,0,0,0,0,0
84230e6f3595d69ed9454342e74803cd,24,Could you imagine if more than one girl knew about science?,0,0,0,0,0,0
d0e7e0a47741641dc99bacecaf18793d,19,"The romance between Blue and Adam made a bit sense in the first book, but none in the second.",0,0,0,0,0,0
a4d838c9a0926cfa7c346fa5513b28e8,14,"Anyhow, this is one of those books that definitely lends itself to serialization, and as I'm a sucker for book series, I -will- be reading the rest of the books and hoping for more back story on the Cullens (at least as I can get them from the library...NOT investing money in this series).",0,0,0,0,0,0
9bc86c3fcc74a0124d3ff25ed57cbe33,17,There are passages and passages of purple prose that became so thick that I almost ran a cheese grater over my face choked on them.,0,0,0,0,0,0
8b565ce6d8dd1e978f9d54bf55fea1e6,5,"So if you can suspend your belief about that big thing at the beginning, and a few smaller inconsistencies, you may enjoy this fluffy book with some hard kernels of reality in it.",0,0,0,0,0,0
391eb16d718b36fb8acb9e2d063b1c4e,36,"If dark fantasy worlds are your thing, and you think you can get past the sea of adjectives, bad editing, and the occasional bit of clumsy writing the book is worth a read.",0,0,0,0,0,0
497d28ca3a085b9c51478183bcff3f1f,0,I read this book mainly because it was free.,0,0,0,0,0,0
515d7dd4e8a53f1294c7fbd304f0e612,22,"Dumbledore, Sirius, Remus, Arthur, hell, even Hagrid.",0,0,0,0,0,0
197b9017c11cf751b0c3b090163d3d45,1,I am not sure if this is due to the fact that I am nowhere near the target audience any longer or perhaps because it was written so long ago.,0,0,0,0,0,0
37001daf60a65e7329d009223b463dc1,9,The problem is that we find out these things in such anti-climactic ways that it just doesn't give us any incentive to continue reading.,0,0,0,0,0,0
67a6690ed1d54d341dabbe5f4d3354cd,3,"- The writing could often be stilted and just lacking in good storytelling devices, but generally I didn't find the writing to be the problem.",0,0,0,0,0,0
cd341303072fc824d063a28ca5dbbb49,71,Scorpius Malfoy on the other hand was the only one I truly enjoyed.,0,0,0,0,0,0
f2d49f1e3a16b1d85f704ea70b911246,2,"It is so friggin MESSY.""",0,0,0,0,0,0
76775abc4892542df6b701efe8442b7b,0,Buddy Read this book with my soul-mate friend Masooma.,0,0,0,0,0,0
497ae754c20227024cde7b3c406a725a,3,"I've caught up to however many volumes is serialized in English, but I'm not that eager to continue with the rest of the series for now.",0,0,0,0,0,0
14cb7d5ba7ad9a56891b8ce12968b314,11,"Slutningen syntes lidt forhastet, og jeg er egentlig ikke sikker pa, at jeg brod mig om det.",0,0,0,0,0,0
bb0b450e9b8b2473db587b487d11feec,8,"I must say after the 5-star love I had for Soulless, this was a remarkable let down.",0,0,0,0,0,0
148a71d5aedbe59207aac8100979b46d,1,"During her time there, Alice interacts with a variety of strange creatures.",0,0,0,0,0,0
5e9e22c20f8c86b5c9ea24efa40aaa8e,3,"That said, I didn't like the Night Circus because I found it insanely boring.",0,0,0,0,0,0
c2ddf5ed7a23772197d47b61dfff957c,0,"I do not like the premise of the book, but aside from that, it just was not that good.",0,0,0,0,0,0
4380bb0b947f6b99cc58232e90b54bef,31,So open that I could steal a truck and drive through them without getting a scratch on that car.,0,0,0,0,0,0
6228e223c446654959f2166aa195c4cc,18,I'm so sorry for bringing your hopes up.,0,0,0,0,0,0
4537b8041b577ca1728ca009bc51f54e,20,It was a tough line to walk for a main character and I think she was written REALLY well.,0,0,0,0,0,0
59fa7ab719e2789a203aa9d8e9ddb073,2,"I was very poorly written and the main character, Clary, was very dull.",0,0,0,0,0,0
f7717d474e12f1b0dd1623201bd42b30,8,"3 - I enjoyed the book, but there we're flaws that made me enjoy it less.",0,0,0,0,0,0
0f63b05eb06610057475873221ec08d1,9,"And it was not lacking in action, so the pace felt quick.",0,0,0,0,0,0
3d8023494519941c58cddd3a3ddaf562,2,"a laugh, smile, look cute, but really have no higher brain function or any real depth of emotion.",0,0,0,0,0,0
f1393ecb4024cd0e7243d26e800b6255,5,She could have done better with this.,0,0,0,0,0,0
5af98ca91575b3eb47360f4d09bba256,2,This is not a story.,0,0,0,0,0,0
104398eaae9a45bf03e934bb8f7dbbb5,8,"3)Fan-service II, The HP Universe itself: If someone ask you to list 20,no, 50 ideas that you can think of about the series, whatever you come you with is going to appear (or more often, to be mentioned) at least once in this play.",0,0,0,0,0,0
a5778df63eaaa773d7a38c3f9e5fbeb6,4,"I found the other characters, especially the males, were a little flat.",0,0,0,0,0,0
f7821bbdb3abc25f0d2c4877ab54f955,10,But it's not as though you couldn't see that coming from a mile away.,0,0,0,0,0,0
ad0b2cbd397d30a780ee0ce3fdd9c5ea,25,"(For a series that has been lauded for its realism, why was Martin's gritty realism in A Feast for Crows so overlooked?)",0,0,0,0,0,0
aa814507bf207b9c6f50b54e366df7f9,20,The plot was a bit slow and it feels like things only start to happen by the end.,0,0,0,0,0,0
a0add6fa6782e760d3e02dd37a05a9c1,72,So the ending feels REALLY rushed because of these twists.,0,0,0,0,0,0
97d1fa1a335c75699431bf350accb628,1,"It says for fans of Jennifer Armentrout and Sarah J. Maas, but maybe I was reading the wrong book because those authors have never put out anything I didn't absolutely love and I didn't see anything this book had in common with their books.",0,0,0,0,0,0
a7dcdc666f94c3ead4575d4407090af6,24,"As Katsa's love interest, he was strong, caring, mysterious, super patient and super forgiving with her.",0,0,0,0,0,0
c00ac069d238571ff201ef912a37a968,11,"Nickie & her friend Rachel also seem to come & go as they please, without informing anyone of their whereabouts.",0,0,0,0,0,0
3f522afd1a1bd1b95a8294020cda3a5d,9,She flicked the lights on and off.,0,0,0,0,0,0
340c38e5e0ea06f0ece837e744791a49,3,The biggest problem with The Goddess Test was its bowdlerization of the Greek gods.,0,0,0,0,0,0
8d192ae6a869ccb2d32dd3c2900f5b7d,10,Two completely normal teenagers are suddenly thrust into a world of magic and they are the most important beings in existence.,0,0,0,0,0,0
7d8b55018a1ab018b409f96f52451a4e,1,"Except for the ridiculous ""casual sex"" between Alanna and, well, quite a few people as the series goes on.",0,0,0,0,0,0
1f39a6c6bd819cf8c6591ffcbffd1833,13,"spank 
 And if you couldn't tell, there is spanking.",0,0,0,0,0,0
88193d22b7bfc7c799c82d4f466a3f78,15,"She was very weak when it came to standing her ground with him, and I just wished she showed some kind of defiance with him.",0,0,0,0,0,0
56a471d1b27238ac527163c71970636b,13,"Parts in the middle and end especially left me a bit sleepy, and I would suggest deeper characters, a faster plot, and longer battle-enemy scenarios.",0,0,0,0,0,0
3061b7604dd4bbf667c6d753b8f1b869,1,I have to say I'm a little relieved.,0,0,0,0,0,0
d5b9907fedd19b7a27516e869d3f21d9,7,Moira's love interest Dez was a character that felt largely incomplete and also graded on my nerves.,0,0,0,0,0,0
7780706eccd025d946832a54dbaa4fb3,3,"I mean I get it, he was a slave.",0,0,0,0,0,0
ee94f775b46db3f527929d7b3c4554c0,12,"Don't get me wrong, he is a great guy, but really, it felt like Fiona and Prentice were the ones who seemed meant-to-be, not Prentice and Elle.",0,0,0,0,0,0
df1124a5221c08ddf0a1af86322f6d9d,5,"The problem with this book is twofold: the main characters, and the portrayal of love.",0,0,0,0,0,0
23559b06f95ba017548f4b9091e42fe1,15,She reacts accordingly at first.,0,0,0,0,0,0
5b996aadce619370e9823b10bd3014b4,3,After that the book lost part of its soul for me.,0,0,0,0,0,0
6da037a619538b4d4fe5c994a73b56a8,12,"Granted, for the most part the author does not use crude language and uses more...historical appropriate descriptions, and maybe that's why it wasn't labeled in that way, but come on.",0,0,0,0,0,0
7578753c98e9640d8b7354aff61dcd47,11,So the torture scene at the beginning of the book just totally ruined the rest of the story for me.,0,0,0,0,0,0
eefdeb3d050bbb4127411b4ddb5fca98,14,"The author, through the character of Saint Peter, says this of the Bible, 
 ""The Bible as you know it is an interesting book.",0,0,0,0,0,0
55cd34f98005bae94c70436c69f58878,0,"(I read this book as part of the Nine By Night set, which I got on NetGalley in exchange for an honest review.",0,0,0,0,0,0
6de6962f22577fa5c452c7f00b7a7f38,10,The main character Meira was very flighty and whiny.,0,0,0,0,0,0
26a6fad8832e5d883cf5747ae04758bc,18,"Secondly, if you're going to have this topic in a book, it better be handled way more seriously than it was.",0,0,0,0,0,0
eafff57df65805a9017d1156d4ab6db7,18,"As for the plot, Rain focuses more on the relationships between Katie, Tomohiro, and Jun instead of the whole Yakuza issue.",0,0,0,0,0,0
79b74913c7cf31194c6d73e1899684de,32,Can he have his own spin off please?,0,0,0,0,0,0
9bda675cae6031f72e7c60ce355dd30f,5,"Sure, they changed at the end because they finally believed Becca wasn't a whore essentially but that doesn't make you a good person in my books.",0,0,0,0,0,0
91aa594a19ff9902645f6500a7062bd5,5,"However, a perfect character would also have been frustrating.",0,0,0,0,0,0
8ef7e7630deffd9e4f00414f799f0052,7,"Ok, they were friends, we get it.",0,0,0,0,0,0
91ac00e0b73b115b9c5f0bd47870e90e,8,But I'd like to think she's just trying to make the book shorter than it should be.,0,0,0,0,0,0
93816173af53168a2a190742237e2f94,0,I hate writing anything negative about a book.,0,0,0,0,0,0
c2af79d36b561dca24b21bbacf6a14f2,7,"They're cold, they're heavy when they get wet and only posh rich people wore them in Ye Olden Days.",0,0,0,0,0,0
9dfaf71b517040082bd4caa7075a824d,7,And have parents that love her.,0,0,0,0,0,0
a8b33d703a1bb5efc91a3afedfa3e098,9,"Every time I went to read it, I found something else to do, because I just didn't care about the characters.",0,0,0,0,0,0
22c6ec1a9fd2abf6ce8c121e63d51856,4,It's best read a couple of hours at a time for a few consecutive days.,0,0,0,0,0,0
18892fb049fb039be9f2bc26f39e139a,5,"I don't need my monster books to be all action all the time, but I do need them to let the werewolves be werewolves.",0,0,0,0,0,0
9e4930a2af8ef7fffc60dd85b36c11f3,8,Overall I agree whole heartily with the other reviewers.,0,0,0,0,0,0
627fc88a890676e83a22533a1e5c4c03,4,It was just a meh book for me.,0,0,0,0,0,0
717661b8ac6514aae3d2da429490bd9d,0,"I had read that this was a film novelization worth reading, but i could barely finish it.",0,0,0,0,0,0
8fb9bb69c09c6315d0484a027b3ff392,0,"I'm about 90% in and I'd have to say, I'm really struggling to finish.",0,0,0,0,0,0
df76e627f829dac8b66c1e17e7500e89,11,The story gets significantly better after the apocalyptic event and when Jackson comes back to rescue Evie.,0,0,0,0,0,0
fcc5bd99c41517af9e2ed2e091473599,4,"It stated where it was headed to, but never actually arrived.",0,0,0,0,0,0
33f8647cef3098ac1917152f426f94c2,11,"If this had been just another installment, I probably wouldn't have minded it so much, but as a conclusion?",0,0,0,0,0,0
be8207a4a268061ba23a3bb33b9c93e3,0,"Another entry into the epic world of the paranormal romance mega-series, this time starring a Seattle succubus named Georgina Kincaid.",0,0,0,0,0,0
9992fa9faac3d08ed3e0c68ff7af4e82,0,"I found this book to be confusing, especially at first, and I suspect many younger teens in particular would too.",0,0,0,0,0,0
1d9d18299d168bb3bd70e4ab229a561f,14,They're more like separate acts in the same play.,0,0,0,0,0,0
da986cb59ac66abb87fd398ec88a2b1a,0,I had extremely low expectations about this book therefore I can safely say it exceeded my expectations.,0,0,0,0,0,0
257b723daa4f21f237c79d31b102416d,1,"My one quibble: he has a bit too strong a crush on all things hippie and punk (anyone who's not hippie, punk, artsy or fantasist is probably gonna be a bad guy or at least problematic, and no hippie, punk, artsie or fantasist is going to be bad).",0,0,0,0,0,0
e5a5e80842ee87b1f85039e64c2340ae,0,"The Cainsville series is very well written, but partly due to bad reading habits, I always feel like I spend the majority of the novel wracking my brain to remember what happened last time.",0,0,0,0,0,0
237840981006f3ebe7cc0ee572966e4e,0,Decided to read the book after I stumbled across the webseries.,0,0,0,0,0,0
130c0d3fa097e7cf86cc9e1c76069acf,1,It was just too short.,0,0,0,0,0,0
d63768caf19505c3ed8fceb643809387,3,"The premise of this book is interesting, but some of the writing got in the way.",0,0,0,0,0,0
8e4633a395d1396fa06581aa73cdb5d6,0,"Kaile lives with her parents and young brother in the magical city of Zombay, where goblins and witches walk the streets and peddle their trade.",0,0,0,0,0,0
108b2a3a502a4ab6fac3afda60c0c7d0,7,"No income, no safe place for her.",0,0,0,0,0,0
287eededab24447e0d7014910af595e0,5,"Una cosa che infastidisce parecchio e che quando la protagonista pone domande sul regno e i suoi abitanti, tutti rispondono dicendo che le verranno fornite risposte in seguito.",0,0,0,0,0,0
c807f9a25bd41cb7c0765c87a4af83fd,27,Writer thoughts: It felt like the genre switched again.,0,0,0,0,0,0
14fb00a17994ec7fd6a03a0853f884bd,9,"En el lado positivo de la resena me alegra que Marissa no nos haya intentado convencer de que este personaje podia ser redimido de algun modo, me gusta que haya sido coherente y seguro que todos los lectores (tanto a favor como en contra) lo agradecen.",0,0,0,0,0,0
76348711d7b0828d9fe1a732b7eb6fa2,20,But I did like the ending bit about the salad.,0,0,0,0,0,0
a8e18dc3be5340d8a69ecb49d412d41d,29,"Oh, I wonder if it's because of how involved the Dragon Kin series is that perhaps that is why these are a lot more fluffy and insubstantial?",0,0,0,0,0,0
ff15f638a4518ade3a354394ee37dfe4,15,"Despite saying all this, I didn't hate the book.",0,0,0,0,0,0
cc482ec9261578a825e67184cd957c96,64,I almost forgot to mention.,0,0,0,0,0,0
61a54e0caf1731c3a5a073180e42bc2d,6,"The story shifts, from chapter-to-chapter, between two protagonists, Laia and Elias.",0,0,0,0,0,0
b8d995152ec4d2292d69169f2bd35ffe,10,"She possesses a strive to better herself and try to keep her emotions in tact, especially when it comes to the handsome Jalal, but we all know we cannot help ourselves to matter of the heart.",0,0,0,0,0,0
4782fce64f74a788dd8fee8f20054b34,14,Her story is more profound and I feel it is going to get big in the next book.,0,0,0,0,0,0
42c990e838261fcf5a40a58274524121,15,"Part two, titled ""The Kiss of Death"" is about Tosca and her life in a circus.",0,0,0,0,0,0
fcbb5d0c713e1a60324f6dd14977ad27,0,The blurb on the back does not do this book justice.,0,0,0,0,0,0
ce665509ef5b8a0698a4c2bcbd6456cc,0,Definitely getting to be a more layered story.,0,0,0,0,0,0
bfe8a9b6792a4c9049e35ef264501286,1,Unwise decisions land him in situations where his charisma must get him out.,0,0,0,0,0,0
80036321b25dfa4abe720d58582a66c6,17,Caraval was a magical and fun book with parts that left me in suspense but it would be an odd day that I would pick this book up to read again.,0,0,0,0,0,0
82e71b45de8268ab85ca10ba0e95b9e4,0,"GNAB I received a free electronic copy of this historical novel (London 1883) from Netgalley, Lisa Tuttle, and Random House Publishing Group - Hydra in exchange for an honest review.",0,0,0,0,0,0
b7df4357c58c42cb48777783b1047566,31,"Even though I'm a prude and want all children to wait before engaging in sex, I found this novel modern in its presentation.",0,0,0,0,0,0
fb1b2ee161417cfd2b05ec1c367e11a7,1,"I am not done with this series, I think that yall opened it up to some amazing angles.",0,0,0,0,0,0
c9a7c488bd755cc048e9c7feb2db2ffb,1,"There's nothing particularly brilliant or noteworthy about this novel, and it reads like a romance novel, but if you enjoy fairytale retellings and aren't too particular about overly flowery prose then this one is very enjoyable.",0,0,0,0,0,0
8e2cf05265223d2aac8036c3e4355a2d,2,I get the sense that the author got an OK response from her first book and was directed to follow the same format for subsequent books in the series.,0,0,0,0,0,0
bb213607fdc94eb3fb8b2ca1d2d91693,4,"But again, maybe that's because I was expecting to be wowed.",0,0,0,0,0,0
3fb4c3c584cf607580f30103fd904f76,12,Victoria did a great job explaining in great detail the characters and their surroundings.,0,0,0,0,0,0
c86b1fdcd74ff06169311e1f3c514765,2,It is the typical story of good vs. evil and who will prevail.,0,0,0,0,0,0
0afe81b754be8d594811ecb7035265c1,4,"The reds are regular, ordinary humans.",0,0,0,0,0,0
13e5987330c156150e9e24c54e5c2953,0,I don't know what to think about this book.,0,0,0,0,0,0
32de2e668769a2717078b32d87765642,12,"But this also lead to loved ones having to go against those family members...friends...neighbours...and kill them again by means of iron to rid the fey from that body, and watch their loved ones die a second time.",0,0,0,0,0,0
05aa3e2a3e075850c0b4ca15d310fcef,12,"What I will say is that however much I enjoyed Archangel's Consort I felt that I was teased a lot by the storyline with the build up to the end of the book with the 'battle' between Raphael and his mother Caliane, but like many other reviews have already stated it was very anti-climatic and I felt a tad bit let down.",0,0,0,0,0,0
416ebb6fd3e19fdafe9ea48df99e8a2a,8,"Like Buffy, just to make an example.",0,0,0,0,0,0
5cd0710dff535bb41d2248daf762e855,0,I'm excited for the next book.,0,0,0,0,0,0
063cca7f34f0f06f4bc8ec2e8f6fb759,7,The males always catch my attention for some reason.,0,0,0,0,0,0
c96c484a6484eb66e69cb995ee0ac6cd,1,This book is pure trashy gossip.,0,0,0,0,0,0
24dca8e0e1a85bb5fc4f07ba20f9404c,12,"It's an interesting combination that could have gone so far, but I feel as though we've been cheated out of so much information.",0,0,0,0,0,0
3def6d5f1b1e2a6b8056c2f252c9759b,1,"En cuanto lo comence, el argumento me parecia interesante.",0,0,0,0,0,0
7e9da4c11a329f57f535098fc7e0be87,3,"Maybe it's because the ""runways with superpowers"" story line has been done plenty of times before?",0,0,0,0,0,0
c31cc44bcf5bd815c51c0a5da589d734,45,But I'm not gonna hold out much hope that will be as good as the first six novels in Carey's universe.,0,0,0,0,0,0
b60a3575aec04b7464b9c69136a29470,3,So I decided to overlook the name of the book.,0,0,0,0,0,0
9d80ab460ba46df18ec93a7d966929e0,12,I can't wait to read The Queen and see these two conquer the world.,0,0,0,0,0,0
897747f6b4978d90cf33297d44367294,6,Another good book by Nora Roberts.,0,0,0,0,0,0
d9c4cc2a532581c15b49dc37a5d3e39b,71,This one doesn't quite get 4 stars from me.,0,0,0,0,0,0
b9e3add61cffa1dea1abeada6123c639,5,This isn't a serious book and if you can get past that you are golden!,0,0,0,0,0,0
0e338bdaedf9615439a536215066c5b4,14,I wanted to read this to see what was going to happen next after the Teardrop left off with Eureka's tears and the flooding beginning.,0,0,0,0,0,0
e25a6722c27fe0eb926a034b26fbc0f7,0,"I have never read a Kim Harrison book before, but I have heard great things about her books.",0,0,0,0,0,0
9cbbafee57a31f5525c888aafa33b279,6,"For years, rumors of Others have abounded--warriors created in government labs and then destroyed when they became more than their creators intended.",0,0,0,0,0,0
82f9c79dc76097eca9195bbb0cc71609,56,"In conclusion, I give A Memory of Light between a 6/10 or a 7/10 overall - the ebook fiasco tilts me clearly toward the 6.",0,0,0,0,0,0
c7178357e20b61a34a2929e9447bf787,2,I cant wait for the next book in the Mortal Instruments series.,0,0,0,0,0,0
28234c92e4307a7e83141898521f049a,2,They span many different times and cultures.,0,0,0,0,0,0
452508f630f2f440b2e21fe683814960,27,Isn't there justice in the world?,0,0,0,0,0,0
26108ca5de30be7f5d73cc81819016b5,9,"It was good to learn more about Number Six, who we do see in the final chapters of the first book, and I really enjoyed the back-and-forth between Four's adventures in America, and Seven's life in Spain and how she becomes involved in the fighting.",0,0,0,0,0,0
0cb0f50c50179f17f772db7f53a1c1a5,1,But still a good book and definitely a page turner.,0,0,0,0,0,0
fc11b390fe96ce49acf7b9257b5201ec,13,"The decision is soon taken out of their hands,however, as the Wolfman, a shaman, intent on saving the Lady Aelis spirits the young noble out of Paris and a Viking war party manages to snatch the Jehan from the count's protection.",0,0,0,0,0,0
cd100a595c1dbc065007e2388a4783fe,40,His dad is also still not awake.,0,0,0,0,0,0
f636488e83ee07e880be28aebbb6f5ae,13,"I like the twist that Adina West has provided on the supernatural creatures which appear to be vampires of a sort - some psychic, others shape shifters and some that can transport themselves from one place to another at will in moments, which again provides the potential for a good story.",0,0,0,0,0,0
4a5e7857038b8850a8a588773fa5d7a4,18,My second misgiving with The Night Circus was Marco and Claire's love.,0,0,0,0,0,0
7d39ea9158203e295b5930bc401c902b,0,Despite the author's warning at the start I continued onward into this beautiful story and was glad I did.,0,0,0,0,0,0
6e62d323e2ff8c68f99b4d38cf41dda2,23,"So for now, I'll give this book 3 stars, not because it was a bad book but because I was disappointed by the amount of story we got.",0,0,0,0,0,0
17b3c570f73c8b4057fa467c4299a6f2,7,"To start off our tale, Bryn is sent to bring back a changeling, a young man named Linus.",0,0,0,0,0,0
c17d49024cc0e03ac344cc3a088631a7,1,Emily is left with adoptive parents on Earth by those who think life for her on her own planet might be a bit hazardous.,0,0,0,0,0,0
93ca292dd71377db3ac9070afeb63f10,3,"Taking that part out, I really liked the Wonderland scenes where Al is fixing the wrongs Alice left behind.",0,0,0,0,0,0
2329e0e7dc5d47f5b877b8df2af0d35c,1,"Only 3 stars because I got a wee bit tired of the ""oh-he's-perfect-why-would-he-want-me?""",0,0,0,0,0,0
487e2c6e7abe93070d188d58da7a1d2a,25,All in all it wasn't a bad book and a non comic book fan and someone who dislikes Batman did enjoy it.,0,0,0,0,0,0
ada6210c98c2d154797eed8d2dcb60d6,6,"I get why people are so excited about this book, but...it just didn't completely work for me.",0,0,0,0,0,0
da51e288c076d98138c39ae09181e9f0,3,Bay of Sighs started off with such promise.,0,0,0,0,0,0
41a7217ece070621b9fad2764be26de5,40,There were many good characters.,0,0,0,0,0,0
06d826957971ac5bb725a03c0e2d0cb7,25,I admire how much he cares for his family(and how he treats the kids).,0,0,0,0,0,0
8243aaf12ae77cf3b58e165851c1a9d3,25,"and characters ""just happening"" to be at the door right as other characters are talking about them, in which said character either discovers crucial information, or the situation carries the dialogue along.",0,0,0,0,0,0
f0d41ceffe601cb71263114d0f9608cc,51,"The second book in the series, Changeless, is on my list of books to read.",0,0,0,0,0,0
38117d8a0b2f2718af6178c2c8d623e7,3,"I did get a recommendation to find out what the tale ""The Garden of Paradise"" is....",0,0,0,0,0,0
4fbf9c59b4dddbfe31223d1b083ece21,5,"Esperaba el momento explosion de Jada con demasiadas ganas, y va Karen y me hace esto.",0,0,0,0,0,0
9ac73db71b8b3740c1f33833c5d23240,3,"If you haven't started it: 
 a) do so 
 b) don't read the spoilers here 
 The Dark Tower series is an incredibly varied set of books, written over the course of more than 30 years - written by a young man starting out on a wholly uncertain writing future - written by an old man looking back on a glittering career - and punctuated by all his experiences, discoveries, epiphanies.",0,0,0,0,0,0
21f018fba076c1c31df5220818cff888,3,"Plus: this uses Stone, Ice, Fire, Air - which is a modification of the usual four elements.",0,0,0,0,0,0
d3b8e2b845647c6822c4019b4bbd98bb,21,"If anyone else reading this review that has read Dreams of a Dark Warrior and feels like that would like to enlighten me on what I missed, I invite you to comment.",0,0,0,0,0,0
983a70c9d5a2f1aa8b68fec7d34520b9,3,"There were a lot of things that I missed from the original version I read of this story, when it was up on Fictionpress several years ago.",0,0,0,0,0,0
0d6bcb176291231dd9273bcb91819ea3,6,"I quite enjoyed this interpretation and vision of the Nephilim children, those with Angel blood.",0,0,0,0,0,0
320429ff5733446760bbb40dfe8f425b,3,"The Willful Princess and the Piebald Prince doesn't have the scope or depth of the rest of the series, which is a bit disappointing, but also expected.",0,0,0,0,0,0
563fbac08d03c1511756716c88d9698f,7,We watched them grow and change.,0,0,0,0,0,0
44281a195b7998c13a355cbfd1164276,6,"I did really like the ending of the book, thats why im giving it three instead of two stars.",0,0,0,0,0,0
9bffad60ab0c6ae78bedcd985da3667e,2,The darkness in the book is one of the points to favors and as children's book risks risking to include themes that other children's books would never dare to mention.,0,0,0,0,0,0
ff969701611da6b1dba2a6eadd175424,1,"The Experiment in Terror series is one of my favorites, ever, and I was anticipating this so very badly ever since I got hooked on this series earlier this year.",0,0,0,0,0,0
c879caa2ea786886de359163dc3bd6ec,7,?Han tenido un rompecabezas pero de esos en que las piezas son muy pequenas y la imagen es muy grande y con muchos detalles?,0,0,0,0,0,0
e6b9e038b9e46c587d1042163cb496ab,3,But that is pretty much it.,0,0,0,0,0,0
bde3f030fb71b545d5c945427fb25479,1,Only three stars because at this point this series has gone on so long that I can't remember who everybody is anymore and sometimes there are plot points around events from previous books that I don't remember the details of.,0,0,0,0,0,0
b2ae0c450ed380c1d4c1e364e0789bf3,1,Harper was struck by lightening & now can find dead people.,0,0,0,0,0,0
d4816749b8dd1bbbab6aaa3352510c87,1,"Honestly, I hadn't even expected any form of an explanation about where vampires came from so that was an interesting tidbit to have.",0,0,0,0,0,0
4091496a6811a8f21bc2d353c872b76f,11,Elle dechante assez rapidement lorsqu'elle arrive dans cette ville mysterieuse.,0,0,0,0,0,0
9091de5a5fe0cd0650baff351a288681,2,"While I'm not a fan of Van Allsburg's illustrations (some really strike a cord with me, but others are just meh), I loved the story.",0,0,0,0,0,0
c5a3b12bb943f77b103764f8b2a92ef5,7,"I have heard others say it was a little girly but I think considering Nick was rather immature when it came to interacting with others do to his curse, well, I think because of that social stunt that he had, that the voice being a little girly worked for the story, I really do.",0,0,0,0,0,0
72fe63da16ed7373e3180612b7f8d8a1,12,"Since this was her first novel, it overall wasn't bad, but the structure of the book sucked and she should have had an editor that fixed it.",0,0,0,0,0,0
4691e2a63e1b938e0219fd272a8fb61e,16,"Jackson, though I definitely felt he was a pale copy of Cal Leandros, only so much less.",0,0,0,0,0,0
e1f2f55a178e7c23d7f62999e8e32935,0,"Dev Santos discovers her unconscious and battered, with no memory of who she is.",0,0,0,0,0,0
b377ced3c93528533a60273537bd8a1a,110,Then Seymour comes to the door and is angry and upset with her for what she has done,0,0,0,0,0,0
29cf864f12c2c12506f8269ef7c593ef,1,"Undead and Unreturnable includes wedding plans (constantly postponed), an Ann Landers-type column for vampires, Christmas, a new baby (who just so happens to be son of the Ant, aka Betsy's stepmother), and a big fight between her and Sinclair.",0,0,0,0,0,0
6e08c91d1dfb007034d0e87e0e35f623,1,If tou've read any of The author's other books then you know the score.,0,0,0,0,0,0
4e6f189adb21182b90adb84b5091e61e,2,"I couldn't stomach the way every time the main character, Nora, and Patch were together I wasn't intrigued immediately...",0,0,0,0,0,0
49ad3a8ba5958d6b6bb870e7643aab30,31,More reviews and more at Cuddlebuggery Book Blog.,0,0,0,0,0,0
dc8d04b5f60a8cab1a7a13885c249ff3,28,SJM was a major contributor to me falling in love with the High Fantasy genre in the first place.,0,0,0,0,0,0
25f18685fed57ad81fa7a862158122da,5,The only thing that I really hated about this book was that it took forever to find out what exactly Daniel is.,0,0,0,0,0,0
2d4844fb30ccc32423153c1b2295be1b,10,"There are adults in the world who tell stories to children for entertainment, and then there are other adults who tell stories to children primarily because there is a lesson they want them to learn--but they believe the children will not internalize the lesson unless it is dressed up and decorated like an adventure, so that's what they do.",0,0,0,0,0,0
ab1721aff4580eaf467670ffe1952d1d,2,I can say that I haven't read anything quite like it.,0,0,0,0,0,0
6cc23d1db36a4ef8903b85a3fcc341d6,8,She unearths many secrets and along with that came the revenge for the life lost.,0,0,0,0,0,0
24dbd1d05737e1faef0e4374f30be0cf,0,So I should have loved this book but it just didn't work for me.,0,0,0,0,0,0
3099474307fdfc6224d3bf6d5d66df06,7,Oh man I wonder what happened to him!!,0,0,0,0,0,0
029e8952cfc47e1e14396b40e088f1c7,3,"I originally thought it had everything it needed to be a fan-freaking-tastic series: 
 Wonderland?",0,0,0,0,0,0
b614329591a34f1b7f870653e148630c,26,"While I enjoyed some parts of the story, I ended up losing interest during the lulls in between, so I will probably be skipping the next one in the series.",0,0,0,0,0,0
3278b2a4d97f74bd9b76e5d6da114bfc,3,Not that it was bad; maybe I just need a break from the Guild Hunter world.,0,0,0,0,0,0
276a4087c479e21a8cd03c6fc23df1d1,15,"Given that no one else who reviewed the book made a comment on this, I have to wonder if it is just me.",0,0,0,0,0,0
d6044b4709a2ca45638b6abf449f1ee8,0,I liked this book very much although I did struggle a bit with pronouncing the different words for the Grisha.,0,0,0,0,0,0
df0cde18da9509935b778086abe9ce4c,31,June herself was just alright.,0,0,0,0,0,0
66fc4a01f7a8248ce68012eb8bf261dc,4,However I do hope Ms. Hamilton truly will continue on with this series.,0,0,0,0,0,0
f31c9d4ffe717b6d523e57610cf88151,1,"(Yes, I am saying that it's possible for me to climb Mt Everest.",0,0,0,0,0,0
2fb79471bffd6e339ab762aaf82546e7,7,I see this a terrible stumble on the writer's part.,0,0,0,0,0,0
b4813d565a745ff08d654a0d3f48ff58,0,"As most reviews have already stated Meredith had a tragic young life, losing her parents and her twin when she was only 8.",0,0,0,0,0,0
bb08e9bf5c6a3abf16055e3a8c934baa,5,"Additionally, since Raze rarely spends time in human form, she must teach him how to act human.",0,0,0,0,0,0
c6915b06906b593c8c5577aed6b606d9,34,"The bigger story here is Corine and her past, from her father's disappearance to her mother's death, and the three years she spent as Chance's lover.",0,0,0,0,0,0
df02058cb0b8a22c1637220ae36b0e9c,16,"Overall, I enjoyed the story up until the end when everything was revealed.",0,0,0,0,0,0
412862e04bd25e8a63033a29a7843361,0,Didn't care for this it was bland and boring.,0,0,0,0,0,0
c306b9796433867fb5eed47a90dee52a,2,I wasn't sure if I'd like it because it's a humorous paranormal romance.,0,0,0,0,0,0
891dc4f686da39e67701c7bfaa0ad150,1,"I've seen others critique this aspect of the stories, but honestly it's what stood out as authentic to me.",0,0,0,0,0,0
5ca6afc528d2d67359e7b7b985dd0eb6,2,"One thing really annoyed me about this book, that has never annoyed me about anything else she's done, including Beatle the Bard: It was the author version of ""breaking character.""",0,0,0,0,0,0
3c74ff9c3f091743a05c65281cd822e3,10,She treated everyone like they were nothing unless she needed something from them whether it be someone to talk to or someone to demand a favor from.,0,0,0,0,0,0
d73c0c1ea3faa67af3a8664d549ef827,16,"Overall, it's a good one.",0,0,0,0,0,0
a9df29f3864bdab4ce3fc579d89d4c34,2,"Still, I'm interested to see what the rest of the series will be like.",0,0,0,0,0,0
50f1ba556095736e389cc7bdd1724f5c,1,Should i analyze or just review it and be done with it?,0,0,0,0,0,0
25c52e63519c8d62e6ecab7b088c2315,13,She doesn't care why losing hero status gets such a reaction from her.,0,0,0,0,0,0
9a75359cb65792ccaf05368eda2befd6,6,It would have been easy to make him irredeemable but Alex has a world of hurt that he also needs to resolve to have the curse lifted.,0,0,0,0,0,0
78822a6193c74ef602da16aa502585fd,11,I wish it had explored it a little more a little earlier.,0,0,0,0,0,0
5021526f268a9e540a83a582b596494b,9,So if you haven't already you're fine to start here.,0,0,0,0,0,0
184b71808b16183e67d113a61ad51932,20,"If you are into romance novel and want a rather intense read with some surprising twists I'll recommend ""Fantasy Lover"" over ""The Pleasure Slave"".",0,0,0,0,0,0
64888c95cc9dfd4074fd382686ea0956,7,"Also, their first adventure in Narnia-land is over WAY too fast.",0,0,0,0,0,0
24f8356b5f4379293aa2d2537020ab95,3,DCI Nightingale is still recovering so it is up to Peter Grant to handle this one alone.,0,0,0,0,0,0
0f0e0e86be85f6d4f1df054e6fc1eb8a,0,"Not as action packed as the first book this one introduced some new, and very endearing, characters as well as building on the story of the already established ones.",0,0,0,0,0,0
27f431fc87e69594d3e534a4072294b4,5,I also felt confused a few times.,0,0,0,0,0,0
bd1ed86b1854e31b8bae93a3654e8e82,7,"I would still be interested in reading any future novels from Howard, though.",0,0,0,0,0,0
001eaa5d04591cdb9ac99de53c2442d0,2,"This was the first ""full cast audio"" book that I have read.",0,0,0,0,0,0
14f6a7de25d554b351db3d349f9710de,0,This book kept my attention and was a great continuation of the Song of Ice and Fire series.,0,0,0,0,0,0
cf85e0cd451c59c0db518ceafd2cf900,3,I love it when a particularly city or a particular building is a main character in a story.,0,0,0,0,0,0
75b408c79e36a06cebbeff9d3ede7228,22,But he spent most of the time tumbling about with all the pretty women who caught his eye.,0,0,0,0,0,0
aebd4cc0597d72ff3b096cf1d2102b1c,11,"There's something about her writing that I can't latch onto, but I *want* to, so I'd give it another shot.",0,0,0,0,0,0
cb35b363981b392a80fe7c8836a83759,14,"Callie, like the other Unseelie, has a connection to music.",0,0,0,0,0,0
a239a8f806f63142cf87e4defece124c,26,"Keine Frage, die Autorin legt hier den Grundstein fur ein (hoffentlich) grosses Finale, aber ansonsten dumpelte die Geschichte so vor sich hin.",0,0,0,0,0,0
9f2c93113ae1d591331ff2241a5c8c50,2,I was disappointed with the ending as I felt that more detail was needed to the backstory.,0,0,0,0,0,0
e7a2b674866cfe88d069907fe35e13e9,33,I found this to be a very interesting setting and world.,0,0,0,0,0,0
243577745044f4d85d167a993b89e564,7,"I found the book totally strange, and often a bit confusing.",0,0,0,0,0,0
d03c4df0696102693cfbc41ca906b09c,14,"Readers might draw a connection between this story and Cloud Atlas, but those who do so are destined to be disappointed.",0,0,0,0,0,0
c3429c4f38116d3b61edba872068e14b,8,"I recommend this read for fans of weirdo speculative fiction/fantasy/horror, for fans of ambitious experimental art and would rather see someone take risks than to play it safe.",0,0,0,0,0,0
47c2a3e0f9b48b3784f76512a36b30d7,5,We have several of them in Awakening.,0,0,0,0,0,0
57e18a26540c57b6d42cc1cba94d1b24,2,The book starts brilliantly; in fact the first half of the book is great.,0,0,0,0,0,0
fee0b04e0ab93c98e901b7751a68a4be,3,"Twenty years have past, and suddenly Tara reappears, looking barely older than when she left, and claiming she was stolen away by fairies.",0,0,0,0,0,0
eed7aca70adc44f488c73ae89521d16a,16,Paura e dubbi pianteranno il loro malefico seme nella gente.,0,0,0,0,0,0
3770f89041b517791df158214583eaf0,53,Most of the big events and character emotions happened offpage and were summarized via exposition.,0,0,0,0,0,0
0835bf16b090fd4843dd1cf3ae0d9e4d,75,The plot barely exists and moves at a snaillike pace.,0,0,0,0,0,0
57290585a2374bcb9591ac81743c569a,18,Just what I think might be going on.,0,0,0,0,0,0
07d13821ddc3f9d213a70d9d02b77792,6,Who would have thought you could tell a story from this original perspective.,0,0,0,0,0,0
c1ec5d93711861258bfddd437f450924,8,Tiger's story is next and I hope his is more involved.,0,0,0,0,0,0
703baaaedbe406f5e62b5ca84c5b2dd4,27,It grew as they grew older and when they finally realized they loved each other It wasn't all consuming it was natural.,0,0,0,0,0,0
13a060ca69f0adfbfb35786145f352d9,3,"Unlike the nasty Bonnie & troubled Clyde of LBC, the people we spend time with in both settings are entertaining company, and generally likable -- and the face-offs with the few who aren't don't go the way they expect.",0,0,0,0,0,0
8e25e03fa954f6b147c92238e63ef67c,8,"I just liked it, and those are often the reviews that are the hardest for me to write.",0,0,0,0,0,0
4e074ec7ad7292d06767256d64a263c4,1,I don't think I liked it enough to reread the series again.,0,0,0,0,0,0
df37c135915f6edae3d2420f49c8a525,11,"El cambio brusco en su personalidad en comparacion con los anteriores libros, es abismal.",0,0,0,0,0,0
6d297372b3d9ac161ab2218209815481,30,"Without all this unnecessary and overdone info, I would have given this book 4 stars.",0,0,0,0,0,0
40443f3cc9b9d9b9a4bb016934d196b4,20,"This was an okay read, I prefer a bit more back-story/lore when I read about paranormal beings, but if a person is looking for paranormal romance-lite this would be a good book.",0,0,0,0,0,0
4e0c44e9578b51a79117b0b4ce99aa71,4,"In UNRAVEL ME, Juliette kept a thousand stupid things a secret from everyone for no real reason and now she has to answer for that and explain everything; and honestly, I was glad to see her squirm.",0,0,0,0,0,0
6d92fe0071e4e42e50ec35a8347aa78e,31,Read more of my reviews at Pinkindle Reads & Reviews.,0,0,0,0,0,0
07d527a880501df60e41781aec928f22,8,"But, also, love in its different manifestations and the willingness to reach out to others.",0,0,0,0,0,0
b51965789ca1a5b42cb29137dcbfe7c6,23,The jumps between chapters are huge - from a couple of months to a couple of years.,0,0,0,0,0,0
d26349b7423762602e3e6526a2b9d4db,46,"AND either helped chain, beat or kill everyone else with the enemies help?",0,0,0,0,0,0
35910683c02a9b431c8e8bb600f83f39,5,"So, not my favorite in the series, BUT it still has great characters and interesting world-building, so I am still on board with the series as a whole.",0,0,0,0,0,0
4c40542ffd398851bfdefcbea380f26f,4,I felt like Katsa's problems were too easily solved with very little consequence.,0,0,0,0,0,0
b7c2089e91f28d0155d97a46e3ff9a62,6,"And it seemed like Gabrielle was too much of a special snowflake--the first vampire born, soulmates with the king of vampires, nanny was a fate, irresistible siren, the devil himself wants her, etc.",0,0,0,0,0,0
3f577f4806a450c1d8ea95c9afc78ba8,11,Valek was not the charming man he once was in Poison Study.,0,0,0,0,0,0
17415f745b129502f5b6c499af1eb7f6,11,(And don't even get me started on all the buildup for the kingsmoot.,0,0,0,0,0,0
1c751dd3dde82a2baf2371ed8e26faed,5,The other characters only filled the background in my experience.,0,0,0,0,0,0
502ff26bc227a6df77cd32c53f217a1d,2,I can't quite pinpoint why.,0,0,0,0,0,0
f50172946092c95e5ac2132331c0e419,1,"I really enjoyed Spirited, but for me, Guarded didn't quite measure up.",0,0,0,0,0,0
4e3438a57082dfca98369577a0e38027,6,"(And perhaps those will be explained later in the series, as the mesh was interesting.",0,0,0,0,0,0
5ecb2db61b974e74a3281a527b8e5abc,39,"But she still has Tod wrapped around her little finger, about as tight as a vibrating cock ring, even though he's dead.",0,0,0,0,0,0
dbbaeea00e3e97b889576a3946cf77f7,6,"The book is called ""Lagoon"" - well, you know that - after the Portuguese name for lake, Lagos.",0,0,0,0,0,0
ace0df859f18bfa6feee3fb95abad18d,33,The masculine take on werewolves was a switch for me.,0,0,0,0,0,0
93d401a6c1a6ae64fac5e47a5568d10a,12,"He's the bad boy she never knew she wanted and now can't stop thinking about, and he's gone to incredible lengths to prove the depths of his feelings for her.",0,0,0,0,0,0
0111b031898e9af9772b710f0430688a,9,"The resulting press circus that covers Watney's status for months after provides the most insight into what would potentially happen in such a situation, and the switch between perspectives works well.",0,0,0,0,0,0
b571a91133cee951cdf835f836f51b87,1,I actually considered keeping this one.,0,0,0,0,0,0
a798d72f661b1b9d513b891413d60f56,1,"Humor by the wheelbarrow, intrigue suspense and love.",0,0,0,0,0,0
cd7a287032614fba36e1229630d78259,7,"Her family and her father's enforcers are at her home, set to protect her.",0,0,0,0,0,0
b5a85d2a6ce27c9dd81f9e1259f94d38,2,I did really LOVE Sharon Shinn's contribution- it was smart and sexy and enticing.,0,0,0,0,0,0
eaef97bc148ab8131a8ff29c46c38f75,1,"There is a big lead up to a battle that, when it finally happens, is too brief but still exciting.",0,0,0,0,0,0
c429cff394abef789d5ebfb9ab2cb353,2,"Well anyway, I'm not giving up on Brandon Sanderson's other novels.",0,0,0,0,0,0
5dcd9537da5bc568297acd1a8f769ec3,41,It's not until it was nearing the climax that I get too see some some action but even that didn't make my heart skip a beat.,0,0,0,0,0,0
26b104b9dab44c7d89be0519ecb7c3d0,11,The plot itself was good.,0,0,0,0,0,0
1b287b7ba79bdd84e5e358f02caf75f3,2,The gender stuff is kinda... Something.,0,0,0,0,0,0
501bbd9676d3af9fcb606f43dc4a49af,15,Overall: I really wanted something different.,0,0,0,0,0,0
817c094919d93835d5f5f4e61c7803a7,0,"I checked this book out from my local library, unwilling to pay for a book that's mostly blank space and pictures until after I'd given the text a chance.",0,0,0,0,0,0
f86a0fe3319380334d0f43786548e12b,24,I also found myself finally tolerating Cole.,0,0,0,0,0,0
7b7ed93c743a15bacbb2f941d002ec26,11,Of course I loved him in the original series too and he's just even better in this one.,0,0,0,0,0,0
5f4909b3ac4c15322faa81409b6b1e29,10,Basically a lot of 'London' gushing while not actually seeming to know a lot about it.,0,0,0,0,0,0
6ab65ddf43b0b1c25eeed73b92626c09,3,It was amazing that she's so hateful.,0,0,0,0,0,0
3bc23fa65bd08ff53e69a134c40a3669,7,Life is not kissing you stupid girl!).,0,0,0,0,0,0
6ae0a1865717cefb9753a997357e9a28,21,I kinda felt that I was in a Japanese anime and I never lost that feeling.,0,0,0,0,0,0
274e04ef7c6e32ab98385683ededa5d0,20,"If you are looking for some quick read, full of steamy scenes and chemistry plus a whole mermaid-fantasy side of all of it, this is for you.",0,0,0,0,0,0
f1c6c0e068993a9e0d40d59b51e17ea2,6,Now they just felt a little bit flat.,0,0,0,0,0,0
e80223528d6198e1c06b7c90fdf9bf5e,13,"Edit: This was an ARC, so I understand that things might change before its final publication.",0,0,0,0,0,0
f7b5b9c74c522677d08bea1143405ef0,26,I feel that the editor/publisher made a cash grab here as two books cut up into 4 books gets them more profit in the end.,0,0,0,0,0,0
d67db93cb8375b75a000492cd9eca2ee,17,"(Throughout the series, they grow more as characters.)",0,0,0,0,0,0
309d8a1b7ff1d36e36f198c571292cf4,4,It was all about the monotony of life and the crap that you are subjected to.,0,0,0,0,0,0
efd5c68debfea2e47bd217f7c9fbe5fa,2,The ending was just kinda like BAM the end!!,0,0,0,0,0,0
f0590c8e4fc438e6c9047822f01e35ea,2,The demon Al has found a way to break out of his supernatural prison and is determined to kill our favorite red-headed witch.,0,0,0,0,0,0
959338047a4fa58b579583d628d5ee72,1,Blood Song was fantastic and Tower Lord was even better.,0,0,0,0,0,0
2e73c3dec26e4f25c0a1687ab5920b78,0,"La recensione in lingua italiana di Temptation in Shadows la potete trovare pubblicata su Romanticamente Fantasy Sito, a questo link: 
 http://www.romanticamentefantasy.it/i...",0,0,0,0,0,0
bd7555655e9380975f2b1d434a1e7347,2,"The reader, Roger Wayne, has a pleasant enough voice to listen to most of the time but does female voices extremely poorly.",0,0,0,0,0,0
4ad7ad3ccf94fd5e75d4fe0a2b1ff78b,4,I also really didn't care about her life as Saffron and I felt it had very little to do with the plot.,0,0,0,0,0,0
5f32a17c37a4834e146465ddb1342cdf,0,"Before starting DUST TO DUST I had every intention of making this final book last, of drawing out this read, as I didn't want to see the end of this series.",0,0,0,0,0,0
d71f730fda7d0ec90ce29fe4f81ee9a8,40,"Noch gibt es aber Hoffnung, denn wenigstens ein Buch in der Unearthly-Reihe von Cynthia Hands wird noch folgen.",0,0,0,0,0,0
ffc07ad039134048e3aae3f948d41ae9,14,A couple of things bothered me.,0,0,0,0,0,0
4d56223dad44d093fb8a8fcf0e2f4972,1,There were a few chapters that were quite dull and unengaging.,0,0,0,0,0,0
50c936a252f896c041a5199048dd5deb,10,And I won't even mention the unnecessary change in the Charlie-Jack relationship.,0,0,0,0,0,0
183e271063811851b1b4f3de2e673151,3,"There were incidents that happened that didn't make sense at the time, but later on were explained a little better.",0,0,0,0,0,0
4c919b31b1cbdefeed0696b651d8909d,5,Had she left that whole sexually driven aspect out of the story it would quickly become one of my favorite series.,0,0,0,0,0,0
68a140cd840bb105f75dae26a0681af4,4,She just became tedious to me.,0,0,0,0,0,0
57e5d16a3402a74a206c1c035812bbfc,5,"Sophie is a tortured soul, a talented and very damaged girl.",0,0,0,0,0,0
6bbf9f0a3487d07aa0a3b6ce217b6e5a,11,"That's too bad because I really wanted to like this book, because it's a series (Chronicles).",0,0,0,0,0,0
6c58a58b505e5ff9c2add7ce3916f463,19,Trust me when I say this.. they are sick of it too!,0,0,0,0,0,0
d9cb17ceb4c0ca3c502206430e3fa3d7,7,"They form a strong bond almost immediately, although I was pleased to see that it came mostly from him first.",0,0,0,0,0,0
913b061ecc9960268869d96f4f5e6373,2,I think thats why the book is short.,0,0,0,0,0,0
a4d4235404718d0aea0f21723c5c4c63,11,Here it felt like the romance smothered the paranormal with a giant pillow.,0,0,0,0,0,0
7ad4f97ca9536cbbccc9cdfd20e69746,4,My belief in humanity was stretched thin.,0,0,0,0,0,0
84c757cd2c98a116fbf131293714b4c7,46,"I haven't read the Twlight series, and I doubt I will, so I can't compare this to that.",0,0,0,0,0,0
8cdc9e18789f797d2545736082c5a572,4,I really liked the characters of Sonea and Cery and the awkward little blossoming romance there and the depth of world building is hinted at with a few almost throw away lines but for me the book didn't have a lot of velocity.,0,0,0,0,0,0
87199b0cb5b706ce12523d680c550120,16,Amelie/Cory is the third Fury - she replaced Alekto.,0,0,0,0,0,0
6833f60473dbda3fe43829e989a57dbc,13,This is such a great series for middle grade and reluctant readers!,0,0,0,0,0,0
4df59859a56e71d589c93de440e08f14,31,Probably in the minority but I'd be happy with less soul mate romance and more Morgan Le Fay & her Clan vs the Tremaine's.,0,0,0,0,0,0
4346ca4d83448003e6b1b7018e0b48fe,1,There are additional strange and intriguing photos sprinkled throughout the book.,0,0,0,0,0,0
18eaffac737a46e1c20a7933b1164bb0,1,Her vampire father is crazy and she is the one to keep him sane and her work with the Hunter Council isn't what it seems.,0,0,0,0,0,0
2d91199348dd23a3aa961a771f36021a,0,"** spoiler alert ** 
 I've never played the game so I wasn't biased - I didn't care if it was better/worse than the game.",0,0,0,0,0,0
48c1a5e19578c17f0ac52b2e5e6c0969,1,This one was actually better than the last few books.,0,0,0,0,0,0
f0b51feeb289178588f577cd17fde296,12,It was basically a mini contemp until Conn turns out to be a secret agent (no spoiler since it's sort of a given) and abducts Darcy.,0,0,0,0,0,0
51f0b47520e4b1d4061c640a530b80c9,3,"Once there he must convince the local Eve, who Ransom calls Queen, not to listen to the Snake, that is Ransom's old foe Weston who is litteraly possed by the Devil, and disobey the creator's orders.",0,0,0,0,0,0
845212c5df86a162fa3ed85fe85febc3,16,"And it also has suspense, adventure, and danger.",0,0,0,0,0,0
e5101c69fca6e736c432381fa29be61f,1,this is a great reads to those who likes girls chasing the boys and saves them from the dark entities everyone thought is his own.,0,0,0,0,0,0
fbebfff9f9330998bbae9a6e7af2d699,9,"On paper, this sounds very interesting, but the execution was lacking.",0,0,0,0,0,0
2ab2be102efb9cb2d38831e0dca2bcae,28,"Read the rest at FanLit: 
 http://www.fantasyliterature.com/revi...",0,0,0,0,0,0
584c2c87a3197a56ce682363d788225d,9,The relationship between Dominic and Mackenzie for me was basically one between an older Bella and Edward.,0,0,0,0,0,0
084fe8b8d72c768e29fefe4cd20dc8fd,101,Would she turn away from him?,0,0,0,0,0,0
86d09850f52683cc79dc7006cfc4b4b0,18,"For sure those princes make a lot of children XDDDDDDDDDD, the royal family is huge :O 
 Also the princes' cousins mate with the brothers of one of the princes' mate ...Rolf..... 
 Is a book, so all is possible........ 
 See u next book, if the author decides to write another and explain something.. -__-'",0,0,0,0,0,0
ffc9f2a45f0fdfd18b4485ef1a6fefd0,12,There is a bit more depth to Inigo's background and we actually get one for Fezzik.,0,0,0,0,0,0
f25f0e8eca86163295de03ee4353559f,13,Another problem I also had was why isn't there more romance????,0,0,0,0,0,0
21f9af1fcce88f7c4de4cf212c1680b5,3,Ultimately it was too fantasy-lite for me to give it more than three stars.,0,0,0,0,0,0
02cd8386958062b5388165b7790a84bf,7,"Complaints aside, there are some good things about the story.",0,0,0,0,0,0
5ed904844ba9fa4471d3a908d74f4684,56,Was it better than the movie?,0,0,0,0,0,0
4c5d09479a523fa1a18526690b5749c6,11,"This is a bridge book, plain and simple.",0,0,0,0,0,0
2f69a7bf762bd37b2df1621363b3d065,0,It did grab me at the beginning.,0,0,0,0,0,0
67075ef595a8864f6fec8bf2ce9a3384,0,Picked this up for the excellent illustrations.,0,0,0,0,0,0
9c07f343f5ce951e1cbdb3cf4629d5b0,8,"As with evolution, traits or attributes change over time based on need, so without knowing the reason for these powers and why they are needing I was left feeling unsatisfied.",0,0,0,0,0,0
d8146eda1e6adc80a373ece015970989,13,He came off as mean and I dreaded reading about him.,0,0,0,0,0,0
ea1c5df317b1b5ec72edf9a3175b5ac3,1,"I get it, they're dry, unemotional, super hot dudes who invade your dreams.",0,0,0,0,0,0
33c64163f7b559ec399c400e4510147d,27,It's not because of the incestual romance!,0,0,0,0,0,0
3cecff6cead1e0514d830b2711a4462c,0,I don't feel the need to write a proper review as many others have written such thorough reviews already and I have nothing new to add.,0,0,0,0,0,0
8042f7e3738189a5a0ea2f98a8682920,1,That reviewer was being kind.,0,0,0,0,0,0
0dcda8417121220cf4b7607142a9cf8a,20,"We know the Epics have taken over and the normal humans aren't happy, but that's about it.",0,0,0,0,0,0
12fd68fa878da4e370b1ddf27275b1f6,11,Moning hasn't let me down yet.,0,0,0,0,0,0
63fcd4b3bf0b1ce583a70e790095d48d,12,The world and characters were interesting at least.,0,0,0,0,0,0
5ee9f67c4668d9d1bc04462b947f29d2,1,"Josh was awakened at the end of the last book, and he, Sophie and Nicholas have escaped from Paris to London.",0,0,0,0,0,0
3d2985453456fe4502cf8c222919ee8e,4,"Thanks to a drug that was taken by most people after the Cold War, generations later they are seeing mutations.",0,0,0,0,0,0
f1847687de0af08c0b98b065ec407a83,10,I am a fan of the series too!,0,0,0,0,0,0
2da48a5d93c97d9b5d18708ba85bf47c,77,"You think there's going to be some action, and then she pulls away, saving all the excitement and action for the very end.",0,0,0,0,0,0
9eea567c9f05c4e61d925ce519fdf34b,5,And then do it again.,0,0,0,0,0,0
3cbf62ca2c656cf2e6456bf7447b516d,0,The story was cute and I loved the parts with Jonah.,0,0,0,0,0,0
f201e710ef75d52557b32db0facb8541,12,"Speaking of Dank, he was such a douche bag.",0,0,0,0,0,0
7d944b166d5dbd25317680a174c62262,12,The writing is very descriptive and Hill's mastery of sweeping the reader up in his carefully designed set pieces is all very much on display here!,0,0,0,0,0,0
ea922971d7a0c5c68d3c1ea458508a63,15,"It seemed to get moving and the action would pick up, yet once it reached a certain point, it flat lined and was left in a climatic limbo.",0,0,0,0,0,0
2847292853923afc0095af08cbd8c570,1,"Will be continuing with the second book though :) 
 Was good for a real quick read as well",0,0,0,0,0,0
1bfe33967a0261d549581c5f6299fcf3,2,"After visions cause Daire to be physically restrained, her mother has the choice of sending her to an institution, or sending her to her grandmothers, someone who has not contacted or seen either of them for years.",0,0,0,0,0,0
40373970b4d03f2d3ff18d1cb8739794,0,I liked this book quite a lot!,0,0,0,0,0,0
a093d527b3bb9f11080566f08f4c6db7,1,"Abby Cooper, Psychic Eye helps out the CIA with her Fab FBI fiance, Dutch.",0,0,0,0,0,0
8b4a8e453e16d7e42ddc0699bc1e034b,16,"Really, she was getting on my nerves with her overreactions Purple streaks in my hair?",0,0,0,0,0,0
77d0c64442f6f5b65c474e3fca250f74,5,"But then the more I think about it, this is a well-written novel and it kept me interested enough to finish it - so I must have liked it to some extent.",0,0,0,0,0,0
b0af45a49e83dd2bd0097d55f7dec7ec,17,"She travels with his army to the city of her birth, where life in the castle is full of both intrigue and beauty.",0,0,0,0,0,0
6823dc2508601114a20badd31f8768dc,3,(Unless the dystopia has been mostly fixed by the end.),0,0,0,0,0,0
dd70779cad6bd52dfaa52b972b730917,8,"Like many first books of a new series, Turned is packed full of new characters, complex backgrounds and intensive world building.",0,0,0,0,0,0
a797228d7afdde473f87ec46c0402d51,1,I felt like the writing in this one was worse than usual and often repetitive.,0,0,0,0,0,0
167bd6ce352c7ac7c2b6e94bb41447ec,19,"It just drives me crazy that Anna have to stay pure, pure, pure.. probably the most common word in the series.",0,0,0,0,0,0
3a59892362802208cfe951c755cd56e3,11,"Also, is deWorde married to Sacharissa or not?",0,0,0,0,0,0
6cd2a39132f42e7e2ac78c21ba0d4380,3,Plus there were no real answers!!,0,0,0,0,0,0
88710a711ea5c9b824b968777d3ff87c,2,Because dear GOD she's terrifying,0,0,0,0,0,0
d0e822d541427f48696f533f94569586,10,"Right, something about vampire politics and the seethe, too, but whatevs.",0,0,0,0,0,0
9cbba7989f57da01824ce5a04eb2b779,7,His past is really dark and we learn more about him in The Hidden Library.,0,0,0,0,0,0
7e362aec827c8fdc288dae879ef915bb,2,"This short-stories compilation from the worlds of Entreat me, Master of Crows and Radiance, was a morsel-treat, yet still a treat and I really enjoyed it.",0,0,0,0,0,0
9861a8a62a3c76b0f789c6f8eea51f25,16,"Overall, I enjoyed this book.",0,0,0,0,0,0
df130539eea041d28b240929613d2798,1,A nice balance of Shakespeare and reality as Juliet tells us of her love and hate for Romero; and why.,0,0,0,0,0,0
189d4d85ddfa6e07dbf5def1936f581f,2,The time and attention to detail that King put into this book is incredible.,0,0,0,0,0,0
614ac8773e9362e2c5268719d1515ffb,13,They totally misinterpret the other's intentions until things happen!,0,0,0,0,0,0
3a45aa0793bb19d3308305683dd92dac,8,Cabel really is the James Dean of McMann's world.,0,0,0,0,0,0
ad54897c75bf78e01bf507be9034d5ee,4,But it's not so easy when some people are pretty invested in making sure dead kids stay dead.,0,0,0,0,0,0
dab3cc079d442c054b2158f887d52df2,4,"Richard had been recommended by Owen Maltby, a man Alice recently met at a Cafe.",0,0,0,0,0,0
ecf617ea253992e9fe22ad725d1e64b4,44,That didn't help me understand this book any more than if I had rushed through it.,0,0,0,0,0,0
4d9223b98b533eb2ad7cd893e0d72600,12,"The plot moves quickly (perhaps too quickly at times), and despite my complaints about the writing, it did set up some gorgeous settings with its focus on description.",0,0,0,0,0,0
3263a76ebb4c272603caa38d4b8147d4,15,"Putting that aside, though, there's an odd vagueness that suffuses the entire story- the mystical elements of the book are described in very broad terms, and left largely unexplained.",0,0,0,0,0,0
8c884413d2654c679980d8fb1e9ad902,5,(We liked to pretend that we were Pokemon trainers training to defeat the Elite Four.),0,0,0,0,0,0
8f959a0de52cd20c04edd66aa7ebb403,11,"""Don't forget, Gray the Glassblower's son has said to me.",0,0,0,0,0,0
516f5910254e615212100858064ad545,25,There is an infinitely small chance that all your main characters will survive.,0,0,0,0,0,0
0c6821c2ca203d18b2419e65ecf290fc,10,"""I'm going home and bathing in tomato juice.",0,0,0,0,0,0
ba908bf5cbcc6b6e9fa9766165d6acf3,1,"He lives with his two sisters, brother and grandma.",0,0,0,0,0,0
bfb7f0bb0f0684eb2f0731da607f4a13,5,The beginning of the book was very slow.,0,0,0,0,0,0
76c7bc7060ca7f791331039d6f64fcf4,22,"I'm only vaguely interested in the story and where it goes from here, and mostly am still reading the series so I can say I did, and add one of the creators of my favorite genre under my belt.",0,0,0,0,0,0
491d91ea0aa2783f1441731e50a8f0c0,75,"If this book WASN'T supposed to teach life lessons, I wish it was.",0,0,0,0,0,0
84f9df64b1de1d919a56d53027f8bd57,22,But in the next book--which I'm planning on reading--I hope to see more world built and it to be better explained.,0,0,0,0,0,0
559a2c09abafddf85f531ae840ce05f9,2,"Something about the Amazonian Bird Woman's story, however, was problematic.",0,0,0,0,0,0
0cd6692021efbff84b861385afe9d1af,11,She was just starting to understand them from those few lessons in the end.,0,0,0,0,0,0
830a84d9bd057392a5e7057e9b3d6090,15,"I did not receive any other remuneration, and the review is composed entirely of my own opinions.",0,0,0,0,0,0
7be04c03382a7dab273a11c26cf98ce4,1,There's action and plot endings but I enjoyed the first book in the series more than this.,0,0,0,0,0,0
504529fe2eb924842017bda0765a56d4,3,"The book didn't get interesting to me until... ***spoilers from here on*** 
 ...the head of the greatest goldsmith to ever live in the Old Kingdom went flying across the room.",0,0,0,0,0,0
c1a5061dfd6166705f86e30c0768935e,10,"Der Sprachgebrauch ist jugendlich frisch, die Erzahlweise flussig und bildhaft.",0,0,0,0,0,0
97d005a8a841aab98b58c091895fa82e,4,This schooling is necessary if he is going to work in his father's medical clinic.,0,0,0,0,0,0
7ba099c44f30c243b4c0c783ddca21c5,6,"In Amara's world, mages did their magic by calling spirits, and everytime they did magic, there would be a backlash on nature: storm, for example: why would you do magic, then?",0,0,0,0,0,0
7f670926945bf428d1648203fd1572c6,13,"In Tolkien's case, his moral view was a very specific evocation of the ideal of 'Merrie England', which is an attempt by certain stodgy old Tories (like Tolkien) to rewrite history so that the nobility were all good and righteous leaders, the farmers were all happy in their 'proper place' (working a simple patch of dirt), while both industrialized cultures and the 'primitives' who resided to the South and East were 'the enemy' bent on despoiling the 'natural beauty of England' (despite the fact that the isles had been flattened, deforested, and partitioned a thousand years before).",0,0,0,0,0,0
74558006f98b2f1071e46c44d16f5d42,4,"And life is, frankly, too short to read poorly edited stories.",0,0,0,0,0,0
c4182d1992105c2060725bbf4cd44960,2,"So he sets off with his BFF Chuck in a long roadtrip, but in the way he starts to change, he feels different... he is becoming something very unhuman.",0,0,0,0,0,0
c47f25dbf7086a64608ac5250e28c630,2,I'm starting #2 in the series since the series as a whole seems to have pretty good ratings.,0,0,0,0,0,0
e89d8407b81e34faae9490332eb457c9,1,"First and foremost, a big thank you to Nikki from There Were Books Involved for giving me her ARC!",0,0,0,0,0,0
55fb3eebf38779c4df18303cc073e97b,1,When I read this book I had no idea that it was a different version of the YA series so I had no idea what this book was about.,0,0,0,0,0,0
2ffd16a6f874ab96f5d42647ae90faf2,2,The antagonist has planted an inside man in whatever sanctuary the good guys are residing in (aka Expect some betrayal).,0,0,0,0,0,0
46f5d4f43722947972398594bb17bd15,10,"I also enjoyed the growth of Cabal, after his getting his soul back in the last book.",0,0,0,0,0,0
3198d79f2e5b78851c2fd882b22894c2,55,But I've probably just read too much.,0,0,0,0,0,0
bb742482d1ffbf84e80e06516ba57bf0,0,"Some of these stories were excellent - funny, enthralling - and some were just so-so.",0,0,0,0,0,0
01c8fbabde0e8698ff8bd1d8409d326b,7,Fultz worked this aspect of magic into the story in a way that made it possible for the plot to continue along a logical path without using Deus Ex Machina to get himself out of a jam.,0,0,0,0,0,0
f435f02bba115e8a7b56be1cb79aecc1,30,I'm fine with her choosing either man.,0,0,0,0,0,0
c433b57cd2cd310a5388c15d2c48b23c,2,"Increasingly, she doesn't fit among the Alchemists, and this only becomes more extreme when it becomes apparent that the Alchemists are dealing with hunters who don't seem to differentiate between the moroi and the strigoi.",0,0,0,0,0,0
78ed572aeeda4a08d681fcdc6bd0d834,12,Overall I enjoyed reading it.,0,0,0,0,0,0
4c2e87c87f1690bdc576d53ee53d4072,12,"Things go slow, sentences drag on, and you will find yourself rereading some things.",0,0,0,0,0,0
0e57cbdcbffbf4d3cf184f32743bc6f9,5,"I mean, it could be 200 pages shorter and not suffered for it.",0,0,0,0,0,0
5d7feabd25c315ecd22718b1bc69b480,4,"On the other hand, the fantasy elements are interesting and fresh.",0,0,0,0,0,0
4061d27394f73c255b65a45218d37a6f,12,"The narration is frequently awkward, and sometimes confusing.",0,0,0,0,0,0
cfdc1cda61838f8e421fe61d26e996c7,29,Again I just felt the premise very good but execution a bit rushed while wrapping up the happy ending.,0,0,0,0,0,0
899d747550a07a052ea4722e379342f4,2,Did this book still seem familiar?,0,0,0,0,0,0
3f9a18f69c802204dad2530024061ffe,6,"The five follow Sider's lead to determine if the barrier is down (and it is), and Pan and Prue get caught by Lizards/Trolls.",0,0,0,0,0,0
2ec14d1f37759f8877ddcbb08d27bfa0,1,The reveals right at the end make me want to know more about what's going on.,0,0,0,0,0,0
088f327d19c44c3c0c54be359b5d0396,6,"Nonetheless, for me that one worked, this one?",0,0,0,0,0,0
331741e1b89b356ec1a3cdc15ea3b8a1,0,low red moon was those kind of books were u think its going to be good but the plot wasn't all there.,0,0,0,0,0,0
a9afa90b2aab05e638c3d0b3e193892e,9,I didn't feel the madness I felt from Maven in the last book also which was what I was looking forward to.,0,0,0,0,0,0
2587186a20f1cfcccc05dbfc7399f0d2,7,This book left me rooting for the villain.,0,0,0,0,0,0
e1bae3a1d1c106611b4baa29c766e085,6,It's safe to say that I hated you.,0,0,0,0,0,0
1992484854908a8778b1cfc4954f1b41,11,"At the very start of the novel, it feels as if you've been dumped in the middle of the story- it takes a bit of time for you to be able to keep track of things.",0,0,0,0,0,0
2888f29a0131404c533a98f1067e5992,4,"Instead of a singular main character in this tale we get two boys, close as brothers.",0,0,0,0,0,0
a1ca8783f7c45c724d903da0f7173f7b,1,You read (or listen)them and part of you hates that you are reading them.,0,0,0,0,0,0
be67977efb48975a1158dfda55f20a2c,9,"I nodded, pulling him in for a soft, lingering kiss.",0,0,0,0,0,0
24eab66454db2cef8a224e08672023d2,7,"I did laugh a bit, and I do think this is one that will translate well to the screen, given a good director, with a just the right amount of cheese vision.",0,0,0,0,0,0
df0fbad576f389a219c69f650e59446e,3,It is not teen paranormal romance of the Twilight brand.,0,0,0,0,0,0
3c9e00dfba3e0e8f7f7520bb35d57dd4,13,"4 stars 
 Experiment Number Six by Mina MacLeod 
 The first person present tense took me a moment or two to settle into.",0,0,0,0,0,0
1166fb5387366a7b70ad8d93d5c1694e,0,"Welcome to a Victorian England where a little bit of magic still exists, as well as some possible time traveling, and some of the strangest and most unusual characters you'll ever meet.",0,0,0,0,0,0
8e77e487eff299bf3fd2ed1d0736f275,20,"Only, will Vaughn believe him and support him after all Lyle put his dad through?",0,0,0,0,0,0
a3fca427fa725c699e0643031317cbc1,12,"and yet, against all expectations, i have difficulties with reading fantasy novels, with their wacky names and geographies.",0,0,0,0,0,0
8a611032dc8b41b0a3d823472104897e,29,If you read the Glossary you will get a snapshot of each character and a little bit of history beyond the book.,0,0,0,0,0,0
cc002201ad49d9727fb8626c16c7811e,19,He simply thinks that kidnapping Petula's body and taking her to homecoming will do the trick.,0,0,0,0,0,0
7f747e93f867e89b56af9579661cb530,3,I did get the other books tho so I hope I like them better.,0,0,0,0,0,0
88f94a92d892ffddaa9b3222fa09f695,12,"All sorts of popping hardening nipples, throbbing loins, and simultaneous orgasms.",0,0,0,0,0,0
ac8822c60f6e1699b1a9f6b88087cfe3,63,"there's also a repetitive emphasis on white and black, la magia negra/la magie noire, crow and dove.",0,0,0,0,0,0
f0dba32d8a4ac4672514cd59c62eafeb,2,"Eso no quita que toda la historia de Firelight sea no solo buena, sino que tambien original y entretenida.",0,0,0,0,0,0
89ce53acee24b82cdd9a0ec3b1b4adae,2,"Stongwilled and resilient for her age, she has not had an easy life.",0,0,0,0,0,0
56ed56b795d857751c64a3cd777c8e6b,7,"The book is worth reading, but I agree with several other reviewers who have stated that the author should stick to short stories.",0,0,0,0,0,0
91f1872feb47f9b058961efa86d6a004,4,"Lasot atzimeju bridi, kad vini satikas ar Silent Brother Zachariah, vispar cereju, ka jau sai dala Klerija vinam palidzes, bet pie ta noteikti nonaksim velak.",0,0,0,0,0,0
f9979fb0907150147e8f498feb4d965d,1,I must admit that it is really well-written.,0,0,0,0,0,0
e96ddc128c81fef0c2f342047fe8661e,38,None of the big questions from the present timeframe have been touched on.,0,0,0,0,0,0
14057f760fa184c7dd908986c0e29097,0,"3.5 out of 5 
 I liked this book, but it's not my favorite.",0,0,0,0,0,0
7d4612c412ab662bd07f90b354b23c5b,2,This book was a great start to encourage the reader to pick up book two.,0,0,0,0,0,0
6a517a7e83d12f7493eb10d1237245cf,7,"!& i liked the part where Skye says he'll name his firstborn after Katsa 
 SOOOO THATS ALL :)",0,0,0,0,0,0
6b96cea152d7c4810e07ac1927ebbe29,41,"Meyer's first person narrative helps this process, of the reader becoming Bella, as well as the lack of subplots - the entire novel is focused on the main plot, the attraction between Edward and Bella - this intensifies the story further.",0,0,0,0,0,0
3d27a5bc98c601fa7b36c0430a59eff6,20,"Ok, maybe I should lighten up.",0,0,0,0,0,0
3c3207b542aeb37b6cbbf096be2bfa63,5,There was more of a mystical look at the whole death and dying phenomenon.,0,0,0,0,0,0
4adf9d0d9d2e12a8596d357f56f78848,2,I'm sure it's fantastic as a show.,0,0,0,0,0,0
feb89e1a05641bcfdb7e52259694c087,29,Are there flowerbeds in Llew's room?,0,0,0,0,0,0
9af1ef175826c662e936d400f36ce8c1,16,Alex's nerves about how Luke would react and their coming together and Luke accepting him for who he is was great though.,0,0,0,0,0,0
774cd9c09f5cb58b304ffb3a3d255f8e,10,"Hineline was building, but the novel has a lot of detail, some of which might have gone a little too in depth.",0,0,0,0,0,0
d8a98feae9b746308e33f3e40f29d5a7,10,And then the book ended.,0,0,0,0,0,0
20917912aade43699b6023219b351812,7,Cal and Catcher are very similar.,0,0,0,0,0,0
f0f1c5dae479253835ad9f1a44fc325b,10,"Regardless, it was a bit of a let-down, and a reminder of why you shouldn't revisit the stuff that you treasured when you were younger.",0,0,0,0,0,0
3fe921b494aaa6e3c6a8546560a062ab,12,"Political battles give rise to physical battles with gods and mythical monsters, and the novel's rich Aztec mythology is deeply intertwined with its human relationships and ambitions.",0,0,0,0,0,0
4c5388089ae8d1c8e4c6fae389c3d14e,6,Nina also has to face her past when the killer of her parents enters her life hoping to kill her too.,0,0,0,0,0,0
7244e52c220cc389ee55c64165858af5,3,"I will say, I look forward to the second book in the series now that I've established who's who; and grown to enjoy the base characters, Lila, Kell, and Rhy.",0,0,0,0,0,0
3765267fb1a7b9b8d120e89f570377ef,7,But then the last 100ish pages (at least for me) kinda redeemed everything.. the twists of the story and the characters were really good!,0,0,0,0,0,0
6688c7e3c550196ae1b71071e75054aa,5,This ruling class - the Amarantin - lives vainglorious lives in the floating palace of Sky.,0,0,0,0,0,0
a4f77173a1ef76c758584ef8bff3117a,13,"Nikolai's magic is intricate, mechanistic, methodical.",0,0,0,0,0,0
4aaa052a7db5a7ceb2410790ec70b857,22,I also liked how it was mentioned that they had had a fling years ago and now they were just best friends.,0,0,0,0,0,0
9fad5ca1a529beca74a54f65f9535c4b,4,"I felt like maybe I didn't connect enough with this one, though.",0,0,0,0,0,0
1f20bbb9b2472796f200a6068d73387d,1,The concept and the *plot device* of this book was very interesting.,0,0,0,0,0,0
383c1134ec211d24b1a3b2adacdd59a8,5,"That being said, the first half of the book could have really been a turn off had I not been promised future granduer by trusted fellow readers.",0,0,0,0,0,0
9387a8c120afe1be97bdddd0685e3e2a,10,"Glory is about 400 years old, and Blade is much older.",0,0,0,0,0,0
8517df8daff82ac7b959f1029cee0643,8,"Then you fall in love with Liam, but be crushed.",0,0,0,0,0,0
0c52e0c17a8a4bfd5172eb6fc6e31d6e,15,Or does it not count since his mother was the mudblood and married another wizard?,0,0,0,0,0,0
bf39bab52e494657f2a8d134d56e2d3c,30,"Unicorns, at least as portrayed in this book, are not social creatures nor do they care much about the doings of mere mortals.",0,0,0,0,0,0
df12254c3c8ceccb7fbe3f35d0cae554,13,"After this, the tourists are picked off one by one by Cthulhu, who also feeds them, until there is only one left .",0,0,0,0,0,0
42b006165b2369b43cb0002eb5b91ece,4,Narration: Tavia Gilbert is an ok narrator.,0,0,0,0,0,0
187a0bb1d585edc6486c1e48d69f1f20,0,"Now that the world and basic premise of After School Nightmare have been established, this volume brings about more character development, along with the introduction of two new guys and a look at what happens when someone graduates from the nightmare world.",0,0,0,0,0,0
455f03e378b638242a35559f31afc89c,5,I honestly did not enjoy this one as much as the first.,0,0,0,0,0,0
0f8c58528a044bcd640d0e05a7cc2c59,12,"Kyol reminded me of Chaol of Throne of Glass, only because they are both captains and seemed to take their jobs very seriously.",0,0,0,0,0,0
57f5d3ad760760e3fd83966336f141eb,19,"There's a twist at the end that definitely shows another side of her, and she definitely grew on me!",0,0,0,0,0,0
f3bce6fbcf5860385f0f7c8e4753c64a,0,"** spoiler alert ** 
 For OBOB.",0,0,0,0,0,0
092ea380a5b701bc3a6452f500526463,8,I wish I loved this book as much as I did that one.,0,0,0,0,0,0
a2d54948bc1566ff86c05a2504a7ccea,2,"This is my second Holly Black novel and to be completely honest I was definitely expecting to love this more than I do because I fell in love with my first novel of hers, TCGICT.",0,0,0,0,0,0
3a0823fbc0b0e8b6d9e178e8cf8125f5,31,Things get complicated real fast.,0,0,0,0,0,0
7460082e52f510dbdb4b8d2da19b45cc,11,"In some ways, New 2 was like a main character that I never got tired of reading about!",0,0,0,0,0,0
369022c9e0a1c25e0075e096e92a38b4,1,Koontz' philosophy is becoming more prevalent and more abstract lately.,0,0,0,0,0,0
ce82de77d19a54b5b63e67d569adae3f,0,"What to say, what to say.",0,0,0,0,0,0
b6ddb5a534da49f76dfeef1cc6907329,3,"Negative: I didn't really understand The Warrior Boy, it kind of flew over my head.",0,0,0,0,0,0
9272e9c6191edf6648cb3375b2648d8f,2,"Although, that series is much better.",0,0,0,0,0,0
fe0241856606ebc8921cfec4fce9aecf,70,"Oh yes, only in every single YA dystopian/fantasy/sci-fi book on the planet.",0,0,0,0,0,0
70d93c3adcf478f2720dfe55f70cca06,5,"It's similar to Incompetence, where the story is really a series of short scenes stuck together.",0,0,0,0,0,0
a26a5363cf4f01b5462cc4512faf6763,9,I liked the main character and how gutsy she was.,0,0,0,0,0,0
bfb2724ccbd81b9e617c51b6a0724321,5,"Summary: 
 Jude and Ellina are drawn to one another - and both resist one another; Ellina because she does not expect he could accept her demonish side, Jude because he has cut himself off from his feelings for so long and does not feel deserving...",0,0,0,0,0,0
53ede3c6caeb908593d23f0a3a0eb9d8,1,"Lonely girl in small town with abilities she has to keep hidden, allies unveiling themselves, love triangle, etc.",0,0,0,0,0,0
b2faec183c8b1985cd879aa2dc771dc3,23,I really enjoyed this book.,0,0,0,0,0,0
0f39b5c4b932493b795e4e58b4045351,4,Yay for strong-minded and independent females!,0,0,0,0,0,0
de573de23823baf98573bd3915bece70,18,"When Jane becomes a succubus, she becomes a part of his group.",0,0,0,0,0,0
1df214c64b322d0464ad6759de5e297c,7,First is the treatment of science and magic.,0,0,0,0,0,0
d40933f651709bf422086c2a10e47b73,4,And now it's time for Kelsea to take her throne.,0,0,0,0,0,0
002eb8c11b0484f59440a05e74e13414,10,"As Magnus learns what it is like to be a ghost warrior in Valhalla, he tries to save the world with the aide of a Valkarie of Arab descent and two disguised homeless men.",0,0,0,0,0,0
e6adaf519cc5b9c5b1c9516dfb0e4ade,6,The time-jumping was much more tolerable.,0,0,0,0,0,0
d7e2db28093696ceb53fcce447f14af9,3,"Isol es otra especie de hechicera, capaz de representar las emociones que unen a las personas como hilos de colores.",0,0,0,0,0,0
b7dfeb0239ca792be3d45224a69e47b5,19,"-rend 
 'Oh, no, I really think that you were.'",0,0,0,0,0,0
511a45891c11461ccacb281f3d4fa90a,3,"But boy, this book was such a letdown.",0,0,0,0,0,0
90bb1377af65693eb86fe59717e62328,90,It's a relief and a burden of his back.,0,0,0,0,0,0
13b59544b46d58849b81d069417f67b8,2,"Stig let her stay but he knows with him entering his mating phase, the woman he has lusted for should stay far away from him.",0,0,0,0,0,0
43d138743861c7d2dc868ca3e8208332,5,I was literally PULLING MY HAIR OUT!,0,0,0,0,0,0
fd0333aa13ba58b9f6be3237688e5b5b,2,I was totally freaking out.,0,0,0,0,0,0
02c79da4e7be3821cc9b245a985fe278,0,I really enjoyed how down to earth this novel was.,0,0,0,0,0,0
44a87d84652c6b9580458f656a947ffb,0,It's ok 2.5 to 3 stars.,0,0,0,0,0,0
4869ae6ae17e298b9f308f29b24dcee3,8,"In the first one, it was more subtle.",0,0,0,0,0,0
ee94508f4b120d44f7240a90f564b2c8,14,"Our hero, Cugel, is one of Vance's finest creations.",0,0,0,0,0,0
e5f896644226d9472801febbd109a9e2,0,Miranda Bond becomes the captive of two vampires (Zayan and Lukos) who have traditionally been enemies to each other.,0,0,0,0,0,0
34fd4ecf72b30c74d5778153ee1542da,5,"Then, let's get into the characters.",0,0,0,0,0,0
5772d6ec2daed7c7693be00f82c2e716,15,"So I thought that was awesome, you don't hear much talk about musicals!",0,0,0,0,0,0
12676a448b3561a562771fa6920a4b29,2,"Most of the interaction between Dane and the other two characters happened in front of and at the whim of another character, which didn't leave a lot of time for Dane to form a bond with Kath and Ben that would make a deep emotional connection convincing.",0,0,0,0,0,0
536c75cb615dd9faeae30e52984ea0c6,1,Lots of build up for kind of a small climax but I will keep reading the series since I hear they only get better.,0,0,0,0,0,0
c9e35b617708686dca53dd1880c4cc52,21,"I want to believe this means that the author has more in store for us, but reading her various answers regarding that question leaves me feeling like that's not a definite.",0,0,0,0,0,0
57d1c1ce548a3237a19235862c8b8ca1,0,"What I really liked about this book: 
 Lora Leigh's ""The Breed Next Store"" -- 4 stars -- Sweet (for Lora Leigh) story of a breed and the mate he discovers living next door to him.",0,0,0,0,0,0
7871a05004f8bae27405a5c4ddd2ade0,3,"What would have been so wrong with saying: 
 ""Hey, Ethan, I am sorry that I hurt you"" ?",0,0,0,0,0,0
e3f1735412692a2804a6bb5e90e31e92,3,This unconventional fairy tale veers away from the hackneyed plot of a knight in shining armor saving the day.,0,0,0,0,0,0
872a2bff1946a1824cc2fe1ec7dda057,26,Rare Form is a great start to what looks like it will be an epic series.,0,0,0,0,0,0
f8785c234dbcd2184c045ebabe44f103,0,Loved the way Ever will do anything to be with Damen.,0,0,0,0,0,0
b52c2236ad0788ae0e70f6db21c83e37,1,"The story and the supernaturally society described had a positive message, and I'm looking forward to learning more about how the community functions and what it does.",0,0,0,0,0,0
ec716dc0c0fc28a9ee65e42cc71946f3,2,"It brings up more questions than answers, and in this instance, I'm not entirely sure that's a good thing.",0,0,0,0,0,0
67afb3fa3455d1b178888b06eef66ec2,8,"This book is all about Bronwyn trying to decide between Rider and Ronan, two men she is completely in love with but she finds herself sharing her bed with both of them (not at the same exact time).",0,0,0,0,0,0
58614afa9bcce9a6afee5c96c57c7581,17,And it is the world in which Melanie will be oppressed and violated--in a sense.,0,0,0,0,0,0
8858db7eb8bfa65d72ca3c3018cc8052,3,"The book had it's genius lines sometimes, I loved the main character's name..Zara is a great, lovely name, but it was kind of dissapointing the plot and the style..childish, in my opinion.",0,0,0,0,0,0
73f56a84c65d4ffff6f4eb30c43cd5a6,3,"Yet it took me a while to get into the story, in particular, because the first chapters I did not unerstand, where I am.",0,0,0,0,0,0
657d2f2a9fa43c8d2b137641e956d3ba,34,"The effects in the movie were pretty good I guess, just average for this day and age.",0,0,0,0,0,0
5a64dd89357e0a5a16ef9deba66f4a61,5,"With Half Wild, Nathan is no longer imprisoned, so the story is able to focus more on the plot.",0,0,0,0,0,0
86755607898af37bd472cf4721792be3,1,She refers to it as the beginning of season two.,0,0,0,0,0,0
e6f104c929dfb175ac0ae13af99ce37f,14,I did like some of Luce's friends that she makes in her stay at Sword and Cross.,0,0,0,0,0,0
9bad195bcc759d7604563f5fa99fcf90,10,That struggle is only one of many in this complex book.,0,0,0,0,0,0
8b86dc8e144fd76e89c5c56cc200f9ba,27,I fail to understand why everyone was so in love with her.,0,0,0,0,0,0
e4261205138fc28e898724779bc6f242,8,"Her brother, Mr Hammond, had much more of a role but did not seem to contribute too much.",0,0,0,0,0,0
9e6ce6ec33a3fd6463e771aae594b8b5,6,"En este segundo libro, Gin lleva dos meses retirada del oficio, refugiandose en el ""Pork Pit"", el restaurante que heredo de Fletcher.",0,0,0,0,0,0
7a462c7dac450c60b6627d83176a9511,5,"I did find the fight scenes a little too stretched out and her inability to kill Slater quickly a bit contrived, and the demise of Slater in the end too abrupt and a bit of a let-down, but the book is still an enjoyable romp and I look forward to the next installment.",0,0,0,0,0,0
3230bb52e27b0d9b51a1b7dd1135ad6b,3,The fates are pushing Marc back home to the bay of his teenage years.,0,0,0,0,0,0
0a0c48859c16ff601942d2fdeebefa54,0,It's been almost a day since I finished this book and I'm still not entirely sure how I feel about it.,0,0,0,0,0,0
06f2619644bc99a1fe36b7801e08e68b,75,"I never did figure out where they are located, but when the name Caesar popped up, I had a few thoughts.",0,0,0,0,0,0
d4ec65cac8f889ed5fda704299bed72d,48,"As if having a rich mother who provided her with everything, somehow made her better than the people who work themselves ragged just to earn a living.",0,0,0,0,0,0
4ee1be5ac1aa9c4805184330456ed14d,4,"To me, that alone was impressive, but the world that Sophie begins to construct in Firelight, has such amazing potential that I actually became angry when she let the story slide back into the ordinary.",0,0,0,0,0,0
2b85904fff3a882594b8e7f32ac79d61,1,"A dark one, or not.",0,0,0,0,0,0
50de56b9e67c940a6d8b14b80dede1a0,6,"You can follow along even if you have read nothing from that ""world"" 
 Bookkeeper, Narrator, Gunslinger--Charles Yu 
 I did feel a bit confused with this one 
 Holy Jingle--Alan Dean Foster 
 A bit so and so.",0,0,0,0,0,0
5fec0a152dbf1797bce2b6f03ccd1205,21,The overall character development made sense and fit well.,0,0,0,0,0,0
ebf5f1209f253400f77c4f3c80f34793,7,"She stands up for herself again Jacob, and even is firm with Edward.",0,0,0,0,0,0
c6dc3199edc7b3139231c04103f35cf5,6,"The reason: Her parents were killed years before and so her mother - who, under the rules of the secret society, is the only one allowed to tell her what her powers are and how they should be used - never passed on that knowledge.",0,0,0,0,0,0
243fa4158aef55e9e97d89c0fa04e4bd,2,"Au dela de ca, j'ai trouve les chapitres tres longs (je n'aime pas devoir m'arreter en plein milieu), et le rythme de ce premier tome assez lent, ce qui m'a empeche d'etre totalement captivee par cette lecture, avant d'arriver aux 50 dernieres pages, ou tout s'accelere enfin.",0,0,0,0,0,0
a0c394ab2e46eb7c6f02c599e391ff07,4,Why does her aunt warn her to avoid certain families?,0,0,0,0,0,0
c7c465f7f9d223a1a00ab73e7e707c0f,11,"If the department doesn't solve a big case, they will be shut down, so she's under a lot of pressure.",0,0,0,0,0,0
46ecca47175a21b5d6d2bad3865f11f9,18,I like to think of that as book one in a saga which is what this books should have been.,0,0,0,0,0,0
89cbaeb05030bebb0832a295bc039066,7,"Their spirits are now stuck somewhere in between, in Lichburn and the Shadowlands.",0,0,0,0,0,0
d332f97db2468644d16032e7084a9ec9,2,In places it was a bit choppy.,0,0,0,0,0,0
a5f812b705e9301176f63af14a34e621,3,The cat also inexplicably links Lee to a family across the continent that has mysterious ties to him but they have their own version of evil to combat and it seems the cat's powers are limited after all.,0,0,0,0,0,0
6f63710ddc88cb2911d774f7f9c9e314,3,"With an abundance of angst, good prevailing over evil, politics, religion, a little romance and some action at the end.",0,0,0,0,0,0
2a86013aabc279536d4138d3ab429402,6,"And yet, I keep hoping against hope that maybe one day he'll somehow manage to recapture the magic that made me fall in love with so much of his work from the 1980s.",0,0,0,0,0,0
cb3066a45ba6749b41775202985d0485,3,Then Stiles has a great idea to greet Derek.,0,0,0,0,0,0
b4a289feb7040e90f6a253089b9bcdb9,0,A childless couple experiences physical and mental strain as they try to make a life for themselves alone in the Alaskan wilderness in the 1920s.,0,0,0,0,0,0
63c0afe9e9cf36cf02d4c153962f9a29,12,Penso poder apelar muito a leitores para quem os ambientes e as palavras sejam suficientes e que gostem de historias que envolvam circos.,0,0,0,0,0,0
81566a5cf3e59147112e08af7d3a48ff,16,"Yes, I spelled it right & yes, it is very much like the Minotaur.",0,0,0,0,0,0
cd6bf8b1358028bab42d8963b7812507,2,"In obeisance to the young adult genre, the author rides the line on some startling gore and skips over the actual sex scene, but this really isn't a book for youth.",0,0,0,0,0,0
f7e91f3f972d19df778485e5276ac50f,1,"Other women just seemed to be the fiery little spitfire types that get men all riled up because they have such tempers (""You're beautiful when you're angry."").",0,0,0,0,0,0
48eaeff1c0287d7ba77333c3a9c26ffe,6,"She was born in 19th century London, spent her childhood poor and on the streets until she was taken in by a time-traveller who took her and her adopted brother to the 21st century at age 14ish.",0,0,0,0,0,0
94900a06d53096190e71571dfbaa1ac6,2,"""I think i'll just treat you as a sister from now on.",0,0,0,0,0,0
776e71bca7773943779f65d1037508bd,0,"The pairing in this story is beta/omega - beta's being the strong, confident challengers who keep the gammas in line.",0,0,0,0,0,0
4bd7305b3a1d65cf702eebcd589602a1,2,Not what I expected AT ALL!!,0,0,0,0,0,0
bddb6730b2a03ecaf47f5e958e85d4f7,8,Living and going to school with problematic kids and being all-alone in the world.,0,0,0,0,0,0
f6bc30d0161a93c65774babd4d8b334a,3,I also wasn't as thrilled with the Simon/Baz relationship as I thought I would be.,0,0,0,0,0,0
007d0b632f9484c4f51ce7138393e513,9,The plot got very repetitive.,0,0,0,0,0,0
406d3901695c4f4b5e7f19b16f7af88d,6,Then it's just another high-school teenage book with all accessory cliches.,0,0,0,0,0,0
453fb25164a45873efaf59d20d243efa,12,"I don't have a completely clear memory of her from Pivot Point, but I don't remember liking her as much as I liked her in Split Second.",0,0,0,0,0,0
bfb925101daf8a745edf7a18bc82e408,7,Once again Patch... Oh Patch.,0,0,0,0,0,0
9f022c7ff97ce30311658a5e24fe1dff,0,"~Spoiler Free~ 
 Hmm, there's a movie to go along with this book.",0,0,0,0,0,0
9de18e0b5f9669b4d6671af12373fdf5,5,"At that point, the usual binary decision (""To do A, go to page X; to do B, go to page Y."")",0,0,0,0,0,0
6ae0a1865717cefb9753a997357e9a28,16,Sora would be unhappy at him and then think he was cute.,0,0,0,0,0,0
5204f9991b2296fcceae49b629ec60f6,5,"She's noticed that some pieces are fading and all of a sudden, she sees an actual tear move.",0,0,0,0,0,0
981ee5427f29c977b4802fc052ca1d84,2,"All the magical mystery shenanigans were fabulous, and the historical setting lent itself really well to the story.",0,0,0,0,0,0
fd5bb2b7ef4746816433e979d10a2ac7,9,"Has a very strong start, with some violent rape scenes and disturbing images, not dissimilar from what we see today in some African countries.",0,0,0,0,0,0
b424f8823e8f3c837fc21fde86da9923,2,"I think I anticipated a whimsical kind of story, in a genre like Big Fish, but this became more sci-fi like as the story went on.",0,0,0,0,0,0
9e26227607115bebd8bb0330dcea18e4,6,"The plot of the main story is rather straight forward, so Cronin uses flash forwards to add suspense.",0,0,0,0,0,0
d3d6ca434d4ab4890d02c8853a419d78,10,"), because it was nice for the characters to have a real-life interaction outside of school and becoming werewolves.",0,0,0,0,0,0
ae0cfa12a58390864b0af4cb7983868b,2,Some of the events here are mentioned in the full novels so it was nice to get a fuller background.,0,0,0,0,0,0
3fbb8456541253b829869a3bfd57f8eb,1,Now I'm up to date with this series.,0,0,0,0,0,0
8b3d0cef7509813a775d3905ac8f521b,3,"La historia es de accion sin mucho desarrollo de personajes, pero al final entretiene.",0,0,0,0,0,0
d82e405516dececb6d913656edb1ea2c,18,The story takes place in wintertime so there's snow and Christmas and cold.,0,0,0,0,0,0
11fc630154fda3731e29651b03c27614,1,I'm not going to separate likes and dislikes.,0,0,0,0,0,0
555424e738fec921ca243d55091ec571,3,"I felt the build up, yes, but then it just kind of deflated without any fireworks).",0,0,0,0,0,0
e30174c105dc319f42c05a75c696b217,19,I want depth of character and emotion.,0,0,0,0,0,0
4a318df03954924819c5c36a2796ab31,4,Turns out though that she has a destiny awaiting her as the last dragonslayer and she doesn't even know it.,0,0,0,0,0,0
528e755dcf81d0cb273584c33eae573a,10,And in the core of all this there's a book.,0,0,0,0,0,0
f2f7f86c45bac09f513589d3d69365a0,18,"Again, instead of allowing us that depth of understanding that turns a good book into a 5 star book, we are left frustrated and wishing those small but ever so important points had been taken care of.",0,0,0,0,0,0
ee5185f39bff3b8889bbaaced691d939,9,I'd much rather read a book about the past these two shared.,0,0,0,0,0,0
6dfcd2126da2dc3ea1c77d49ec3dfcd7,12,"I have to get him to see, see what he's looking at, see me, himself, both of us, see what I'm seeing, which is what he's seeing as well.",0,0,0,0,0,0
db0e589125d3a299bfe3c9d0cd4aa8a9,7,This had so much potential and should have been a much longer read.,0,0,0,0,0,0
9ddff7746f0c3b62bf10f5f3216e7c03,2,- The story is told from Tinker Bell's viewpoint.,0,0,0,0,0,0
7e737a400de6bc824c1918c520e369b3,5,A good read for a Saturday afternoon.,0,0,0,0,0,0
20282539d90c79df768be10ec1e55e41,16,Or it will become Muppet Babies all over again.,0,0,0,0,0,0
ac30c3b1f83a757b97c429804f89886c,2,The main character's evolution was a little muddled but the writing was good and I think the author has a lot of potential.,0,0,0,0,0,0
2e06419b8bd408396de1e809cde8fedd,26,"FINAL THOUGHTS 
 Though the characters have yet to prove themselves to be particularly memorable, the plot and world building is interesting enough that I'm open to revisiting this world with the next novel in the series.",0,0,0,0,0,0
a5a4bdab5f29155c877a25b98fc49ee4,38,I guess this would be the only way he wouldn't be bored with all the powers he possesses.,0,0,0,0,0,0
f9531da22a62b2757690c1ff7d8fc42f,7,"Second, we have werewolf politics.",0,0,0,0,0,0
b14b93835cfce2c18855181fe8fd5686,0,"This isn't the kind of book I normally read, but my mother bought it and when she finished it she told me I had to read it.",0,0,0,0,0,0
1ff081b429f88c7b0b065363167a5c12,11,Seems like fate of a few kids who never interacted with the real world was at stake.,0,0,0,0,0,0
14bf50040b1e0c8713dc6ae888f365bd,2,"The story was fast paced and the action starts as soon as the book does, but I lost interest in the story which is why it took me longer to read it.",0,0,0,0,0,0
50df3eba80e02859785b42dd19047dee,9,Looking forward to seeing Gin kick butt in the next novel.,0,0,0,0,0,0
56f49d3f619be0225508d776bfa8c8c6,1,I may just not be a fan of steampunk.,0,0,0,0,0,0
dd09b20701dde48ea63cb41ed181bddc,31,The one I don't like.,0,0,0,0,0,0
bd93ba9537e5063e478d10de8fbc1580,3,This series is centered around the Dallas area and is very post-apocalyptic romance.,0,0,0,0,0,0
708122a9047403f9518250d0c7cf4965,9,"However, I suspect this is really more of an issue for adults than kids -- I work in a public library, and guess what: kids love long books.",0,0,0,0,0,0
44a5efc35e0a37546868e6311f21ca8f,1,"I say ""self-indulgence"" because most of the book seemed to revolve around Rachel feeling sorry for herself and whining about how aloooooone she was because nobody understaaaaands her.",0,0,0,0,0,0
bab69aa382893c2326c2df266a587fee,2,"Also, although the families are often dysfunctional in quite a functional and/or believable way.",0,0,0,0,0,0
cc482ec9261578a825e67184cd957c96,50,"Also, Lee Nichols really doesn't have a problem killing people off, does she?",0,0,0,0,0,0
22455636a9147a6076f1c6615c8ac91c,5,I thought the battle scene would be much longer.,0,0,0,0,0,0
cc9474f723acad9d2c2222eea87b0e18,6,"Faced with these impossible monsters, he begins to remember pieces of his shattered past.",0,0,0,0,0,0
d49434d37c516d2a3c2d23f6b64ce6e8,69,They went into another dimension.,0,0,0,0,0,0
c7d7c4c964a0bd37fec2d1ac292b9354,4,Varric in particular seemed true to character and provided a dose of levity to a dark storyline.,0,0,0,0,0,0
fba151eceea68d9522c620e46c7734a3,33,"So for it to work the Nagi impregnated the girl, she gave instantaneous birth and the Nagi killed all the girls plus the Nagi baby, but it is still seeking its Dad....",0,0,0,0,0,0
1411117f2d9be58d10c9054117f5edbf,3,"Tamlin and Feyre eventually realize they have romantic feelings for each other, but a powerful curse and an evil faerie threaten their future.",0,0,0,0,0,0
1eb6083cdd81d8c1e720763656a55afd,1,Now she has a unicorn gifting her with an artefact of legend of immense power that may be one of their best hopes against Shadow Wing - except it's been lost and it'll work just as well for their enemies as against them.,0,0,0,0,0,0
2dc9d45a004bca48cf0b70221299ea05,6,Creo que si este libro tuviera otros personajes principales (que se conectaran mas con el lector) y conservara todo lo demas me gustaria mucho mas.,0,0,0,0,0,0
3dbd7e1e73a5815c95847e7ccb0e70f2,9,"But, it's like all the stuff that she learned at the end of book one was completely forgotten.",0,0,0,0,0,0
6e558d89c81e3ede39f6e27c672c9190,10,"In the case of our major character, Shanna Hunt, her attraction to Damien was adequately explained; but, with the others it just did not make sense.",0,0,0,0,0,0
a4a5d62297fa3ebdfc3a534303ffb19b,14,"In this case, unbeknownst to everyone around her, Natalya (the Fire Effigy) has died and Maia just happens to be the one who becomes her successor.",0,0,0,0,0,0
227d32f82c51e945703f52f710a3ccf5,0,I feel decidedly off about Alchemy.,0,0,0,0,0,0
1fe9e038849cc8253fb02b52fd85a467,0,"I was looking at good reads reviews while I was reading this one, and couldn't get why they were so luke-warm.",0,0,0,0,0,0
aa3259ab908e2b40e4ecf3109d3fc1be,3,Even the friends she has made are not who she thought they were.,0,0,0,0,0,0
39193c1bd7f77084b5b4e076f4e8500b,6,"They have few original and fascinating traits, but they're also quite stereotyped in many respects.",0,0,0,0,0,0
509ca931f55f334e709dcfcf0cc09fbf,0,I did not suffer a book hangover after finishing THE WELL OF ASCENSION.,0,0,0,0,0,0
a29eaf329bc63d617c57b95ffd19a15b,8,This would have been a lot better without these questions.,0,0,0,0,0,0
b6da9a0c81348b6fd1f78b8cab4ecb38,11,I want to know more about him.,0,0,0,0,0,0
bed96f6a0c82eb09e60653305afc8198,0,At first I find it a little boring.,0,0,0,0,0,0
09d0c5119166ec49fe9a13e336c6bb7a,6,I'm looking forward to reading the rest of the series and seeing how Elena's relationship evolves.,0,0,0,0,0,0
c33935adaffb742b72d37381013b9cbf,6,Only Leslie is luckier than Aislinn in that she gets to keep her mortality.,0,0,0,0,0,0
99ad5b7713db32aef18b8a751b3a4066,19,It has quite a lot of good things going for it but there were also some things that I hated which makes me unsure about whether or not I want to read the next instalment in the series.,0,0,0,0,0,0
a3721343c9c9ecc98ca6088271a8a045,1,"It was in books 2 and 3 as well, but not as much as here.",0,0,0,0,0,0
787e206add090db79e83ccf5c725a940,1,I started reading the first book in a series when I don't have any other books from the series.,0,0,0,0,0,0
bb74b0eb9afe4596e64cc5f01bb8bab8,2,Also the content made me feel like it couldn't make up it's mind if it wanted to be YA or adult.,0,0,0,0,0,0
86313af96448e23fab8390428ffd6d50,0,"For my sins, I am reading these books out loud to my son.",0,0,0,0,0,0
297b5ef44595f415ac547fe61007dec2,4,I talked fast while pressing up against him using what cleavage I had to distract.,0,0,0,0,0,0
1ad8dd5c458499ac34a0aae75d97cbbd,3,"I like Adam and Sam both, and I'm interested to see how that is going to go.",0,0,0,0,0,0
b8c50db90e3b1ea39241df72ad4597da,16,"The reader is only informed about it but we next to never get to see her killing anyone, within the span of the novel, mind you.",0,0,0,0,0,0
c9af9c65eb6b0b36436975ddc84dc2db,51,The flow becomes so disjointed at random times as Maya remembers things.,0,0,0,0,0,0
882fb81b5e962cc4f5dc84300d9461d1,5,"I loved Melanie and wanted her to have her life back, so the complication of having a moral and kind alien taking up space in her body really complicated the entire situation.",0,0,0,0,0,0
b063b40f73b187e3d99fa54ad5f9a94e,4,Here's to hoping it's a more authentic story.,0,0,0,0,0,0
7153f7c1db38d1a8a397485899058aea,0,"Gallery, Threshold, Pocket Books and NetGalley provided me with an electronic copy of The Map of Bones, in exchange for an honest review.",0,0,0,0,0,0
5b2fbaaa6d3be88a2b361eacbc9f9a54,11,Bella should have been more angry and less forgiving that she was.,0,0,0,0,0,0
5683407572af8ae60f5032d6cfb69442,10,"; 
 * Another thing I noticed she did is not write a black woman but instead she uses the world brown or a man so brown he was almost black.",0,0,0,0,0,0
c0a77ddf7cbd5b140feaca1cf049a538,4,See Wikipedia for a well-written plot summary.,0,0,0,0,0,0
285ab7e2178d071b5523f984687acefa,11,At a certain point their actions are no longer understandable.,0,0,0,0,0,0
5ed04b44bd57f6ca33d16d5072578cd1,1,Kind of like good snacks instead of a great meal.,0,0,0,0,0,0
71777dac599d2eabef376ed49518f19a,5,What is Connolly trying to say here about David's refusal to give up the name?,0,0,0,0,0,0
58213936fe7b99a2d3e09f95baf13db7,2,(A monkey whose name is Ragnor.,0,0,0,0,0,0
02f26fe663b1fb7eb40f14a6a78b3cd5,3,Probably because he is working with his partner instead of trying to discredit her this time around.,0,0,0,0,0,0
486a706df5752d1ceae9f28a3865dd90,2,"The hero was interesting, but I would've liked to see more of his struggle, without it he seems a little cardboard to me.",0,0,0,0,0,0
91b81739bdc44ef58db8cfdb9733cbb6,0,"Well, I still have no idea what the hell is happening and now I have to go buy book 2.",0,0,0,0,0,0
2e69218b122f1c6980f20f5d71bbc19e,3,Primer libro de la Trilogia Penhaligon.,0,0,0,0,0,0
1cae373ad517947557023298fce5235b,3,"While other reviewers didn't like Pierce's voice, I'm not bothered by it.",0,0,0,0,0,0
8ffd9b709d77e0f83dc60c4e06111e5e,19,And suddenly he can read.,0,0,0,0,0,0
95d7145fc4e91a4e157e5256b6cc9743,11,<-That is exactly why I'm not ready to give Tyrant a try.,0,0,0,0,0,0
86dfa25c7f188d9dc75ee93b834b0f1b,0,I just felt like this book didn't hold my attention as much as it could have.,0,0,0,0,0,0
2d82362fa40b3232a7999fde485e3392,1,But he's always been a fighter and extremely intelligent.,0,0,0,0,0,0
6cb3b278af7e0e5213a55b47b29515c8,50,"While I'm piling on, I might as well mention this habit the Chronologues had of conversing with one another through unspoken mental means they called ""subspeaking.""",0,0,0,0,0,0
d7a73e751574e02a99b88b3eed4104a7,1,"When I started the book I knew Julian wasn't dead, I also knew that Alice was definitely dead.",0,0,0,0,0,0
422882fd9195a34b34f239621abe8779,0,You know what this book reminds me of?,0,0,0,0,0,0
82e02f09205fdeee5fd9ecfa989912e7,11,The story was engaging and held my attention.,0,0,0,0,0,0
32aa1fd6c1230a2884a46f919692d683,1,"This one is more bloody than the usual Mercy fare, which is saying something.",0,0,0,0,0,0
2c87822b0006c9b3c83b2c367035703c,9,I think my main reason for not enjoying it as much as I hoped was because I let it drag out for so long.,0,0,0,0,0,0
839b197dd3c6645f9ab5e59d2921cb65,3,"As always, if you know the author behind the Emma Steele pseudonym, I would highly suggest seeking out their work all the way back to the beginning of their small press days.",0,0,0,0,0,0
e25509f9bff030cf4bcb46ea016362da,2,Kept going from not liking it mindset to thinking 'not bad'.,0,0,0,0,0,0
73c1f22629b5f99160beebbcf044ad89,10,I cannot help but find that really irritating and I don't tend to enjoy books with characters like that.,0,0,0,0,0,0
c5688c72ddb213e812734c85e37f9a48,25,"Either way, ""The Lost"" has enough mystery to keep you scratching your head and keep you intrigued.",0,0,0,0,0,0
883f61974bf50f4260950ec6d604a986,3,"But with all the negative this book had, the saving grace was an eerily plausible setting and back story.... 
 Quick easy read, finished in one afternoon.",0,0,0,0,0,0
8e1b30c5ad72e82db16860b74ff03a5f,7,"Despite the fact that I couldn't really connect with the characters, they are all really complex and three-dimensional.",0,0,0,0,0,0
25525471d9dd9974eb49006660158d4d,0,I have had this book on my TBR pile for some time and was excited to finally read it.,0,0,0,0,0,0
0358262e047934ba4102394c903924dc,18,Got confused on that point.,0,0,0,0,0,0
38da7c73ad7ef85b10fbb700df96a6f1,12,For a sibling brought into the story quite late I think that he was well pulled off!,0,0,0,0,0,0
5c88347f5425ca7c9f684a32d89e5653,1,I forgot that darkings made an appearance here and we learn how they were made.,0,0,0,0,0,0
5525ee1ed268f694c68e6559855bcc6f,10,It felt like it was just plopped into the story as a way to call it fantasy?,0,0,0,0,0,0
3a0afb7fb98129d1b43a01dd6f2566ff,0,"I don't usually read manga but this one is as big as a normal paperback so the format isnt bothering me too much, and plus I loved The Infernal Devices so much that I had to see it illustrated.",0,0,0,0,0,0
9412f7acf6cdc6da9f810b3feee74495,0,"I listened to this book via the Audiobook, and it was one of the few times where getting it through the library didn't work for me, and I ended up downloading it via Audible.",0,0,0,0,0,0
6e021ce61f9b9fc14dbc2749a7985407,5,"Brenda Drake created a stunning and vivid world in Thief of Lies, which I absolutely adored.",0,0,0,0,0,0
e920666b43460d7d7bed2c0203b6e737,0,Living With the Dead is the ninth book in the women of the otherworld series from Kelley Armstrong.,0,0,0,0,0,0
883693153aa770e7b1ceceddb932afe9,7,All the lyrics in the story and the extras for the audiobook are also really beautiful.,0,0,0,0,0,0
18876a82ddfded3acb4a6a51b07ab790,0,"What I liked about Gail Carriger's previous books in the Parasole Protectorate Series - the stylish language, the workings of Victorian high society, the creative use of paranormal beings - is still on full display in the third book, ""Blameless"".",0,0,0,0,0,0
25b7609ef49930d82ab809d70b601233,1,Here's a yellow candle dedicated to the perspicacity of Venus.,0,0,0,0,0,0
1e76eab02c5c876596be1e06f533dfb9,29,"All these questions are open-ended, but it was interesting to explore.",0,0,0,0,0,0
d3a1432ccec836d0693553894ebbe0ba,16,Our hero is swoon worthy even though I just wanted to shake him sometimes which is great because that means that I was emotionally involved in this book.,0,0,0,0,0,0
6f132417d492bf33262e1498f2b2c0b8,6,"You know, the love triangle kind of goes the way I expected it to, and kind of doesn't.",0,0,0,0,0,0
0880f65dd48233c23891b1b31c94f131,4,"Albert, in case you have not yet read the jacket description, is a Platypus who has escaped the Adelaide zoo in Australia in hopes of finding an ""Old Australia"" where things are as they were long ago.",0,0,0,0,0,0
d818d32c75e5b93fedd0ccec7b449d67,6,I actually live about 45 min.,0,0,0,0,0,0
3872515f1854c703f71aa92a5871d220,2,"Mels is also brilliant, finally a woman who knows what she wants!",0,0,0,0,0,0
3665d4d51c8a55d04224865d1ef67e2b,6,I also want to find out how the romance goes.,0,0,0,0,0,0
abd91104d90f03d67fa14b7cfee7abb6,30,You are the person with something to say!,0,0,0,0,0,0
1fad32783e32fe22a3cdb2869ce00c97,33,Absolutely perfect for fans of Jeaniene Frost's Night Huntress series.,0,0,0,0,0,0
755854040999e617bf3bd15ca934cedf,2,The kidnapping was confusing because of the many descriptions and I didn't quite understand everything that happened.,0,0,0,0,0,0
ca3c107fe58373b1744ccf1ac62130c3,10,"Although there was a lot of action at the end, I felt as if something was lacking.",0,0,0,0,0,0
a2817c36863dc3396f8af9ba1eb68431,4,"It was still beautiful, magical and yet recognizable.",0,0,0,0,0,0
c2ebce9b3104f736884ef5e41d261701,2,Garret learns an earthshaking secret about the Order of St. George while in London and Ember and Riley continue to remain on the run from Talon while trying to protect their underground network from all sides.,0,0,0,0,0,0
08cd46ebc6e0321f1083ab91144cd923,9,It's not just forced into the story in a lame attempt to lighten the mood.,0,0,0,0,0,0
c8b8cc34f818ba153179df24c595e1fc,3,"We see the aftermath from the first book's cliffhanger ending, and London doesn't know who to trust or where to turn.",0,0,0,0,0,0
8422efdebca31676dc6546a9dc531fb2,2,I was hoping Kalayna Price's father would be more in this book beside his brief appearance.,0,0,0,0,0,0
322bf31f26533274b3c1b228ce2b94d2,51,"Out of our nine beloved heroines, a whopping eight of them were romantically coupled with someone else in the book.",0,0,0,0,0,0
a683b2370822b86f77d8be60cf133f60,3,I am a huge fan of the Throne of Glass series and I was hoping that I would not be disappointed with this series.,0,0,0,0,0,0
15f706a1384cc39f7e56ace94267f9bb,12,"She craves normalcy, but isn't truly happy without challenge.",0,0,0,0,0,0
b76c8f42b78062dab26b826a370a6272,7,"I find Auri to be such a sweet, compelling, broken little spark of a girl.",0,0,0,0,0,0
9a9f8654f58c08a6defcdc0765dfa298,5,"When Blue takes Sable back home Thorne follows, and all three are locked out of the demon king's realm.",0,0,0,0,0,0
d76aabde9d0a2d7d62b6df32ebe60860,29,Caeden is the Alpha and leader of his pack which is a lot of responsibility for an 18-year-old.,0,0,0,0,0,0
4faf9c0b65ffca63be7014061e17589b,15,He first met Tristan when he was a kid and knew he would the one to help Tristan overcome his issues and in order to be with Darby.,0,0,0,0,0,0
e2a5aa4aec06139d87bc90c91685c78a,13,Afterlife 3.5* - a cute short story about a topic every mortal has to come to grips with - what's after?,0,0,0,0,0,0
2abd0cdced557682bb2fc4941c36fff6,13,Weeks creates a world that is totally believable.,0,0,0,0,0,0
4c3ca7231e71cdc5ad7647679b86668d,59,"Move over, Celaena Sardothien, we have another badass in town.",0,0,0,0,0,0
237eaee8013edf61d41e106d35966c0f,9,There's just something about a character who fights to survive against all odds--I'm a sucker every time.,0,0,0,0,0,0
56f7b57bacb3f4f36ea7b2c61adf5ad5,15,"If this book has a weakness, it is that the women and girls get short shrift.",0,0,0,0,0,0
2e95b0746772136a893b274db6de0b2a,5,"Now, it's all gone and I have to find something else to read.",0,0,0,0,0,0
7d2c1209f699b20976fc3c03f4b85d43,34,It takes their younger brother to put things in perspective and help the family get back on the right track.,0,0,0,0,0,0
ec1cf47650fb3ba679cf1baec7e1447d,10,"This is a far cry above ""A Feast for Crows"", and we can only hope Martin can keep the momentum from what he achieved here as we roll into the next volume.",0,0,0,0,0,0
55da6e4da79850754e6337eb0d061479,8,Sean enters to try and win his other half.,0,0,0,0,0,0
d8a1c3e6ddfd05b2abc008cef2e1394d,46,"Rating: A 
 ***** 
 Nocturne by Sharon Shinn: 
 Accepting a position in a secluded and whispered-about mansion, a woman soon discovers the source of its mystery: the blind, tormented angel who lives there, and whose secrets could now destroy them both.",0,0,0,0,0,0
6d61ae61cb6c2d74c782d4dd2c489984,16,"Myke Cole was at his best when he penned a character so alive, vivid, larger than life and yet totally credible.",0,0,0,0,0,0
00d32509386787a473bfc48d3d1aa945,2,C'est epique et pas manicheen pour un sous.,0,0,0,0,0,0
d2703a593706ea2590be8cc7274d3969,10,"Abigail's actions have unleashed several deadly plagues, and the entire cast is forced into some fairly interesting and even epic battles to contend with them.",0,0,0,0,0,0
93edb40808b12239634383b0da194dc9,12,"She worries if she can, and if she still belongs with Miles and the Justice Fraternity.",0,0,0,0,0,0
6d46afab15d2652f1a9843c32d71c1cf,2,Elisa is the unlikely princess of Orovalle.,0,0,0,0,0,0
2c047143c933e62d4c32e7de85b6fcfd,16,"Thank-you for instilling in me that even against the toughest situations, you have to stand up and fight for what you believe in.",0,0,0,0,0,0
967ab0ca4ac67ed606f4360c66adfa2a,8,All you want to do is roll your eyes and shake your head at Kate and everything she says is so stupid and rude that you forget to pay attention to what is happening.,0,0,0,0,0,0
4dcdea45936fdcdf3bbadde61e575ebc,0,"I loved 
 the book title, 
 the book cover, 
 the blurb, 
 the actual story, 
 the atmosphere, 
 the creepiness, 
 the small dark village, 
 the mystery of the missing little girl, 
 policeman Gideon and psychic Lee, 
 their love story, 
 their dog, 
 the time period (Halloween) 
 I wish it was a longer book, but still it was good.",0,0,0,0,0,0
3ee9813b6bdf37e0fcec56c286ba4b6d,2,I have never read this author so totally new to me.,0,0,0,0,0,0
8e2a0f97b8e36324079663e4b5891c5c,10,"E exisorropese tous mporei se orismena semeia na einai duskole dinontas ten aisthese oti e istoria kapou arkhizei na parapaiei omos, oso gregora gennietai aute e aisthese, toso gregora sbenei kai anarotiomaste, dikaios, gia to ti tha akolouthesei.",0,0,0,0,0,0
2efea59c421f99238c0444922b2f1b74,8,Sophie and Myles friendship slowly develops in to a relationship as the two deal with their issues and learn to trust each other.,0,0,0,0,0,0
122b102b0ccb051cb911c4f313216969,0,"HOLY ARUM 
 Hunter is H-A-W-T ( I still love Daemon, though ) 
 I was so conflicted about reading this book as the Lux series has been all about how bad the Arum are.",0,0,0,0,0,0
1ae62761d5f38cd85c0db8f27ff13e8f,15,I tried to decipher all the fairytales and it was so much fun to find them all.,0,0,0,0,0,0
6c7392f8e18ec5063a1abc36081879c5,26,"But, much like the characters in this story, the best things in life are neither pure ""good,"" nor pure ""evil"" .",0,0,0,0,0,0
02218046d187ef7f9392043a7d0a4a95,21,"All in all, a worthy end to the series.",0,0,0,0,0,0
85bd4f16edd00af4cdd10987fcbb193a,2,There are so many more things I want to read about!!!!,0,0,0,0,0,0
2fc0054833aaa7769bfa2cbc46ab4ec6,6,It was an interesting take on zombies.,0,0,0,0,0,0
3d1054c7862a5bc135e2cb9547e1c1e1,15,I'd much prefer to see these characters again in a short-story or something than as a cameo in a future book.,0,0,0,0,0,0
344092ddce606fd18484ed352b24c162,1,It was refreshing and lovely.,0,0,0,0,0,0
fc45619167e251307ef3db475089a4d8,7,I was enamored enough that I plan on reading more of her Vorkosigan saga.,0,0,0,0,0,0
1ef953f0c17417a4cde6aa303b380f4e,8,It's a fun read and I got through it quickly but besides a few cool concepts not much to reflect back on or thought provoking.,0,0,0,0,0,0
0a603bfc79ea7f2643c8d30e7ca1e532,6,"Now sixteen, the Elders still treat her like a child to be protected; only her handmaiden, Mim, sneaks information about the outside world to her.",0,0,0,0,0,0
c87b5e85c63749e0ae82323d4098c20a,50,If you're a fan of Gaiman and beautiful illustrations (Riddell is a genius) definitely pick this one up and I will definitely be picking this off the shelf to admire time and time again.,0,0,0,0,0,0
81408a72aa42218003f8390445cda5f3,0,I have a new theory.,0,0,0,0,0,0
2fc2887c4b4f55732b7956b06a39e879,22,"Wolf however, was messing around with the Chancellor's wife.",0,0,0,0,0,0
4f156d736dffb06e68c54b7baed11751,3,Avry has healed Prince Ryne from the plague.,0,0,0,0,0,0
3e3b461b4fd4d30b09278b9f0db47cb2,28,"Looking past the thick haze of teenage lust, I saw, very clearly, the characters realizing the intensity of their feelings for their significant others and struggling to figure out what they wanted out of their relationships.",0,0,0,0,0,0
0e0b90a7f094e0ad6e6e53b556531343,9,The political/cultural/social criticism is surprisingly deep for the otherwise simple structure/writing style of the book.,0,0,0,0,0,0
fbdab2f1cea6f0df6dc4a59990274e66,15,"I found the flow easy and non-jerky, and loved the modern language of it all.",0,0,0,0,0,0
786d8b2aa13da323a1a5e37e5ce77310,5,You don't know if you should hate her or like her but she definitely gets under your skin.,0,0,0,0,0,0
7404e139923300b6165f5bace76eae9b,12,"I typically am not a fan of a lot of drama, but considering what each are dealing with, it made sense and I actually found that I wanted to see how it all came a head in the end and how it would be resolved.",0,0,0,0,0,0
6ad5a4e13c8d7adadbb68b7355daf584,14,She thinks that he did it on purpose to get at her.,0,0,0,0,0,0
cc5b3d7ac2527047c3a304d956053699,1,"Gemma has always been a lovely person, once you got to know her a little, you really fall for her.",0,0,0,0,0,0
1c55e5750b6400cf728a9f78330e04bd,81,A life filled with love and apple trees.,0,0,0,0,0,0
335a3320c37d19a09915536942023398,1,Same great characters more action and emotion run high.,0,0,0,0,0,0
a373d56b9a9e6a60017055f392f68995,7,And I loved seeing what special powers each Pandora has.,0,0,0,0,0,0
a1f92ab401ca43d827a80b84ced62757,22,"There were a few times that I just wanted to shake her, because of her standard panicked reaction to everything that was different from what she believed.",0,0,0,0,0,0
4adb8513d28435dbc5b6ad7029f45c35,12,"Their various conflicts are very natural and real, despite the supernatural elements that are ever-present.",0,0,0,0,0,0
9ab8081449a5cf040b99402af7784614,2,The plot is cliched and a bit predictable at times but it is well-paced and the adventures in this sci-fi are very investing and very entertaining.,0,0,0,0,0,0
755854040999e617bf3bd15ca934cedf,6,She had some moments when all she wanted was to be herself and not act like a puppy as every one expects her to.,0,0,0,0,0,0
dc5405c7db4b9467aa796e6789dcc11c,0,A great twist on the usual high fantasy!,0,0,0,0,0,0
469e1429c4d4368976bfe3d94ab599ad,3,I really liked the true Aladdin and the magic lamp.,0,0,0,0,0,0
782ae4aebcb9a4bedd7dfa6f7bdd51ab,8,I've been with this series from the beginning and I know the characters and their backstories.,0,0,0,0,0,0
facbcca72831177e22fba6140763cf99,0,"Reviewed by Joan Stradling for TeensReadToo.com 
 After saving the Phoenix from extinction, ten-year-old Nate continues his adventures with his Aunt Phil.",0,0,0,0,0,0
c59f70200c30d0e24c617bf51a9e2ae2,11,So far the unicorn side of things is not looking good.,0,0,0,0,0,0
51534fe4fbd0b4d4449a5c6059c0a650,26,Who was going to come with Calla and who was going to turn against her.,0,0,0,0,0,0
e1f3fdcd2dcb884d4306a813ef04b045,11,There are so many things to talk about that is hard to know where to start.,0,0,0,0,0,0
5a179d4d02ef0206bb97a7486022041c,9,"Even though Ember is all dragon, she has a touch of humanity and it connects her to Garrett in a way she can't with Cobalt.",0,0,0,0,0,0
614a1d5af7ec2e6034f02218d9303999,10,Baz is quite the opposite.,0,0,0,0,0,0
517bcb7da6eab9a4acbeda277b73e51a,2,"I like how her talent wasn't manifested so outwardly, but was really something from within.",0,0,0,0,0,0
f47619829f7ae0b1c948afd21a4ed2f1,2,"I'm ready to know about her ancestry, why is her blood so important,etc.",0,0,0,0,0,0
cdbbd583ee96077a962d2716008ae34e,0,"An excellent read, certainly longer than it needs to be but at the same time a pleasure to read and follow Kvothe on his adventures and see how many elements tie together in the end.",0,0,0,0,0,0
a260e5e28524208d8747b56242596550,1,"The characters never suffer for that larger message, however.",0,0,0,0,0,0
ee0a3d530593b85e25a9512315e872f6,14,"Earlier this year (or late last year), I read Heat Stroke, the second book in the series.",0,0,0,0,0,0
5bad6726d122115c07c19b487492a542,0,"Following in Personal Demons' footsteps, Original Sin is a great continuation of the story that we fell in love with the first time around.",0,0,0,0,0,0
8f3c0c35a9dcacd4638637e77ec0e37f,11,"The narrator, Traci Odom, does a great job of bringing the characters to life, both male and female.",0,0,0,0,0,0
7cb1460e6404052521af608befcc707a,6,Well it solves the love triangle problem.,0,0,0,0,0,0
c92155f1a6036f34e069dc3bdfef5899,14,"Reminiscent of John Connolly's bleak, supernatural tinged, Charlie Parker books yet retaining its own distinct tone this is a book that deserves a wider audience.",0,0,0,0,0,0
e9a9d5ed894300124db305f41356eb18,1,I didn't remain that way for too long.,0,0,0,0,0,0
7b9b3752e33b33eec9e57a3acf1dfae8,5,"But that's only half the tale; Gunnar would dearly love to win his own body back too, freed from the witch's curse by an amulet's power and a woman's true love, if only he could be sure of both.",0,0,0,0,0,0
f0d3555dbea4638b497bc60108a4c9d1,11,Because what can I say about this book that I've not already said about the first two?,0,0,0,0,0,0
845724024e28e3ca8981e977d7f79cfd,1,I have to think about this before I write a review.,0,0,0,0,0,0
f316cf35bf09bfa1628216c81fc37d53,53,Ashley June: such a romantic at heart.,0,0,0,0,0,0
298757d18c5c330a4b3a0cec89fefef7,30,"I have read Alyson Goodman's excellent Eon series before, and I'm so happy to say that she's done it again with this one.",0,0,0,0,0,0
cd1b331e3a408b1b6bba14c1ca30a849,1,I do wish Ash was a little more involved in this one though.,0,0,0,0,0,0
1af5af7dd24899dd69645ae80df1a202,16,"For the most part, they're all based on the same mythology.",0,0,0,0,0,0
65dac29014ce8e6d28751d92093a838f,12,"But as far as being great fun to read, I'd give it 10 out of 10!",0,0,0,0,0,0
6e37bfc32aeaa5337479d401528e64c4,22,Did anyone else do this?,0,0,0,0,0,0
4c65a64e805f7c6bb3b2b73ef94fc2fd,93,"Plus, a person has to hit rock bottom before they try to get help.",0,0,0,0,0,0
6bdc3739462a5578f78c530d352bc754,17,"Blain is just as overprotective of Trinity as he always has, but he is also struggling with this darkness that threatens to consume not just him but everyone he cares for.",0,0,0,0,0,0
2fd2446fd84977d3b2787bfca3b8c656,6,"I did enjoy the new extensive V storyline, with an up close look at V and his demons.",0,0,0,0,0,0
350300fa9ea4fb80d0bee42d48781821,7,I think I enjoyed them nearly (perhaps more) than I did the first time around.,0,0,0,0,0,0
4911c666bf4df893049c24ad686d7409,5,"In this book the enemy is the Chimei, something from before Lily's time.",0,0,0,0,0,0
f3529fa27af7df179c83638598b28f71,3,"Forster took a theme similar to that of the Lost Girls of China, where daughters are less valuable and thus more expendable, and gave it a twist.",0,0,0,0,0,0
95b7de02787a3fcea808c54ce61dd23d,0,"I have to admit that paranormal isn't usually my thing , but this IS a book by Santino Hassell so I knew I would love this ... and I did.",0,0,0,0,0,0
745a40431daab88ddf5c7a5b649299bd,1,"I've read at least one other Marge Piercy, and for the most part, enjoyed this one, although there were some issues that I've seen in both books so far that I'll get to in a minute.",0,0,0,0,0,0
78023691813092dd08438da8aa4a960f,2,It seemed like there was so much more that can happen.,0,0,0,0,0,0
21e074576de82af5030432311f7bbb81,20,You will not be worse off for it.,0,0,0,0,0,0
3ed817a813cd8b3471bc43ed06989815,5,"So, I have combined my review and will copy it to both books.",0,0,0,0,0,0
1b7ad0e0d5c600306c0c7c564104c1b9,28,"No man can win a battle with armor forged from fear.""",0,0,0,0,0,0
65d7f6192395b69b8b933b7af1e03980,5,"Dark-hunters are admirable and oh man so miserable too, I think all have a brutal past, well obviously no happy person want to get revenge at all cost and don't give a damn about their soul in exchange for it.",0,0,0,0,0,0
06e25ca5859204dd0e017fd3c9bc8e4a,3,"It took me a while to get into the swing of this book, the writing was not the best, it was alright, decent enough to keep me reading, if I didn't love the plot so much I would have put this book down and never touched it again.",0,0,0,0,0,0
4addcf226b938f506307a1353d27ec0c,39,"If I had to sum it up in one word, aside from magical, it would be that.",0,0,0,0,0,0
976a6f7b1f77b129f22ffa734c74d5f6,40,"Spreading outwards through her belly, tingling along her limbs, a shivering shock wave of delight... 
 Agony, hacking every nerve ragged.",0,0,0,0,0,0
4151dfd607d9a8a261a093a760500cd3,1,I look forward to the next installment Because now I want to know what happends with Stella and if her and Evan work out.,0,0,0,0,0,0
e371f206631589d8bb89c0ebf392c2b9,11,"Zoey, who has only recently returned from the Otherworld where her soul was shattered after the loss of her childhood friend and soul mate, Heath, is forced to return to Tulsa to the House of Night after the death of someone else she cares about.",0,0,0,0,0,0
04fee2067c13558ae42b0c4b772743a4,7,The choices are ours to make.,0,0,0,0,0,0
1c55e5750b6400cf728a9f78330e04bd,40,Though it's the success of the magic system that for me makes this book not only so readable by so relatable.,0,0,0,0,0,0
84c270c13d93cfeb23f2259e3c695583,9,Senza contare il prezzo altamente competitivo.,0,0,0,0,0,0
12e6830e7d1ddc165c7580e4129a4b2f,4,"Full review on Sensual Reads 
 http://sensualreads.com/?p=11025",0,0,0,0,0,0
a7a0bf90670969983923d3a306f2f843,2,"And just like The Sons of Destiny series, The Guardians of Destiny series looks like it's going to be eight books.",0,0,0,0,0,0
dc2e4d7328089019353f6d8c4c34942a,7,VISIT MY BLOG FOR MORE REVIEWS: SPORTOCHICK'S MUSINGS,0,0,0,0,0,0
67fe12110ca32825ccbcca282584fd49,14,"Yukiko, the main character, likes to daydream about a boy she just met about every other page.",0,0,0,0,0,0
29836aa1ffcb059f77f624ad3c67f370,16,"If it is set in the same world but focuses on someone else, I might be okay with that but if it tries to continue Addie's life, it feels unnecessary to me.",0,0,0,0,0,0
5420ed1782e0d91996f9c23391d30dfc,7,"And, I like it better than the one other story by Annie Nicholas I have read, CATCH, from the Angler Series.",0,0,0,0,0,0
e2976d2ab39cab6ccfe214288361142c,29,I wanted to go back to the tower with the Dragon or have SOME better segue out of the valley.,0,0,0,0,0,0
ad322024621c3eff8e2c1aa9232df7d5,7,That's really all I have to say.,0,0,0,0,0,0
76c99164f1a6c4a790f7253c3e8ce8d4,13,"Clay's death was sad, but we don't get to know him good enough, so it was bearable at the time.",0,0,0,0,0,0
2114d20d7b7147c3953d3eb74881be3d,3,"Like many vampires, the centuries old vampire Lenah Beaudonte would like to become human again.",0,0,0,0,0,0
527b6bba1ecee41eafefbb8964bbb48a,3,"Yet, there is some happiness and human connection to be gleaned from the circumstances, and hope is guiding the characters through.",0,0,0,0,0,0
9c8f9f7d011864059f5d5f6563676b86,9,"El resto de su vida es normal, sin ninguna emocion.",0,0,0,0,0,0
d135f92a976c4387b98394a53b1301f2,0,"3.5 Stars 
 Unclaimed is the 5th book in the Amoveo Series by Sara Humphreys.",0,0,0,0,0,0
be4a4805e1d390d5524de080b2b6fb32,8,"The Alchemyst is filled with adventures, magic, a nicely rounded magic system (another plus), history, mystery and drama.",0,0,0,0,0,0
46dbac91b5717ee659158f5ad92e63e4,1,I loved this book almost as much as I did the first two.,0,0,0,0,0,0
7fbd362f01e115355970dbc4afb38fef,3,Shatter Me starts off with the protagonist in her cell when she suddenly gets a new cellmate.,0,0,0,0,0,0
723949045a3fc50f6d5f99133a4e371d,0,"Victoria Aveyard, TE ODIO... bueno, no es verdad.",0,0,0,0,0,0
738ae726f39d890098c00da6d6480b59,21,"""Sacrificed"" is the start to a new series, and as such it does close with a cliff hanger, but it is, in my opinion, self enclosed enough to enjoy on its own.",0,0,0,0,0,0
b9ee52628d87c741bdfd35e0fd0937ce,1,"Rescued by the Stone River Pack and Marked by the pack's alpha, Callum, Brynn's safety is a matter of pack law.",0,0,0,0,0,0
ab9ff81b446036ef2082c14e94415c5d,36,"But his past deceit makes me question what he'll be willing to commit, especially when he realizes his feelings for Liv.",0,0,0,0,0,0
9d362ebfd35f1142482ca6d7ef2fc894,1,Where do you put your hankerchef and spare change?),0,0,0,0,0,0
500dc046f882297a83b9055c345e3a52,4,I would recommend this book to YA+.,0,0,0,0,0,0
186066a7866672e202db377c4792278c,11,"She was an amazing character, delightful, and well-rounded.",0,0,0,0,0,0
057b206c18855b0b939c616e11e36904,4,But it made for a nice summer read :),0,0,0,0,0,0
22478b564fcf3d27eb832903a0dfd8a2,4,When the next book comes out I will devour it in an angry sort of way.,0,0,0,0,0,0
0199b11b344460cce9eb8c30cc94dc81,17,"Then he comes back and kind of redeems himself, so you're never really sure what to think.",0,0,0,0,0,0
28836ec4263c16b179140b6a7a971af2,20,"Some go into hiding, some think they can take them on, some pay for protection, and some immediately join a resistance force against them for protection.",0,0,0,0,0,0
6718b43e8c1fa68ffe73e88a17ad12ad,29,"Ich hoffe, dass fur das nachste Horbuch wieder Simon Jager als Horbuchsprecher vorgesehen ist, den er hat hier einen sehr guten Job abgeliefert und passt zu den rebellischen Protagonisten!",0,0,0,0,0,0
bec586cf367329824916a4f7f06ff2fd,16,"Add plenty of ultra hot sexual scenes, with a hefty dose of humor, and you have this story.",0,0,0,0,0,0
d6a38ed7707c0b1e02756c269265c872,11,I would absolutely love how that turns out; anyone agree?,0,0,0,0,0,0
d9760a14bdb01fa01411f6db56620e9f,24,I lost some steam there when I had been so blown away by the superflu apocalypse.,0,0,0,0,0,0
31b55c0f38bf966b0da2e98a8ad184a6,0,"It was okay, although I thought that author could have ended the series with this book.",0,0,0,0,0,0
7229f87329b186c25cfedd2564d9cfdd,5,Recommended if you like a lighter mystery (lighter compared to James Patterson or John Sandford) with a paranormal twist.,0,0,0,0,0,0
e417744b803484a07fbfd736210eca98,0,I was really disappointed to find out that this wasn't the last book.,0,0,0,0,0,0
01a2af2b4be9a713b6bae98127c4b14c,28,"I had such a fun time reading How Beauty Met the Beast, a story that shows how people from different sides of the tracks can find happiness together.",0,0,0,0,0,0
ec3d783840b430805af3c0ae41cbc99b,0,"** spoiler alert ** 
 Definitely an improvement from the first book, Miss Peregrine's Home for Peculiar Children!",0,0,0,0,0,0
6fdc05edac4b9fffbfe8f0ba25b05a81,88,"The lessers are still around, but are only one of several villains in this story.",0,0,0,0,0,0
27d57d66ae7b8eb2f79ee0a5dcd4bb5c,28,I loved the developing trust that grew between them.,0,0,0,0,0,0
b5c4fcc29a5cad84afcd49787bed84b0,18,I didn't really feel for any of them.,0,0,0,0,0,0
941852c74c8248e578b9a01255c990f3,2,"I find the writing quite good, but the amount of stuff that goes wrong and happens to each character is like watching a soap opera, they go from one terrible situation to another, to the point that it starts to rub me the wrong way.",0,0,0,0,0,0
f9b6fc677b5edc6ddbd200632f2044bc,30,"She smiles, and for a moment the loneliness disappears.""",0,0,0,0,0,0
ae0cce144e01ff52f1cec9c3452f7860,18,"They were once humans, most likely criminals and were then transitioned by evil into these UNDEAD killers!",0,0,0,0,0,0
4188b3c11265e006abe0345d4d0e6135,1,"However, it was a great read.",0,0,0,0,0,0
9c1ee50e42ca7aa6004f24368a3ec454,9,"His relationship has progressed as well, it is rather sweet.",0,0,0,0,0,0
fe0a2c2fb7f2e6570bff07056888f1e4,2,Gandalf is an old friend if you've read The Hobbit.,0,0,0,0,0,0
e85a91273828ea3fad241a156f3e63cd,10,"I will warn you, as per usual lots of food is mentioned in the book and this time pizza specifically a couple of times.",0,0,0,0,0,0
142f5423934b491da9e38ecbd0ac1cff,8,Unhappy Endings and London Burns are great forays into the AUD world that we often just catch a glimpse of from the corner of our eyes as we progress through the series.,0,0,0,0,0,0
cd12891e15e5465a597fd70f5a2fabb4,4,"The main conflict is cool in this book, to me at least.",0,0,0,0,0,0
16a9393cf489f72dc03c06705114e3da,6,Her fighting skills don't even compare to her tactical skills.,0,0,0,0,0,0
c6a4b3802292f263ef80852acb705f93,9,"When Hope and Red's paths cross, they realize their goals share common ground.",0,0,0,0,0,0
28da64f476dc02d8cad242f26c307ed0,5,And that's what I live for when I read.,0,0,0,0,0,0
4ba554ba7c04970a0e2e79315764e2b4,23,Action and feelings are happening and I was interested in knowing more.,0,0,0,0,0,0
6cc31534629dd43f412ca049788000f6,3,"~The Founding Fields 
 I've been a fan of Ben Counter's work ever since I read his first Grey Knights novel, titled, Grey Knights.",0,0,0,0,0,0
e868fc29922c74108117bc922b47f5c8,8,"The relationship between Morgan and Miach is beautiful, and well done.",0,0,0,0,0,0
e44be6fe94d6153ae5c6b5315c3392a3,1,"The stakes are believably high for both protagonists and the violence and action sequences ring true and tangible - dusty, painful, bloody and raw.",0,0,0,0,0,0
67580a9a77793a5037deb51b16903489,5,The story begins with an ordinary girl whose mother died birthing her and whose father barely gets by as a woodcarver.,0,0,0,0,0,0
80cfcf74d0f2a245ee050757a21988ce,5,"Everything I loved about the first book, I loved here, too.",0,0,0,0,0,0
a41dbb248b440e0f43c5da85a3682430,5,When you got closer to the end you knew that there was going to be at least one more book.,0,0,0,0,0,0
5dfe320b72e4ec10ada82c988e5acd33,12,"The biggest problem with ""Something Strange and Deadly"" is that I figured out the necromancer's identity and motives pretty early into the story.",0,0,0,0,0,0
1a11d10cbb0f456e1f7d745de780093c,53,But I got myself to try this one because of the superhero thingie.,0,0,0,0,0,0
15f8abec4e8430bb1f861b175191b7dd,7,"OK, maybe not lovable in the conventional sense, but I was greatly attached to all of them by the end.",0,0,0,0,0,0
480f1f377ac713a0a53d4e188fb2605f,10,"Kate's Atlanta is utterly riveting, and the authors find just the right way to share their vision with the reader, enriching the whole reading experience.",0,0,0,0,0,0
5aabbec9ff8fa6f886e3af94c54d27d9,6,She's pulled out of school one day by her uncle and taken on a trip.,0,0,0,0,0,0
5f369231ecbbae78dfdcc30aeff480dc,15,I have to add that the cover for the second part is brilliant.,0,0,0,0,0,0
7db6c958f68c50eb79261a9ebe2f8145,2,"The world is intriguing and Persephone is a character that is very down to earth, yet caring and tough.",0,0,0,0,0,0
81d57e457fb5804366781caa512dc3e0,6,And looking for more from this artist!,0,0,0,0,0,0
8781f6b6d4c4356c314a6a984ffeaf08,9,Even the police was called twice that's how powerful that was!,0,0,0,0,0,0
390afe6925687379c32443fbbf8d03c0,14,The characters are vivid and no one is too similar or too unbelievable.,0,0,0,0,0,0
ce79f56e244a6aa0380974460c7d1105,2,"That last line is SUPERB, that was when I realised this book was about that queen.",0,0,0,0,0,0
18a0fcb02a9328fe90a2f4680e8c8731,26,"When Bast's many, many, MANY minions chase Atticus and Oberon through the streets of Cairo, poor Oberon's attempts to visualize just how many cats are following them nearly breaks the poor dog's enhanced brain.",0,0,0,0,0,0
808af485d808ceb465ea26a1fc95c53a,1,"Fearing for this baby's safety, she walks into the fog to see if she can help.",0,0,0,0,0,0
02cce5090b262c184271fd7f9c2a8ee5,6,"The characters have dimension, primary and secondary and you feel along with them.",0,0,0,0,0,0
b5370b206da5db270a1cec44b4ac717d,0,I liked Dylan and Regina's story better than the first.,0,0,0,0,0,0
43faeb22aa2eb69f43d3d9191faf326c,0,This was a good interesting read.,0,0,0,0,0,0
0675f5328a248347da885f117159d2e0,8,But that amount of raw magic can be dangerous....,0,0,0,0,0,0
10e93a072fb780e1bc3054881fbfcf74,53,I am now going to drop a text block here to illustrate tone.,0,0,0,0,0,0
9dcc047ed22051ada155ff9b47ccc759,0,"Another lovely, lyrical tale from DiCamillo about loss, redemption, and believing in the impossible.",0,0,0,0,0,0
40f456b5381566170f12c9e70cd28601,55,"Malgre un avenir plutot radieux pour ses projets, The Lady s'inquiete de ce qui se deroule a Juniper.",0,0,0,0,0,0
65665256ce04b9b1ecb8effc0dd5eeda,15,"But only one man attains elf land, and the others are blown in the mist all the way back home.",0,0,0,0,0,0
1b4bf8314353c06df769c83f60e4ce1e,0,"Catherynne Valente explores fairy tales and myths in ways I found fascinating--some stories were eerie, some funny, a few just plain beautiful.",0,0,0,0,0,0
fb8711619c27be8f84994470eca98928,18,"I loved his moments with Ronan though, who is my favorite Raven boy at the moment, and I can see where the ship comes from.",0,0,0,0,0,0
f7d9c09154bdfc5093718babf9b14c91,1,"My favorite: 
 Tell you a story?",0,0,0,0,0,0
d652d7d582748428c4963779cee93854,0,This was a nice enough read.,0,0,0,0,0,0
d804e3a9b8f072c46c89694f72b6e72f,22,It is a tenuous peace.,0,0,0,0,0,0
dbbdbc8304cb719a8231b68424b1c200,29,"There were a couple parts where he hinted at a possible tragic backstory, telling Allie that all vampires lose to their demon eventually, like maybe he'd dealt with a loss that jaded him beyond humanity already.",0,0,0,0,0,0
d1253b90a34b09eb4f1fadc99853affd,1,"The author had introduced me to an entire cast of full-bodied characters, and I slipped into the role of silent observer with an ease that barely registered in my conscious mind.",0,0,0,0,0,0
aa64da5cc563bff7b9e44d188221764c,0,"Set in a really interesting world, with a complex politics and culture, Sanderson's first novel is a compelling one.",0,0,0,0,0,0
3fd899e86aff8416db6539126a458cba,25,Shouldn't there be some difference in their dialect even if they all speak English?,0,0,0,0,0,0
72ab247dbe39aa3b4b6cd524e1886360,14,"She was much more willful than her mother, and even sort of brazen, which is not something I would call Sorcha.",0,0,0,0,0,0
05ba59edf3368394265e301839b778ae,1,"Was going to give it thee and a half stars, but rounded it up to four for having Christopher Marlowe as one of the main characters.",0,0,0,0,0,0
05f0fc1e5f0e66b75d0050e395d1a630,7,"Overall, it was an engaging read and one I really enjoyed, the only thing is that I wish we knew a bit more about Raffi and his life before he fell from the sky, as he remains an enigma throughout the book, though maybe book to will reveal more about him?",0,0,0,0,0,0
d114dcf9428164a854050d00f2c07d93,8,"No aside from the fact that SPOILER ALERT they have a poem written about them (awwww), they are hard to kill (could've guessed that), and that they are hard to find.",0,0,0,0,0,0
e35f133c2a19569881d9c94052f826ad,5,Sarah Rees Brennan writes with a snarky and quick-witted tone and has made sure to include a diverse cast of main and supporting characters.,0,0,0,0,0,0
0873d80fc7c8a583de5b1ef74f743ecf,2,Quentin Coldwater is extremely intelligent but depressed.,0,0,0,0,0,0
3414f04e880c5b63df2e636a232dfe08,6,"The Gift by Susan Squires was a fun, quick read too.",0,0,0,0,0,0
2e532c76e8939cee34d3160b38f76935,12,I like how Moning added depth to the paranormal world and also to the characters here.,0,0,0,0,0,0
96662cdf1b1c6f37d339f54dd2bd05cf,11,Tara has a hit with this book and I can't wait to see what she brings us next.,0,0,0,0,0,0
c9b740c5557f5841c7f5e783b05c9758,2,Dark times are coming for Chicago's number one wizard.,0,0,0,0,0,0
65dc3d8ecdcebb019f0f2f6a2bfd901b,2,It was a mix of sad and angry crying.,0,0,0,0,0,0
36a1df511b21b61c414ff973d6bae647,10,I will definitely be reading more from these authors!,0,0,0,0,0,0
df5839f702a18e11c40e45284e0e9dfc,21,It was beautifully done and definitely should be read by any teenager struggling with weight.,0,0,0,0,0,0
4bb4f87548a44c5a3c2d148698ceab04,8,"She is not the same lovable Maud that I adore from the show, sure she looks the same and is still Mildred's friend, but she was so rude to her.",0,0,0,0,0,0
95daefd727e4e1337de0db2fb12cbd75,20,"3) In general, I don't like the idea of this series continuing the story of a movie.",0,0,0,0,0,0
dcbee7f43f916b38dec0eb2a77fb8937,13,"I'm definitely getting more into the series, and I think it will continue to get better.",0,0,0,0,0,0
3a9c906639c7e5ac6d25d7b5106f8f22,15,"Can't wait to read the next one, and I highly recommend it if you're a fan of the American West and novels that have great relationships between characters, as well as a lot of adventure.",0,0,0,0,0,0
1724b2f43b900287072198e87ef6a1c2,2,"The story itself was well thought out, but it did lag quite a bit in the middle.",0,0,0,0,0,0
174c0f433c8c47d68beea34305d9fdb8,10,"Wasn't my thing... Zombies ate brains, they weren't depressed little beings..... and I haven't really considered the rivalry so pressing in my little bubble.",0,0,0,0,0,0
80d53dafee3817d32e874ab4495dcead,26,"Nikkita me da demasiada risa y quise cantarle ""y va a caer.... y va a caer..."" aunque creo que ya cayo.",0,0,0,0,0,0
a32a2609a87c688ba9bb5f016ae2d9cf,25,Thank god Harper ignores those rules with this book.,0,0,0,0,0,0
f3d7dab8a33d67d83e2bf6cffe090ed2,2,"It lacks the depth and specificity of the first three novels, with their fewer POV characters and focused locations.",0,0,0,0,0,0
b48becc324cf5b77e3b6063d704cbb89,0,"The good: incredibly diverse cast headlined by an ultimate badass old woman(and not the only important female character - can't forget that), a diverse world that is clearly drawn from real cultures and yet still it's own world, and an intriguing plot.",0,0,0,0,0,0
3a286818c83a9a7330a8b91b51e919fe,19,"I knew I was going to like this book, based on the strength of Abbott's previous writing, but I wasn't expecting to like it quite this much.",0,0,0,0,0,0
9a3ecab4e72e681ec378701089aab833,7,I think it could have ended a lot sooner than it did.,0,0,0,0,0,0
e2b28dbe77b201c56c1262a62e4b9e0c,10,"Yet once again, Hounsom strikes a controlled balance between these.",0,0,0,0,0,0
377d9c5e72caa892b09882f19c8c5b05,4,"Pair that with her fierce loyalty, her stubbornness, and her ability to name an Angellic sword Pooky Bear, I call her a pretty fantastic heroine.",0,0,0,0,0,0
28724a0915e3e5bc1cbd1b14e7ad1a24,1,Mi chiedo solo se il mercato anglosassone e diverso antropologicamente oppure ha semplicemente una massa molto maggiore dell'asfittico mercato italiano.,0,0,0,0,0,0
b5dd10e064a094dce6172ed60fd61182,14,Alex himself is just as dark as the creatures he faces after he finds himself bound to a mysterious book.,0,0,0,0,0,0
eef7d4e4beaae9a1186d82af3a109f3e,0,"*I received this book from the author in exchange for an honest review* 
 Daughter of Isis is a YA urban fantasy featuring a mysterious organization rooted in ancient Egyptian culture that has set up shop in the desert of California.",0,0,0,0,0,0
5a11b0f9acf6db7c8fc68a7abfbc1310,9,There were time jumps and dual POVs.,0,0,0,0,0,0
f54ec151a9e6c6c1a012a1f86ef02f43,8,"I wish that you could do 4.5, because it was very good.....start from book one though, and follow Allie, and Zeke..gripping, and exciting.",0,0,0,0,0,0
c28143093e32372773a1a9207e137efc,26,There's also a nice seam of black humour running through the book.,0,0,0,0,0,0
f81a08aa90d17b77d06b7155bb23969c,17,"The first book was underwhelming, the second one was a bit better and by the third one I realized I have a love/hate relationship with this series.",0,0,0,0,0,0
fb1be3567cf1b6015f93a8e33fc9a0fc,4,"I really enjoyed the adventure, I loved the well written, well paced romance between Brusenna and Joshen and I liked the engrossing world the story is set in.",0,0,0,0,0,0
544c1a0b2a7380965498b26bee1dc13f,1,"my whole reading plan is in tatters) Witches book I read; very large (chronological publication date) gap between the first ones I read and this one; the first Discworld book for younger people I've come across), but when it finally clicked, it clicked!",0,0,0,0,0,0
a13fa4bf82e30131a8d1cfc9b0d2a41b,8,I would like to see a sequal to this book.,0,0,0,0,0,0
d5745d1e3bf111d486f4ea51a43dc1bf,0,I wanted to read this book tomorrow as I spend my day waiting at court however I picked it up and could not stop.,0,0,0,0,0,0
5981a0f562157b9e92aa8f37c236c4e3,3,"She is offered a choice to save Torch, the rebel leader, or her father will share in his fate.",0,0,0,0,0,0
6c567293697e53c84662702dbb2afc57,0,"This series could potentially fill the 'lunar chronicles void' in my heart in terms of amazing characters , intriguing world, and a truly exciting plot.",0,0,0,0,0,0
074b8405d7df33dad825771f595a8582,11,"And by that I mean, it's realistic.",0,0,0,0,0,0
6a10b336c5c4f9a39931a54e5e4b22aa,13,She is willing to put herself in harm's way to protect those she is loyal to.,0,0,0,0,0,0
725d323838166ef2921263429ee20801,10,The vamps have the usual Vamp Hiearchy where eveyone is ruled by a king and everyone else is split into Family's.,0,0,0,0,0,0
01acbdefb0f3c7ddc902211330b604df,0,I really enjoyed this story.,0,0,0,0,0,0
30f53bf7339c817d459c3aefabf9a740,2,"It wasn't formulaic, and I really liked how each book wrapped itself up while setting up the next one.",0,0,0,0,0,0
6cf0f48af0ba91ba854da06d56d5f02c,5,I don't know if I want to keep reading this series.,0,0,0,0,0,0
18e4115d0b269f9fa1a89f2fd33a1cd7,12,What I don't like... when her stubbornness goes overboard and it definitely can.,0,0,0,0,0,0
d04bb37b565ab819923f02d2d720a06b,1,"When they look up, they see a cat on their balcony watching them.",0,0,0,0,0,0
d6ae4dd29450dc120b74acbc82fa590d,0,I wish I could give this book four and 1/2 stars.,0,0,0,0,0,0
ae87231816fca8fe9fcb2f8866882414,2,He kept the action going though.,0,0,0,0,0,0
c546eb7f1b234e36636b449053a38c4d,4,But at the beginning of the book he ends up in jail and can't remember twelve hours of his life.,0,0,0,0,0,0
fd21668a32b0588789f760166422e2d2,5,"As he has aged, he is now over a century old, his power has built and there becomes a point when he cannot hold all his power within himself.",0,0,0,0,0,0
6dbb5a730a37f750315e25824ac90d79,6,"Kell, who is one of the most powerful sorcerers in the world, can travel from universe to universe, but only laterally.",0,0,0,0,0,0
df7fb7be7408374463955232b3f8a2e6,23,Lt. Murphy being blond instead of the brunette in the show) and other differences.,0,0,0,0,0,0
820d99ae762faa8c418dd30eb446c50c,12,Lia frequently comes across woods and rivers that do not exist on the map.,0,0,0,0,0,0
a897093d6a54dbd2170d00b8977496dd,3,"Anyway, this comes out on October 7th, the second-last day of my final exams, so the online versions should be out just as I'm finishing my last paper :DDD 
 I'M SO EXCITED.",0,0,0,0,0,0
ac077eba8ef25d3868c64153dda3510d,17,She was way more than that.,0,0,0,0,0,0
f4dc6618b2c1876a40017d2773d30ae5,3,"I mean, I've been waiting on him to get the girl for ages now, it seems.",0,0,0,0,0,0
39c0257a1d2e580f2e921ed65bf0e777,2,"The notes became a bit of a hindrance on some of the tales, but again I am not a die-hard fan (John McClane, yes).",0,0,0,0,0,0
f71c1d64b3279f0c96d1312dcfa096c9,2,"Sure,she thought she was doing the right thing for humanity at the time, but ultimately, she was selfish.",0,0,0,0,0,0
959749761605883e3d22b0e56ac2d8b4,10,"Therein lies the lovely suspense, is it really the expected ending?",0,0,0,0,0,0
ca7414c9df6ddf57c06d8c3a03e3b24b,0,"Well, both, but I'm a weird fiction type of person so that was good.",0,0,0,0,0,0
cc1dcb1219f4e02b5eb2972e2ea21571,1,"One of the blurbs on the back cover describes it as ""if Harry Potter grew up and joined the Fuzz"", which isn't too far off.",0,0,0,0,0,0
19e9249c57c9ad2203fb4573f0a70dbf,8,They are hot as hell (no pun intend)...,0,0,0,0,0,0
6ca76422dce23c0f8420163da2c17d6a,6,"Sad to see Feyre's sisters dragged back into the plot this way, and bad luck for Lucien, being mated with Elain *smirks* 
 Lucien is Tamlin's right hand man btw.",0,0,0,0,0,0
ea9330debd948d471318a022291e878a,26,"If my friends started to treat me like that, I'd check my calendar to make sure it wasn't April Fools' Day.",0,0,0,0,0,0
6980bcfa6b571d8e56f564d80e1813ca,31,"Still, her story has the action and the humor and is lots of fun to read.",0,0,0,0,0,0
21f30c4284a1e23669ef52982f03a255,0,"I love this series, so much and Heir to Sevenwaters is another excellent instalment.I was disappointed with the third in the series, Child of the Prophecy, but maybe that's because i loved Son of the Shadows so much.",0,0,0,0,0,0
83d0a3fb8bd777fa03c124662ab85144,6,This is the author's first published novel and it's definitely worth a read.,0,0,0,0,0,0
3e1ef0ed560629e2167e0c99fca51f19,6,"I also wanted some more history of the land, but those are picky things from a dragon obsessed fantasy lover!",0,0,0,0,0,0
a36d87214c0a6acba9cc6ba540158543,4,Deciding to go out drinking he stumbles into a one-night stand that gives him more than he bargained for.,0,0,0,0,0,0
610b241bf2fa632c61e1281f946316d8,0,This was a difficult book for me to read since Terry has passed on.,0,0,0,0,0,0
19bf1e9b6d44c49a9fee1a37b2ae8a2c,1,I am going to go ahead and say that this was the best book in the Magisterium series so far.,0,0,0,0,0,0
f568c1a3cac59f37d31f4008496ba4c7,5,"This is also the glue of the first half of the book too, so it was a little slow for me until it really got into the meat of things... because I'm a meat and potatoes kind of gal, after all.",0,0,0,0,0,0
5a5779ab01666977c14288911c86601d,9,Raine and Zack have a great connection that is enhanced by their paranormal talents.,0,0,0,0,0,0
5d82cf77be4aabbeab69e058ba1e8f63,4,I enjoyed the new dynamic with a seven demigod quest.,0,0,0,0,0,0
ad0ba27b279bc0babea70a5d6e5e0877,3,"Whether you consider this time travel or many worlds, it's an interesting premise and makes for an imaginative and unique story.",0,0,0,0,0,0
6f1737ae345b1bceb1555218dd32dc9b,3,"Meyer's writing doesn't disappoint in this book, and I would even say that her writing has matured a bit, it's even better than it was in the Lunar Chronicles.",0,0,0,0,0,0
41dc63c3e147e335e4356b8e6789f929,7,She has some confusion within her situation which leads to a interesting betrayal.,0,0,0,0,0,0
c86bc46a09b73dd9b7905b9e0a0013f9,56,The fact that I can look at it and think about the consequences if it really happened.,0,0,0,0,0,0
380c2689bcb0054165cf7813d8791b1d,4,"I wasn't convinced there was a plot, but to be honest, it was the characters and the hilarious Harry Potter-spin-offs I was here for anyway.",0,0,0,0,0,0
a525ea64c2ce71a05e88e7647a2cc710,2,"'You'll think it very odd of me' (this was the sort of way he began), 'but the fact is I've had something of a shock.'",0,0,0,0,0,0
c2e7ed6d4b6cbd2fa64d68c2ce3deb77,72,"And Afton, her other best friend, was this lovable girl who warmed me heart!",0,0,0,0,0,0
eb118294346e9e11c9a7eff4a47c85ee,2,"These three new queens each have their own gift: one a poisoner, one a naturalist, and one an elemental.",0,0,0,0,0,0
45b79f6d8478bb3fe57561c04d6b1af5,17,"So what are you waiting for, go out, give it a try.",0,0,0,0,0,0
938e0f625acda1b8f44cc55f99d4fa5f,8,"and makes him doubt his faith in the Dark Angels, forcing him to kill himself and his brothers.",0,0,0,0,0,0
f107d9948e406b7a3cb98e9f2a8be2ee,17,I just found it really different and would have been interested in reading more about that world.,0,0,0,0,0,0
eace46b97f04b5369956e7d7692d8628,2,"I really liked a lot of the characters in this book, as well.",0,0,0,0,0,0
071a78477c323edfc36d6ab7c746f100,8,"While I wasn't 100% in love with it, it was still a book that made me flip pages, something that doesn't happen often.",0,0,0,0,0,0
dbc75be01d762c92e4b2f8d796bf121a,4,"I liked how Bernard grew in complexity from a seemingly one-dimensional character, as you came to understand his motives and situation.",0,0,0,0,0,0
d94f14fa90404ff3d8a3da9296e77fe5,8,"I'm sorry Bishop, but I think I'm siding with Team Kraven!",0,0,0,0,0,0
5d49efa7cd4666a1e8f5dbeb103c2f85,6,"The Bloggo 
 Things I loved: I loved the writing style.",0,0,0,0,0,0
0ca20e262856ae974c4cd56881c9df74,17,I cannot wait to see where this goes next.,0,0,0,0,0,0
e372fca9037e0eeeeced74d705fb7b8b,9,"I loved how their relationship helped both of them, making them so stronger and capable to deal with their losses.",0,0,0,0,0,0
05988f2a5092a03622556751538b536e,2,"Her parents and brother treat her as if she were (nearly) normal her entire life, until suddenly on her 16th birthday she is nearly killed in a hit-and-run.",0,0,0,0,0,0
8a15f74d7ad4ee986a97b4225c9c3f0a,33,"They have three more weeks before release, I really hope they clean this up.",0,0,0,0,0,0
a9cc2192b832182e25cd74fd0ba5c2e3,23,And let us not forget to mention Chris Riddell's gorgeous black-and-white art!,0,0,0,0,0,0
4d520e4772dd46e01344b59457714587,10,"I think the strengths of this collection come from the South African cultural influence to Lauren's writing, which gives far more grittiness to the bleak sci-fi stories than you usually see.",0,0,0,0,0,0
ecad636392f1bf22b7d980b4cf5fffbc,11,An accident there reveals that Mare has psychic powers like the Silvers and changes her life forever.,0,0,0,0,0,0
41698183c248e23209f30a86048cd738,1,"The story is fast moving, complex and the action is explosive.",0,0,0,0,0,0
7036eeaedf9e59b5abd8824b158e3d59,20,I had a hard time getting an image of the characters in my mind.,0,0,0,0,0,0
a50ea6a0218f8f62e040cf70a33b825d,6,Aside from a rough life this was a great romance.,0,0,0,0,0,0
961efac3166eba24d58324d0f4bb0847,38,There are powerful women working to ensure that women are treated equally.,0,0,0,0,0,0
07ed43a9b5ff1d6c67118b09073ce709,11,"Once the father in the family that lives in the house now accepts him and offers him so helpful advice, he quickly passes on.",0,0,0,0,0,0
b17c625dee7249b1b29b0ca4e4c06cab,5,"The interesting secondary characters from Touch the Dark such as Thomas, Pritkin, Billy, and Mircea make a second appearance along with some new ones.",0,0,0,0,0,0
f1719710ed2b8e79c220eb6537e98c02,5,I just want to know what's going on at the wall!,0,0,0,0,0,0
61a3ac542280a278ed59978c12b12c06,13,It's the most awkward thing to read through.,0,0,0,0,0,0
a0b2da7294d5ccf13cbd4d4232c46527,8,"They seemed more like that horny, bickering couples from high school instead of the couple who truly understood each other's needs for space among other things.",0,0,0,0,0,0
6e36b7db79cf8063666e564ba305ce68,19,"Absolutely nothing, since it was just one of those great reads that gave me a needed escape.",0,0,0,0,0,0
cf7149b36a228a4739fe1633c7ce64e7,7,You can almost cut the constant tension in this story with a knife.,0,0,0,0,0,0
d7e9c3ede88e0987e2772573e8929e32,0,Hmmm I would def recommend reading this book if you are into the series.,0,0,0,0,0,0
a6a1673e5c97ac21cf33a4e64c385edd,6,"Both stories of Cinder and Scarlet in this book interested me, and I kept reading until one in the morning (when I should be watching reruns of America's Next Top Model) and I seriously cannot wait for the other books in the series!",0,0,0,0,0,0
54d4f1d0105f64b5179025815d42399a,8,"She knows stuff about the Fae, stuff she shouldn't and someone wants that book bad.",0,0,0,0,0,0
45e8dd2f904831576d777b0f5c015257,5,"Add in a protagonist that is every bit as compassionate as she is headstrong and smart, you have a story that was down right irresistible.",0,0,0,0,0,0
417346fc0e14a4bbbdbe4ca39dc77837,5,"Luck must have been on my side because I also had the opportunity to review ""Ink and Bone"" (book number 1 in ""The Great Library"" series"".",0,0,0,0,0,0
e5ecf06a7cba02c3f874bfbcb2933917,1,"The idea of evil and good vampire still exists but Mead created a whole new intriguing world of two types of vampires morois, storgies, and dhampirs (half human/vampire).",0,0,0,0,0,0
f14307b2d6d5ec660937ed2544a92155,2,"Now, considering how badly-written and trashy some of those novels are, that might not be saying much, but I still believe it.",0,0,0,0,0,0
82885c0eaab432ac269296efbde7a65e,11,"How did she get the title of heroine, anyway?",0,0,0,0,0,0
ba849eaa9a293f62834c3ab284fcdbc1,0,"This book was slightly less exciting than the one before, but still a great read.",0,0,0,0,0,0
3004fb44c0eba3d30832aaeebdeb58ca,9,"Also, Poppy and Elle (Cinderella) were great supporting characters.",0,0,0,0,0,0
39d120508a9532723321ebf56b8c347b,5,I'll be checking out more in the future!,0,0,0,0,0,0
6d5082ea631c3a4a4fa36c051c34c735,2,Sounded right up my alley.,0,0,0,0,0,0
7a3e4fdf4e97363429821c2dd2f6ed3e,0,"Truth be told, I didn't expect much when I started this book.",0,0,0,0,0,0
7ccb8bae8e8f2f3b1ecc8d6aed8e34ae,10,"The main conflict here isn't a battle for a change, which does break up some of the overall formulaic feels to the plots, which is another plus.",0,0,0,0,0,0
2d5c4266eeecd024a74dd72b6bb8017f,6,She's sorta saved/helped by a human male Rowan.,0,0,0,0,0,0
2dfdc23d5241af41b57b689ddf239d1b,1,"After Stranger At The Wedding, she is officially off probation and back in my readerly good graces.",0,0,0,0,0,0
2f6374f54133685e99d8499b1567d223,4,The teacher's history is revealed.,0,0,0,0,0,0
3f5e9f2188f48004b5bb35b5bd3e4f1d,2,"The main character, a boy named 'Jim' has a destiny that turns his once ordinary life upside down.",0,0,0,0,0,0
e2b7986ab8e270403b9162e6cb03ec2d,0,Man this was an even more intense and wild ride than the first one!,0,0,0,0,0,0
6bf6fc4cc8cfa8b9bed85da0c69711b3,0,Took them long enough to get together.,0,0,0,0,0,0
4616e010fa7a3b89cd4df28152b64ca6,3,"Which is a good thing for some of my Goodreads friends, and not so much for others.",0,0,0,0,0,0
2dba935411636c479daf348d39ad4321,2,Incarceron isn't just a prison.,0,0,0,0,0,0
738c06b12ccf4297dba3712f9469f78f,14,I would have thought she'd gotten them all out of her system.,0,0,0,0,0,0
e24fae67c6a948bd555e73be75fc4f45,16,You don't need to read any of Mercy novels beforehand to appreciate this book.,0,0,0,0,0,0
208c862b2a6f98b9335bb62dc17749aa,21,"Always one of those aspects that's very difficult [and subjective as well] to talk about due to not being able to show much to you much except out of context screen caps, but I think Joe Querio did a decent job on House of Glass.",0,0,0,0,0,0
b476dfd41a871c3de05f31f13bf3cee2,3,"They capture Ethan, who has stayed in cat form for eight years.",0,0,0,0,0,0
41de3b9a93a3c90a1b124c7762e86c2d,3,"She could give in, and pop pills all day, could run to her father and complain of her many issues that she has, but she doesn't.",0,0,0,0,0,0
21cd8905eb30fa34bb1fe7aed057429d,6,I'm looking forward to reading the other works of Ginn Hale that I don't know yet as I really enjoy her writing style.,0,0,0,0,0,0
5b51e08116c854dcfcd71426c0f9cb5b,19,"Knowing this helped me as a reader to realize that Theft of Swords, although containing plenty of action and character development, is just one third of the story.",0,0,0,0,0,0
4e84ab77edcd32482c1dff6455145981,2,There is plenty of adventure and time for Saturday to use her sword.,0,0,0,0,0,0
c8f4d27d5a8577426aba9b18d779956a,10,And I also need the third book right now 'cause that ending set me off like a rocket.,0,0,0,0,0,0
2a17b9cb91301475fcffed6ac2c71c43,15,"At first, Lady Maccon views the baby as an inconvenience; she even admits to hating it at times.",0,0,0,0,0,0
9fddfe379135a99bb63633b47fd107f6,10,I am hoping that is as rich and rewarding as the Kushiel books.,0,0,0,0,0,0
38132f28bede463c36f67d89bac0b345,12,"It's a good thing that her father cares a lot for Leah, and doesn't always listen to Miss Perish.",0,0,0,0,0,0
e667291febc98a1dcd02d05c545f971e,2,"Buroker handles the romance developing between these two characters expertly, at least for my tastes.",0,0,0,0,0,0
ff8effc364cf313c94929836284d2119,7,I am not usually one for giving my approval to authors who take perfectly good classics and butcher them with gruesome tabloid style sensationalism.,0,0,0,0,0,0
5029df8dc373ce1b9bcff082a3a0022b,14,"Jesse is a complex character, despite some revelations into his inner life, I do not feel like we got to see very much of him or come to understand him much more through this storyline.",0,0,0,0,0,0
f8dfc8add7907573b28580f3da81535b,4,It's been a long time since I read this and Perelandra?,0,0,0,0,0,0
699098be9dd5ce062d8d3da407536956,4,I can't wait to get my hands on the third installment.,0,0,0,0,0,0
1a9fd786f335827bd53f0ab9a36d031f,1,"I love the Steampunk feel, the bright, red hair, and Xandra's incredibly independent personality.",0,0,0,0,0,0
308addf65d23476e8ba4794f3aafde80,7,"The twists and turns were extreme at times, and expected at others.",0,0,0,0,0,0
7f29ea196c139f354dd9a113482a4351,1,The prose and the descriptive power was amazing.,0,0,0,0,0,0
9cd9ed41f638a2e0a87609dddfc2bcfe,0,Une histoire courte qui ne sert pas a grand-chose a part de retrouver les personnages qu'on aime et d'amuse-bouche pour faire patienter jusqu'au tome final de la saga en avril.,0,0,0,0,0,0
234eb92f3de57cb71fa0d00fab7ebf1a,0,"I always loved Joan Aiken's short stories as a child, and was always intrigued by the ones about the Armitage family.",0,0,0,0,0,0
21d9ff61b9d5a237a72c6f9894b8c9c4,2,"While I do understand that the fake friend thing can be accurate, I still enjoyed reading about a genuine friendship.",0,0,0,0,0,0
d31aff2380c1c21fe2f26b9bf26e6681,1,I also thought this would just be the Circle Trilogy 2.0 and I'm glad that it wasn't because that one is my all-time fave series and I would not have enjoyed a less-than-stellar repeat.,0,0,0,0,0,0
8f016564968b35413d9d6c3dee9a8c2b,0,"Maggie and Killian are doing your typical partner things - throwing sarcastic barbs back and forth, trying to figure out how they're going to pay the bills, chipping away dirty gargoyles from rooftops, and, you know, saving the world.",0,0,0,0,0,0
34c5c353085538320d899042afbe1dd3,10,I couldn't put this book down.,0,0,0,0,0,0
4930f3cb0e1ab7cbdbda218fc6ffb7fd,4,"It was a bit anti-climatic and predictable, I was hoping for a little more excitement but I'm very excited to see where this series goes.",0,0,0,0,0,0
1d8af5de1c15fc93a67ce1f86714de90,9,"Should I talk about Zaphod Beeblebrox, our maniac who invented Pan Galactic Gargle Blaster, stole a government ship called Heart of Gold in a public stunt, has 2 heads and 3 arms?",0,0,0,0,0,0
0b13715efc8aa58fa67b97f709d82a8f,0,How could you not love this book?,0,0,0,0,0,0
a63ceefd2241ac809e3cf48f11c5202b,11,"Even if she could bring herself to love her sworn enemy, how can she refuse her duty to kill him?",0,0,0,0,0,0
3b1c065ca18eb4c76e59a28ec94eb41a,8,"She's been living with her BFF, She-jackal Jaqueline, since she was thirteen.",0,0,0,0,0,0
d06b8671771d215f73c06301764c91c1,1,It is certainly a grand work of imagination.,0,0,0,0,0,0
6dcb187a98f615f082ba7b164c5eab03,5,I had to see how it ended!,0,0,0,0,0,0
7f524124edd66450c663cd7f0e4f7083,2,"The men in this series can make any girl melt, and of course Aric is not the exception.",0,0,0,0,0,0
88a608f63dd11d61f64ba680df3cb873,16,"Not to the point that I was considering not finishing the book, just in the way that many a story from Southerners tends to require a lengthy build-up before getting to the good stuff.",0,0,0,0,0,0
9c2649041ac5500cc83584517341b6a9,2,Faith e un personaggio che ha dovuto lavorare di piu per recuperare il proprio equilibrio.,0,0,0,0,0,0
f27292105941a18dbaf556e8f6251ce2,15,"Each character had their own path to take within the book, and Hathaway tells every story delicately and within context of the main story itself.",0,0,0,0,0,0
80f24e128aa6df480a90492c8971f6e4,6,"I would have liked to learn more about their magic, have them work the problem a little more and seen them grow a little from the experience.",0,0,0,0,0,0
fb0010952b96f5e34643f45bc0c101a5,0,This was a fabulous vacation read.,0,0,0,0,0,0
e3484833ad3f97e19a755b956ffd38f9,18,The only thing I disliked was that there are too many pages dedicated to Koral's inner turmoil about having sex with Lisal.,0,0,0,0,0,0
ab954c93913e524a605e40ca0a51ca57,30,And there's casual mentions of sex and whores and prostitutes and sex slaves.,0,0,0,0,0,0
3348974738c40193d5a79262e3f9a2c7,9,"I liked how it was revealing teaser of what to expect from main character, Harry Russo.",0,0,0,0,0,0
91d03f4b17f33aa1a2fec1e6d46a06fd,12,"The love interest could have been removed from the novel without almost any difference to the plot, which makes me wonder if he had to be in it at all.",0,0,0,0,0,0
d625fdff9f84067aa743e5b398e95d42,23,"In conclusion, I found this book to be exciting and fulfilling.",0,0,0,0,0,0
962b2eb37a862e9ff6ca53f2ccf10e61,0,I have mixed feelings about this.,0,0,0,0,0,0
a97896def854e4e07f37a5318fd4403e,2,"As is typical with my reviews, I have not included an synopsis (check the book's amazon/goodreads page for that information), but this review may include spoilers, so read at your own risk.",0,0,0,0,0,0
bffc5f207171cf11d3be0b59983a6aef,5,"Fondest is actually pushing it though, because being one of the Fallen wasn't exactly what he meant to wish for.",0,0,0,0,0,0
57e696d6ff28b6fc393ebbfc3ba40f34,28,There is a lot of it.,0,0,0,0,0,0
a03264ac04fbd517f0885cbd79737766,3,"I loved the prologue, it was so interesting and the fact that the Zoe Marriott had it set in a temple like place was interesting.",0,0,0,0,0,0
ef459fa21f4896de5b0e5e2c5f08cb4c,6,"I loved how each character's storyline intersected with each other throughout the first half of the book, so when they all do finally converge at Red Hill, it made sense.",0,0,0,0,0,0
75dc3c778314e3802c663b29cf085a03,0,"Full review here: http://zodiacbookreviews.blogspot.com... 
 Clockwork Angel takes place in Victorian England's city of London.",0,0,0,0,0,0
44066cd2844337494f6d16899f570ce2,8,"The world-building and plot : 
 Actually, this book lacked world-building outside of the Academy's walls, as we were completely clueless to the world the story was set in.",0,0,0,0,0,0
7262adcb6d8aca2886c8667bfe7ed4d1,15,"It was a nice surprise to see retellings of these fairytales but one of my issues with them, particularly Rapunzel's story, is that the stories are mentioned but not explored in great detail.",0,0,0,0,0,0
e56cb1c1f7d0da6491defd4fe208bc0b,5,It's unique in itself and I love it for that.,0,0,0,0,0,0
dfed04cfc091a1f91f4575b4d53c54ab,6,"I actually enjoyed this book more than I expected to, and I think that was largely down to the merging of mythology with a very modern writing style.",0,0,0,0,0,0
b47eadc023b35e14a961e953e0c43c82,2,I think it ended quite well.,0,0,0,0,0,0
09969f42f4dc7071aec5dcf90c1ac290,16,There's no explanation why are Black wizards bad.,0,0,0,0,0,0
ff215ff326b3d1f32de4bf4cdd7d4a82,5,"This might seem like a weird comparison, but to me this book has the feel of a Georgette Heyer novel, if Georgette Heyer had ever written YA fantasy instead of Regency romances.",0,0,0,0,0,0
26b6b4d515aa8826deefcc3536e38abe,3,Still not my favourite series but it has potential.,0,0,0,0,0,0
af440835f610222b7c53d4e91c1a1ed4,22,"If you've been looking for a light, fun read, look no further than Renee Carlino's 4-star Lucian Divine!",0,0,0,0,0,0
2b0da65db4749e84c116a78ed25f683b,3,"My favourite team of characters would have to be Ty, Livvy, and Kit, with Cristina, Mark, and Kerian in second.",0,0,0,0,0,0
d16ad485abb8544f56cf2e4aeac63704,1,I was not expecting that.,0,0,0,0,0,0
836301d282940de3ca0131b4d962a7f2,0,"Me gusto mucho este libro pero, no me gusto tanto como Corona de Media Noche.",0,0,0,0,0,0
efae5adc85c619f2dc76e0d00ca59738,29,You need to read it for Durzo Blint if anything.,0,0,0,0,0,0
2d4c4b002bbf3fd57ffc136908b124ed,0,"At first I thought- oh no'es.. it's like Twilight vol 2, but wrong I was!",0,0,0,0,0,0
f417def6f7afcb7e186d12b123f50ba7,17,We've seen Boy Blue (who plays an important role in this volume) grow from Snow's assistant to a reluctant war hero.,0,0,0,0,0,0
c4d56c520c4855e9f20f83e139c947e3,18,"Between all the extra chapters and the lack of variance, this book felt less like a ride and more like a straight highway that goes on forever.",0,0,0,0,0,0
7187ccefc38a002d96adef30d0e96af0,0,"This is legit scary horror for the middle grade crowd - complete with kids in masks, creepy dolls, fire, and physical peril.",0,0,0,0,0,0
1f4d0495a34ff31509295b89e789ffdb,13,"Bitter of Tongue: 4/5 stars 
 Mark Blackthorn and the Wild Hunt.",0,0,0,0,0,0
3223f0fae8b1993406f8f2513cb7514e,4,"Note: 
 ""This audio book was provided by the author, narrator, or publisher at no cost in exchange for an unbiased review.""",0,0,0,0,0,0
751b73df50c9fdf397f3738d033494fd,3,The story moves along really fast.,0,0,0,0,0,0
3279fbba8a5fc472b616ce315009adeb,4,"Halt, Will, Horace and Gilan accompany Princess Cassandra to arrange Erak's release and once there everything gets complicated.",0,0,0,0,0,0
0aed83327cbb54f76d12e142d119493b,4,"My Thoughts: 
 Nice Girls Don't Have Fangs was a fun beginning to this paranormal romance series, and I'm eager for more!",0,0,0,0,0,0
6c11bbb4d9b23c82fe5abdbd74a7b574,24,She's totally made me a fan.,0,0,0,0,0,0
0beaf583505ef48c4436baa15c7b2198,36,And they changed a lot of things that made no sense.,0,0,0,0,0,0
75b475f38c6fa346ddc334a55f426799,1,She is also learns secret that might be her undoing.,0,0,0,0,0,0
c7067b7627a611e5ef2fb99b9979812b,23,"Deborah Coates 
 Single White Farmhouse [?][?]",0,0,0,0,0,0
34e245850687a9d9c89f12a8536f5d47,8,"Even the Darkest Stars is utterly unique, with gorgeous worldbuilding in a mythical Himalayan kingdom, a fantastical premise with witches and familiars and shamans and teacup dragons that felt completely fresh, and an unexpected central plot that revolves around a group of intrepid mountaineers on a treacherous quest.",0,0,0,0,0,0
d2f8987210b877067510f18aa65a24c4,0,"4.5 stars 
 I love the film so of course I love the book adaptation.",0,0,0,0,0,0
07f024afaeaf0fc4f3365a37da0ec98f,14,I think this was a solid novel and think it would be enjoyed by everyone.,0,0,0,0,0,0
2148079767a8057b7461464841c4fb92,2,"I am going to read ""Archenemy"" because this book seemed like a bridge that Beddor had to write to connect the two- fingers crossed for a good ending!",0,0,0,0,0,0
7c7d5e22bd57229f539ed3c720b95d73,12,"Delaney while in the hospital starts to sense people, is drawn to certain individuals by some irresistible pull she cannot understand nor control.",0,0,0,0,0,0
aa52ecbcbac861c2453139c23b1c4315,25,"But all of this pivots around Deacon, Deacon makes the book.",0,0,0,0,0,0
cabc56bc8c57c27371caebe5036aedf9,7,"The author tried to ease some of that through the showing of flashbacks, and while they didn't all work for me, I still appreciated the vast richness of the world he built.",0,0,0,0,0,0
fe4b50a4914c6f2bb8ea9439d7daf4d4,1,The characters are interesting and dynamic...,0,0,0,0,0,0
66f8816a23c4e26a2bd3e6ae28584f8b,2,"The cover says Ender, Katniss, and now Darrow, which covers both the genre and the appeal perfectly.",0,0,0,0,0,0
8884b091d4b4dbfe881e982b543b945f,3,"(Not to spoil anything, but it does seem to lead somewhere in a later book.)",0,0,0,0,0,0
7508d8c24d8122b214c37408d90565a4,18,"I really did like this book, but it was not my favourite.",0,0,0,0,0,0
4fdf53128c2a952c98d41101956b85be,4,The story is set in southern USA after climate change has caused seas to rise.,0,0,0,0,0,0
a5f471863e797e993f1c691749a74724,9,Occasionally the writer uses complicated words however this happens rarely.,0,0,0,0,0,0
505ddac7f81e9a900313aa8a52cb85c3,4,"I have no problem with him not in the driver seat, just what he ends up liking.",0,0,0,0,0,0
0cc5e470406d81a613954157a29061a9,1,The steam temperature was through the freakin roof!!,0,0,0,0,0,0
7e514fc2e40666ed104fb17fde5e4fb0,2,9 thought the cover was good or excellent.,0,0,0,0,0,0
87d2501867dfc2eccb91f8fc0a8ac349,0,"Not gonna lie, I was apprehensive about reading this book (I'm not a horse person), but I'm glad I took the recommendation from my friends (they forced me to read it, but same difference).",0,0,0,0,0,0
907e203dafb8fb1503291f2a15e95616,39,Energy sizzled along my spine and put every protective instinct in my body on code red.,0,0,0,0,0,0
4a375fc34143766c8f7dd1892cc237f9,8,Just when you think you understand how the story will now proceed an unpredictable situation happens.,0,0,0,0,0,0
b77e7057ffd85246de49ce3e667a4e74,5,"He's not your typical action hero, and at the beginning he seems to struggle with social anxiety (points for a unique POV) 
 2.",0,0,0,0,0,0
29ecd201881cc2f4569ca42539d6e097,13,Definitely lived up to expectations and I cannot wait for the next book; that cliff-hanger needs sorting pronto!,0,0,0,0,0,0
d71fbff2402facd9d25417bc3bb9aea9,1,I gasped and I cried and laughed while reading this book!,0,0,0,0,0,0
efbf776b93fefdc28aeedd8ee3bfa864,6,"Dark Frost is a pivotal book in the series in terms of the main story arc with Loki and the Reapers of Chaos, the minor developments of the previous two installments culminating in a conclusion that has us quivering in anticipation of the next book.",0,0,0,0,0,0
4512743f004286054ac0647162eb7554,4,"It isn't necessary unless that is a ""thing"" for you.",0,0,0,0,0,0
512c790629900c192200bb6eb5a1bb67,4,"Full disclosure: I first read Sanderson when I was pre-reading kids/YA books for my sons, and I found his Librarians series amusing, even if they never really spoke to my offspring.",0,0,0,0,0,0
c104ee6a0ce6b8f69b27fa4edbffa2e2,22,"Weeks tells a compelling tale, and fans of epic fantasy will still find themselves with sleepless nights as they try and finish just one more chapter.",0,0,0,0,0,0
f4bcceef1012b4475d3c5d2e6c011eaa,3,There's not enough of him in this book.,0,0,0,0,0,0
f8871025e343e7186344bdac51538e81,3,"Her characterizations are consistent, even with the transformations and maturation of personalities.",0,0,0,0,0,0
c31e03fdb888baee864a03ab8a18c8ce,3,And of course I have been dying to read more about Nahlia and Grom.,0,0,0,0,0,0
cf8672aa0d23e264fbbfae603adabe4a,1,"Great writing style, amazing story lines, and she keeps on going!",0,0,0,0,0,0
ad04aba93538c2af6d9c8142eccf0e54,16,And those last 50 pages or so-- oh man.,0,0,0,0,0,0
0ff8b05549eeff37e2bab2c9e599d6bb,33,The tension builds up to a certain point and the outcome was a bit too smooth for me but it didn't ruin my reading pleasure at all.,0,0,0,0,0,0
90168d02ab1f51ca726263b1d1a9fdc4,1,"""Cress"" does an already mouth-watering series great justice by building on the strong foundation established by its predecessors, and made for an enjoyable read.",0,0,0,0,0,0
86258430768faedf61ed8464b73996a4,13,I stopped reading it as a fantasy novel and started reading it more like a work of historical fiction.,0,0,0,0,0,0
87077d6cde667cd0ff8338a33d59561d,26,I don't think I would break into a cemetary at night and go into a crypt too.,0,0,0,0,0,0
d878382759b93c30c6047ae6b64e1fea,25,Have I mentioned my hatred for Seth yet?,0,0,0,0,0,0
11b703656e233fde7a55aa8232154637,2,"That being said, I didn't find Feyra or Tamlin to be that compelling.",0,0,0,0,0,0
1b718e9008ce666c5dd16d4464c35e6e,1,I've read this book many times since first finding it in a WHSmith in a services during a Newcastle to London coach trip.,0,0,0,0,0,0
354628b16e93bb16247367bea4208901,30,She would really have sacrificed her life for the vampire civilization.,0,0,0,0,0,0
672529010ed875679c273687ccc7c8af,5,"As I mentioned, I was really excited to read this book, not only because it was the final Darkyn book, but because it features Robin Hood as a vampire.",0,0,0,0,0,0
3ecc5460bcaf51ccb9cffe531ab98920,9,I'd love to see what he could do with an editor that could reign him in.,0,0,0,0,0,0
76ea7cdfd51a172420c9c05e25cbb7b0,36,"Ok, yes, the story would be much shorter and just wouldn't have worked, but it irked me, and I decided to believe he liked to toy with people and wasn't the type of person to just ask - it would have been too easy for him.",0,0,0,0,0,0
2b1594c00273d44273db8679fc88cb99,2,"This is book two, and it's not as strong, but still interesting.",0,0,0,0,0,0
6a68c83767037fcf947c6c9daf84a0ed,6,Abella finds that she wants to be free to chose.,0,0,0,0,0,0
ac855f3661fedfb1f6b96d13f9eccd41,6,"Chalk got to me with its graphic details, lack of emotion from the victim who later becomes the monster he wanted to run from, and an unexpectedly feel-good ending.",0,0,0,0,0,0
3b7ee5c4a01c66faccc3835f178dd610,4,"When Eris trespasses on private mansion property in search of her best friend who went missing while on vacation, the last thing she expects to run into is a real life dragon.",0,0,0,0,0,0
37ed12c49422c3883e6c7b793be9524d,5,The love story was great without taking over.,0,0,0,0,0,0
037053d4c9d9e6b6a648babb24d332f3,4,anyways whenever it is revealed will be amazing either or... 1 year to count down ; (,0,0,0,0,0,0
58232fa855236b701e5bf37f0757cd11,31,"Skincrawlers steal the skin of an animal to become that animal, it's limitless.",0,0,0,0,0,0
9030a3df36e4ee8b81af92747202bb59,19,Spontaneous sex that is steamy and hot round out this sweet story of a second chance at love.,0,0,0,0,0,0
e9b1c6ac5c985ca60d82b642999388ee,2,"The reader is quickly told a possible reason, but there may be a bit more to it than that.",0,0,0,0,0,0
860ea876e95e85314252b7f9ef8a2612,0,"Madison should be enjoying her summer vacation, but some weeks ago she died.",0,0,0,0,0,0
2501ab45a33d58afd44ec86b8fadd879,9,This book definitely left me wondering what will happen next.,0,0,0,0,0,0
e59e18231a9801578dfcf67dedb16a2b,1,"I knew this was a wolf book, but I was surprised at how few wovles were in it.",0,0,0,0,0,0
8836fe2c34c4877c12f835b136b93349,0,I got the first book free and now I keep buying them.,0,0,0,0,0,0
60d40a194969f9418aff0c7b2627cc3c,77,It also makes it a bit fluffier than I wanted it to.,0,0,0,0,0,0
79d66e334fea8a5e80a222f42e67f00b,13,"She is really spunky, but then she would have to be to even attempt to escape that many times.",0,0,0,0,0,0
764044707fb0dd30f2cda9ad1d833ea8,15,I am bothered by the often repeated trope in YA fiction that characters are meant to be with the first person they ever fall in love with.,0,0,0,0,0,0
5cc28c41ca3122f7d0204b926a140de4,3,"Tricked for Jared Reese 
 3.",0,0,0,0,0,0
c213138611c0c18dc87ab0ccf77939df,0,"Gaimen books are great if you like the quirkiness of magical realism, which I do, and this one doesn't disappoint.",0,0,0,0,0,0
961bebd232229c99d61ba1c19e7c677a,20,"We have a Psy male and a changeling female, so the previous formula HAD to be modified.",0,0,0,0,0,0
7c6cce902e38fb9b9fdac498a04daae5,3,There is skill in writing in such a voice.,0,0,0,0,0,0
fa5c7f1d886dcf36acad2990dd270f7d,7,I had one gripe about something which seemed sort of out-of-character - i.e.,0,0,0,0,0,0
747d8d4905881eef21d1efd20796d517,5,Gabriel is too sweet and bubbly for me.,0,0,0,0,0,0
958b8051bcf874bdfcbb6df243b9352d,7,That being said I feel like she could of found a innovative way to include Chaol.,0,0,0,0,0,0
cecba7d2abccdc13a0c60247ddaf08fb,0,Rarely do you find a book written from the teenage perspective that resonates so well.,0,0,0,0,0,0
4f7e1febde4f40ba6f8a9bb3fab15869,30,were sort of casually mentioned while only a cursed swan and a half-demon made an appearance.,0,0,0,0,0,0
1cbddcd602eb0afd3ee53ed8293422a8,1,I am just wondering what Luc and Paris's connection was.,0,0,0,0,0,0
b937183c91bc4570e6341a77f35cabb3,8,The book goes into quite a bit of detail about Millie's mental health and how it makes her tick and respond to outside stimulus.,0,0,0,0,0,0
816af33b7e8b19424c20b544fec4f972,25,"I liked that all the characters had their roles, played their parts, but also had things outside of the group.",0,0,0,0,0,0
58446abe9207fdaaf29276af70a612fa,11,"4/5 **** ARISE - One of the breeziest, gentlest yet atmospheric and eerie ghost stories I have read so far.",0,0,0,0,0,0
ec78a4a60d291aeb5b10cd811117be74,1,I bought this book in the last days of Borders.,0,0,0,0,0,0
b9311061fb6a2eab67028bd24e79ddc0,3,"I think that Amanda and Kyrian are perfect for each other and I like how their personalities play on the ""opposites attract"" cliche.",0,0,0,0,0,0
82f19e6aa5b0a32f59c0b858ee890061,1,"Kvothe zips from one end of Rothfuss' world to another, leaving the university setting behind (thank god) and finding new peoples in new lands.",0,0,0,0,0,0
ff9bba518fab69472f2998fffb5fe890,3,"Ronan has missing memory, but waking up in Naya's bedroom he immediately knows that he has been tethered (mated) and that the woman is his mate.",0,0,0,0,0,0
66b98bc963c73148613d76062a2d5bca,2,What else can you expect really?,0,0,0,0,0,0
c8789e5335662c5bcd2a69bbbae90d45,3,:) I will definitely get the next one soon!,0,0,0,0,0,0
70b8f75631a136bafee204538ec1f3f3,15,Something Lay does well is write about the minutiae of battles.,0,0,0,0,0,0
31bbfab7f9309f032b07f8dabab78b8e,7,That a deadly assassin who's spent his life killing and keeping himself from being killed should go that far says a lot about what Amaranthe means to him.,0,0,0,0,0,0
8fc0aa2bd19f1868845e1f36fdf5f764,14,I loved the back and forth between him and Thursday.,0,0,0,0,0,0
e99c763809f2173a19d4c66ed56782c9,34,It had such an original and unique plotline and delves into some very sensitive subjects such as depression and death.,0,0,0,0,0,0
84c2795cf15239f1895882ca335219d5,11,THE AUTHOR GAME OF THRONED ME AND I WAS IN MY FEELINGS OKAY?!?!?!?,0,0,0,0,0,0
78c9e6a4c9ee3d39468230174a2c5b51,7,Magic works in this fictional universe in a much more concrete way than it does in the mundane world.,0,0,0,0,0,0
8bea80b867597aae1917a6c368466df4,34,"All in all, Draculas is a fantastic book, and very much worth buying.",0,0,0,0,0,0
f189a6d21285f8a3cbfb11cbb556260c,5,But I'm glad that I kept reading because it got real exciting towards t the end.,0,0,0,0,0,0
fd60e786f6f3a2a3ef2046897da66af4,4,"Violet disguises her gender and enrolls in the exclusive and prestigious Illyria college as Ashton, the only way she will be accepted.",0,0,0,0,0,0
abae020593e26bda82156ba1b9863457,2,The plot just flow smoothly throughout the entire book.,0,0,0,0,0,0
13caf81f785d4b6dadff4f8667fbb464,37,"She's clever, funny and quite the BAMF.",0,0,0,0,0,0
7002b77a77d17f5619123586f8dcd56a,5,I hope they've had italicized that parts.,0,0,0,0,0,0
7ce91865511581e85b191214fdc866e7,1,"For example, you could literally have the strength of 3 men, as long as you could find 2 donors.",0,0,0,0,0,0
99d17d4d8d854c05e3aa1d5d055fa1c8,8,"One of my favorite things about Walker is her ability to write relatable, headstrong female heroines who actually think through their actions.",0,0,0,0,0,0
1e48cd97c32080b618a732315047c49f,1,"When Dex ""wakes up"" in a strange mans house he is offered a deal: he can become a death dealer(where he kills given targets) in exchange for riches and a lavish lifestyle or he can go on to Hell.",0,0,0,0,0,0
cee221e0de32aeee45aff874d2ff5373,3,"But just a stunning read, in the end.",0,0,0,0,0,0
e34bdc7e147aec028f60033fe4c800eb,7,"I'd love to have seen more lgbtqa+ representation, but I was pleasantly surprised to find the representation that I did in this.",0,0,0,0,0,0
b77e407b0141d3efb713d58a16df8114,2,Welcome to Metaframe Book 2: Character Building & Character Adding.,0,0,0,0,0,0
c02cb55a813e4df93a670d502ad6ff33,2,The author has an interesting take on group dynamics and how people bend under certain cirumstances.,0,0,0,0,0,0
a9ffbe3cdfd447c513d406a32a8d0701,5,"This was a fun and sexy, but very quick read.",0,0,0,0,0,0
70605caff716dbc9fb53723f3831e94a,6,I thought that this made the story more interesting and the banter between the characters was amusing.,0,0,0,0,0,0
1a4319ff958e21d4661a6a2010b2280b,2,"This book covers religion, gay/ lesbians, and many kinds of emotions.",0,0,0,0,0,0
db0e555ec0997980b79babcee1b158fd,18,The pier scene blew me away.,0,0,0,0,0,0
4ada5607f5510a45ffac53ea91e28c41,0,This is a fast-paced adventure book for the young.,0,0,0,0,0,0
10b4c8cc1685e2be6ef614debb5d6c06,2,And he kind of accidentally vaporizes his algebra teacher.,0,0,0,0,0,0
7350d80ac02531c6cb623bf9112fdf80,7,The love interest in this book just gave me a happy grin!,0,0,0,0,0,0
e03134fd523f5863fb8f8a5c87bfc189,1,"Have you ever wanted to survive the zombie apocalypse as a coked-out, white trash sociopath?",0,0,0,0,0,0
f3712541b0233f13f11917d176ded134,1,"In the order that I read them : 
 Undead Sublet - My favorite was Molly Harper's short - when overworked chef Tess has a psychotic episode involving leafy vegetables, she takes a Leave and gets away from it all to Halfmoon Hollows where she sublets a house only to discover a house mate who goes bump in the Night - The story, like the others in Harper's new spin off series, was another grumpy fangy dead guy x human pairing but they play pranks on each other, so I thought it was fun and the female contingent of my favorite characters from Harper's Jane Jameson series are well represented.",0,0,0,0,0,0
2e3fb4b4d18eb4302919ecabee921ab3,0,In the second installment of The Dresden Files we learn a bit more about what lies within Harry Dresden and just how he ticks.,0,0,0,0,0,0
a5d09f048d47bf24fb8931376b0b0764,6,She has no respect for man she just wants to fight and hunt.,0,0,0,0,0,0
906bcbb6e1db68779149a8078f3c9719,6,I will never understand why people volunteer to go into it.,0,0,0,0,0,0
3da4400c48c12cb73f22058b8a5a2eec,17,The crowds of people were one such area.,0,0,0,0,0,0
3e3ddcbb3f16d32b712269fa3c2878c3,1,"The listings are not extensive, and the backgrounds are minimal, but the book is worth having for quick and easy reference.",0,0,0,0,0,0
b2f8c0a8788b2a385f65b4416154cadf,8,I listened to the audio book with fantastic narration by Kobna Holdbrook-Smith; especially loved hearing him voice the characters' varied British accents.,0,0,0,0,0,0
006b9f3bdafde862e883942196b45e94,5,"As for the book, 31/2 stars.",0,0,0,0,0,0
8f15aa5ff4f1180fe042c82d9f13c757,12,And it wasn't as insta-lovey as Roiben and Kaye.,0,0,0,0,0,0
b6bfd79990a0a308073fd7ffc2ce8d6c,23,That is why the book lost a star for me.,0,0,0,0,0,0
ee0e72e08ed9878d143eb7bb7b53d562,0,I actually liked Ink Exchange better than Wicked Lovely.,0,0,0,0,0,0
789d6acd6162365167374cc45c88f920,7,"No entanto, nao apreciei a postura algo passiva de Jem.",0,0,0,0,0,0
814ea56839bf9d2723ce36d0079852be,3,Fun and quick and perfect for what I needed to read this week.,0,0,0,0,0,0
c8274f929e5f5a12d5c75cfe02bb3093,2,"Once he runs into her by chance, he knows she's the one.",0,0,0,0,0,0
37c359fb9dee868900799e5a073ddbb9,20,"I also loved Claire and Lucas's cousins, they added great side-characters and added more depth to the leading characters, you see how people really are when they interact with others.",0,0,0,0,0,0
22fc1691bf285a16f0498209e1dd32af,9,"Anyway, I'm sure there are many opinions about this final book, but whatever people think, there is one thing you should do: READ THIS SERIE!",0,0,0,0,0,0
88301557a62ca1266982c00af45ddcc0,1,"The characters were both as Western caricature as one might expect, and as unique and complex as one might hope.",0,0,0,0,0,0
1d8773d29cd9b150faa1e273e45247d8,12,I was living the story.,0,0,0,0,0,0
d8c7b9e2e212a2dac657a14c316708ed,0,"The better part of this book is devoted to a so-called war that has sprung up between two vampire lines: one which Bones is leader of, and one that belongs to an ancient Egyptian princess vampire.",0,0,0,0,0,0
377d56af6465034c10b45f0bd4edffc0,4,Chantal is a kick butt heroine and yeah I'd love her by my side in a time of need.,0,0,0,0,0,0
a51f61f6492c4309dba5fe683e3a8206,12,this is also not one of those books that you can figure out who did what in the first few chapters but it kept me guessing right up to the last page.,0,0,0,0,0,0
900341787bddc50d5377a96d6475f9ae,3,"Adams' parody is still very good, and I enjoyed the book, but in all honesty, his parody skills don't match up to Pratchett's, the grand master of laugh-out-loud parody.",0,0,0,0,0,0
4843bcba8d347cfd07f14706b7760bbb,22,Overall is not a bad book.,0,0,0,0,0,0
f2dce2e2fbf541acf149f4a13e818fc4,41,So now let's get to the good parts!,0,0,0,0,0,0
f23a90292885e91b28af5102ba05fdd5,12,"The thing is, during my second read, I realized I quite liked that Annette Curtis Klaus allowed her main character to suffer, struggle.",0,0,0,0,0,0
c05846349a89fd3ada3d35fec32b1c70,37,"The age and size of the tree are mushi enhanced, and so Ginko knows what's happening even if there's little he can do.",0,0,0,0,0,0
2e19f572155d70eddab3a056cdef57db,20,"Jill burst into giggles, and Clarence stared at his glass wonderingly.",0,0,0,0,0,0
d7b118403211ee7a8d7ad138920060dc,17,This book was nothing short of hotness.,0,0,0,0,0,0
984c8618ef34207b53a9308a05a0fb40,0,I swear I've read this before!,0,0,0,0,0,0
61a7658477c2e200316246a8092054de,31,"Arya on the other hand, is still Arya (I guess).",0,0,0,0,0,0
4571eecc796672a10b80273bebcd629a,0,Interesting premise - different paranormal romance writers are penning each of the different books in this series.,0,0,0,0,0,0
0a1c63f5eba19444b064bd75dfa79ee0,23,And that made me not love the story as much as the others.,0,0,0,0,0,0
cafde40c444a3b5d03c09a7a6d37187b,10,"A little narrow-minded and sheep-like in their adherence to the old ways, the Royals are also scared to death of the consequences: if people change their destinies, perhaps things won't be in their favor anymore.",0,0,0,0,0,0
27cfc2ce2af08a847a8d32cb62d96fa3,12,"Absolutely not, but while reading, it could be a tad discouraging.",0,0,0,0,0,0
3ff137524e7c3f82c2fd81c1a4d08eb5,10,"), yet I was riveted, especially in the second half of the book, because I needed to see how everything worked out and how it all came into play.",0,0,0,0,0,0
46ea39fddd5fa2a51670de7d4e17596b,5,"Maks Treid'r e izvesten liutier, koito edna sutrin se budi v chuzhdo tialo - tialoto na drebniia moshenik Dzhon Devlin.",0,0,0,0,0,0
34f8bd6bb7f0268066dbbe4ece7a5c97,3,Could have avoided it all together...but great story.,0,0,0,0,0,0
8e663f064297b2f02689ad9e7c37c077,19,"His past was pretty interesting, but that was the only thing that really gave him life.",0,0,0,0,0,0
466c0f0219b649e211f2aa4b46d98532,5,But I did like that.,0,0,0,0,0,0
56d196fc45a8383331755fa553a0d8b7,3,Was also nice to see how he was helping his daughter deal with WW2.,0,0,0,0,0,0
b21e1d5781d0e453af0c1fa5bf1dc6a0,1,"Magnus Chase yang ramai jadi perbincangan di kalangan pembaca fantasi, misalnya di antara anggota komunitas Penggemar Novel Fantasi Indonesia.",0,0,0,0,0,0
9a0b2dc407137123943a058041ef2210,10,The interactions between the two new girls in town and the four boys that were as close as brothers was way to much fun to watch.,0,0,0,0,0,0
c05fae1b92d6f5ba517fead3ad38860e,8,"Or it will say something about someone being hot for an old guy, who is not old, or how ancient 30 yr olds are.",0,0,0,0,0,0
22565d5b61392116a28aca6d9f06d554,2,"After seven books, I thought it would have exhausted me, or worse, bored me but it didn't.",0,0,0,0,0,0
24d32303d7e65671a2f6a5dc3be781df,10,I certainly don't see it as a successful starting point for anything with romantic elements.,0,0,0,0,0,0
64ecd49c83ef7001227440c0a6651cbe,19,I love both of them but Rafe is the one.,0,0,0,0,0,0
fe868fe97264b1356ea2a91eb4202755,13,Previously Harris was criticised for a sex scene in which breasts were puppies sitting up.,0,0,0,0,0,0
9bd59cf8d72aa9128e5933117f82611e,0,"This series was a real pleasure to read, and I loved that each of the three books had it's own story arc while building to the bigger arc in the last.",0,0,0,0,0,0
c39263defc5f19af785a3dc1bcce1a4e,19,Millie and Brody are great characters.,0,0,0,0,0,0
fc352a395530c51c81836741e4da7463,6,"And as for Trent.....well, let's just say the bonus chapter from his point of view was my absolute favorite part of this book!!!!",0,0,0,0,0,0
bf0a4ae234ed52c6b564c1fd6e234437,5,Overall i liked this book and all of the details the author inputed.,0,0,0,0,0,0
05648abcd8891962450ce614efcdd3b4,15,"This is a meringue of a story, frothy and stiff; its prose is so mannered that it strips any potential sensuality right out.",0,0,0,0,0,0
bd514ebb911a5d63b141bfdabe8238c0,4,Ivy keeps tossing her thrall around.,0,0,0,0,0,0
b7cf1eb94a20178e02033cf77987dd37,0,I've read both of his other books (a short story collection and the insanely scary Heart-Shaped Box) and this one's totally different.,0,0,0,0,0,0
77dcec02657be55611890b9e436a680f,19,"It would definitely take the series in a new direction if he does, to see the changes in Connor, if he'd go to work at the Guild again, and how he would deal with past and current relationships.",0,0,0,0,0,0
d4415ad24f1dd4063e447923f00abe05,1,All opinions about this book are my own.,0,0,0,0,0,0
b330affa5b4ed459856032a02f070c3e,3,This is the story of a female Veteran Lex who stops the kidnapping of her baby niece.,0,0,0,0,0,0
1f0b37673a9b248748c6ad1b56f85629,15,"It was kind of sweet, sweet in terms of angels.",0,0,0,0,0,0
129734e157e965346d0c126ba975589a,0,I've hardly read anything over the past two weeks because everything I pick up leaves me utterly bored.,0,0,0,0,0,0
053ed5df178b166046a6d7fc4ab868bb,29,Nothing is as it seems.,0,0,0,0,0,0
1f166cf6975ca9b447ac850c3c7233eb,4,"Poor Dayne, Men can't help they're stupid.",0,0,0,0,0,0
9c23ef3b45a3761d834e3961ed2887f1,31,"However, Arian sees that he's also got a very vulnerable, honorable side underneath that flip attitude of his.",0,0,0,0,0,0
2db824b7e3d4b1c54dfb3d1ab2222245,16,"While I thoroughly enjoyed this novel and believe it and the author have enormous potential, there were definite areas for improvement.",0,0,0,0,0,0
258fb817991814ed29c176162eac596e,12,"...She tried to separate in her mind the idea of being humbled from the idea of being humiliated, and she understood what Po meant.",0,0,0,0,0,0
e96cf9c7e83d7dbc637364a21fe0f2dc,1,"Who cares if the plot is weak, the characters stock fantasy archetypes, or the involvement of dragons is as original as slice beard.",0,0,0,0,0,0
d9c2a4b4cc65d72b1b966e0079d5a98b,1,"Gets her some well deserved man loving, and even a furry friend.",0,0,0,0,0,0
fe368a1f00d2babbe08a6a9cb931ac72,6,"Of the old kind, both dark and light.",0,0,0,0,0,0
a2c45abddc6bb216536f739d22b2cd38,1,"I cried, I laughed, I dreamed.",0,0,0,0,0,0
930990f3143b7fe2ae144dbf83c65983,0,"Very Good Read 
 This book is very good.",0,0,0,0,0,0
2b0ee62b683ab7cca4f67ef615fef6fa,4,I am looking forward to reading more of the series!,0,0,0,0,0,0
cdda825e0555c5a664da61463260a2c7,7,Now i am going to go back to crying because i will never to be able to read this series for the first time and it was so good.,0,0,0,0,0,0
1779ab1d7246ee6369d9b2c8868d27b7,5,You explore all of this in th first book.,0,0,0,0,0,0
a122a357a84fdf94c2fc19dfddc134b8,2,I laughed right out loud several times.,0,0,0,0,0,0
19b0e3db0e4a4353744dd160efd0ab57,2,I can't wait for the next one will have to reread the others to tide me over!,0,0,0,0,0,0
5883bf51c5b1ad3d72d58b87b760a907,2,In this one a ghost is trying to be seen by the vampire who is being held prisioner in her house.,0,0,0,0,0,0
a4fb674ace1dfd06705d62d48faf8357,3,I think I would have felt and little overwhelmed and lost reading it first.,0,0,0,0,0,0
00ca677fcb71a3325841b4c3924a7c21,9,"It would stay on the top of my bookshelf, in the collection of my beloved books and go beyond time.",0,0,0,0,0,0
537cd65a5a877268b0ffdb2cdc9326b6,13,Would you tell your crush that you loved him or her?,0,0,0,0,0,0
c0c4d5e154cd0b34ae6601bc8b1c2538,8,"Thanks Claudy Conn for another amazing story, you are a true talent.",0,0,0,0,0,0
633607639a76727c4fb3a377c72e5fb0,1,"Haven't got any more tears left at this moment or energy to give a more extended review... 
 Only thing I can say right now is; 
 This book is definitely worth 5 stars!",0,0,0,0,0,0
b9b7220c138c72e32877637ebc747832,18,I think that everything has been leading up to this moment for a while but I loved seeing how everything played out.,0,0,0,0,0,0
aae6bb3d7fee3f5f732c28763806d1d7,0,Another fast paced story of Amelia and the battle between the Medics who injected innocents with JackRabbit7 and the Insurance Agency.,0,0,0,0,0,0
ec852200dcbfd0f9950f4c21fbde6c8a,2,"I hope the author has plans to continue telling stories of the Lost (perhaps branching out into the lives of Lost we've met, hint hint).",0,0,0,0,0,0
45843494b0e8345cbe3a57d1375425f4,8,Which ticks the demon off something fierce.,0,0,0,0,0,0
9349e7ff30b8009bd531751a34aec0ce,12,"Scary, awful, forest destroying powers that frighten him and shake him to the core.",0,0,0,0,0,0
7ab0d3d49b143fcf571ad69c56913cb1,12,If they die then another is born to take their place.,0,0,0,0,0,0
2ba5862b3bc5dd3b806b00fe11485117,6,Now Will isn't my favorite.,0,0,0,0,0,0
dec429d0147504332f86f4044217f408,5,"When he does, strange things happen.",0,0,0,0,0,0
8e29db4c24ec59aa325ae4d9cb8ea5a6,8,"Inside, the note reads: 
 Twist it once, you're horned and haired; 
 Twist it twice and fangs are bared; 
 Twist it thrice?",0,0,0,0,0,0
483861f058a52baa1b0c164c0215e8e6,8,"Now I re-read it again and it is surprising that after so many years the characters and storyline came back to me so quickly, but that remembering didn't take away from the story as I re-read it at all.",0,0,0,0,0,0
065caaf1134e30828f243e2300373023,9,Now it's killing me to wait for the book #2..,0,0,0,0,0,0
dd412cb182a500965794ed141266b980,18,Im pretty damn salty that it's booktubeathon next week as this series isn't on my TBR.,0,0,0,0,0,0
bcef7736eab154a3316e3e1927fe6589,5,Books like these are why I read.,0,0,0,0,0,0
8a3f393cda1a8a55db3d3816ff106753,13,For more reviews please visit https://carriesbookreviews.wordpress....,0,0,0,0,0,0
8b6aa38e64756c1ffaf8b529f23ea466,5,The style allowed for an extremely clever book which explored the story from a truly world perspective.,0,0,0,0,0,0
1040670717e1285925566e30c0d560c1,9,"Now, on to the characters.",0,0,0,0,0,0
c4882e671ce9aa134acf12857910de4d,2,She truly showed her unwavering skills as an author and her versatility to be able to jump between characters and genres.,0,0,0,0,0,0
7e97082b1e11042366f0838d23184201,16,One of the things that I really liked about this book is the ending.,0,0,0,0,0,0
61d1db74c0bc01b63038fe6794dba7b6,3,"I love how this book ends, but I wish that there would have been many more pages written about 19 years later and how they got to that point in their lives....but thats proabably because I never want the series to end!",0,0,0,0,0,0
c39f6d2d179388eb6d4f53af34a5ea46,11,"The books embody that for me, they seem to capture the very essence of the people and their lives, from their names (Chivalry, Nettle, Fitz) to the setting and culture (no long-winded names, descriptions of hierarchies, cultural quirks, etc.",0,0,0,0,0,0
259784cbf15a94b6441fcf4dcfec35a2,6,The characters from the first book are still around and still play a vital role.,0,0,0,0,0,0
fc06d2a17137b465f699ba5735f5b793,6,"I've read many times that Sanderson has been known to draw slightly flat, one dimensional characters but I thought the character's in Mistborn were quite possibly it's strongest feature.",0,0,0,0,0,0
7d9c0389a283a9db7ba9325faa710d03,0,"This book has been a huge controversy, so of course I was drawn to it.",0,0,0,0,0,0
a48576d4a2ddc7ac9d18e9d2baeeb11c,11,"I thought the ""friends"" from Ben's previous world as a paranomral hunter were an interesting bunch and provided a fun tension to the story - Kitty was always nervous around them and I couldn't blame her.",0,0,0,0,0,0
db0d090d31b1ef2f5d4b58a2aa7ca496,94,The people sound very creepy.,0,0,0,0,0,0
8f40c0feb15c40e1762b4d58cdeb8b75,2,"I love this about the book though, because while I loved Meghan, it was so much fun to get inside of Ash's head - see what he's thinking, how he's feeling and how strong his love for Meghan is - especially when he comes face-to-face with a love from his past.",0,0,0,0,0,0
62747d2fa564ff09ab94d48390d31130,4,Then boom all of a sudden these characters are reintroduced in a big way here.,0,0,0,0,0,0
a602de93b76ce2850cdab57607cf5d47,9,5 out of 5 stars!,0,0,0,0,0,0
4f81d3f933ff6027111409d498cb8aec,6,But now he is back...and evil stalks the village.,0,0,0,0,0,0
6e7129d0f66ab6ce363a0e2dd3934e4d,13,"Though some parts of it are illogical, put in mind that this is a fantasy young adult novel, so do not expect everything to be explained rationally.",0,0,0,0,0,0
99f3fe8d6cd3c0cdb7bae415e392eaa5,4,"But then, I just couldn't anymore.",0,0,0,0,0,0
7df9717db6f75d20965157b800de2eaf,7,He always tries to help people but never expects thanks for his hard work and is so grateful for every opportunity he is offered that he never takes anything for granted.,0,0,0,0,0,0
b62860ce51c114557594f0437f3c716c,11,As you can imagine I'll be among the first buying both a finished copy (I need that beautiful cover in my hands) and its sequel (immediately after release no doubt).,0,0,0,0,0,0
6d54ab5c6f92eca9c291d8ea9b271ae6,12,"I love the teasers in each book that gradually tell the story of Janie, Zane, and Kalin...cannot wait to get to see Janie and Zane get together... Another great book from Rebecca.",0,0,0,0,0,0
b3606c44bf27bdf9f8439a7fa38aa187,4,"Just when I think I have the whole story figured out, a new twist came into play.",0,0,0,0,0,0
eb38c75ea7a0eccedd72ea7ed49bee80,12,"Their relationship progresses quickly, building on their shared history in a way that makes perfect sense.",0,0,0,0,0,0
18765d84c5ce32980df39e630693861e,0,"My, my wasn't that fun!",0,0,0,0,0,0
590e872e31b7d5c5ab7b9e600ff91b87,0,I really quite enjoyed this book and would definitely recommend it to others.,0,0,0,0,0,0
cab328af116f680359376c1e6d426b60,18,"When her original escorts are detained, Hunter offers to accompany her home.",0,0,0,0,0,0
4a708d2c5f515e76a40f8ed91f68f2d2,1,Her coming there is not all forth coming and she is hiding.,0,0,0,0,0,0
55104c2c5e02c5909b0b24273d3081eb,12,I loved the magic behind the Godstones.,0,0,0,0,0,0
f1e08f3cc29a08c0acc5026f610f8fe8,4,I really think little ones can understand and appreciate these books.,0,0,0,0,0,0
5f868402eee363ecaaeed2b7703b7e0f,0,"Just when you thought you couldn't laugh anymore, Michele Bardsley is back again with, ""Sh*t My Shifter Says"".",0,0,0,0,0,0
53b64f2f30b676a534adbb3acc8a25ff,8,"Seperated from Rafe, Lia has no allies in Venda and she doesn't know who she can trust.",0,0,0,0,0,0
43cd87ab52f5bd0bafa0c52529d88332,0,"Highly inventive, full of twists, and great fun to read!",0,0,0,0,0,0
7d85e0406f19ee922acec6d07402e2e5,10,"This book was definitely a compelling and ultimately, very satisfying read indeed.",0,0,0,0,0,0
dc3b4fec224edb27f47627a18efb84ca,1,"The narrator Kelsey is an 18 year young woman with fluctuating emotions 
 Honestly, sometimes you want to slap some sense into this girl.",0,0,0,0,0,0
0b4b45f97b0fdf7820b548a3cff620d7,1,Zach and Lisette's love story.,0,0,0,0,0,0
f93a709f741d911801aecf536f4dd105,0,"I love writing paranormal romance, but I also love reading it whenever I get the chance.",0,0,0,0,0,0
308c0eaa5cc9ee763396fca0f914f0ed,14,And I don't say that lightly.,0,0,0,0,0,0
7606297d0fefa45c8f79a2b3cb68087e,6,"But when her life becomes intertwined with the handsome Prince Kai's, she suddenly finds herself at the center of an intergalactic struggle, and a forbidden attraction.",0,0,0,0,0,0
faeb10a8406157ef988262343f6518ee,5,"love te series and the last book was the best, i want it to cry so many times but them someting good happen and them no crying.",0,0,0,0,0,0
fd4e584f388ed9066cdfac971c6d7698,3,"Amid fights and disguises, Kaldar decides to marry Audrey p290, while she ""will slap you until you turn purple"" p299.",0,0,0,0,0,0
74e9a9f09c98bc30ed10ad8d774d2f4a,22,The demon side of things was much more interesting.,0,0,0,0,0,0
280871227481468e402f992b373e19c6,41,"But he was Barrons and I was Mac, and a blossoming of lust was about as likely as orchids blooming in Antarctica.",0,0,0,0,0,0
7ebffdf7b32a273e5408fab87aaa5907,2,"Aware of his flaws, he is trying to do good things.",0,0,0,0,0,0
a52b0279df40ffee76eda83f54a42e7d,9,"I feel that, in the world of Eleanor, depression is most definitely created by such things.",0,0,0,0,0,0
207e480a10cef6a820cdfd635ea30365,23,"I think he'll be my fave til the end of this series, but we shall see.",0,0,0,0,0,0
c68c1288b90f4ec1aec8bdb1fd773d82,7,"And not you, or I, or Joe Blow down the street are going to tell him any different.",0,0,0,0,0,0
d3c7c2de5a3d3308dd2a8cf214b3ea81,12,She drove him nuts and yet she intrigued him.,0,0,0,0,0,0
d98c1367dbb6940577341d75c1c43b80,10,Let's just talk about PATCH for a moment.,0,0,0,0,0,0
e08f2e0c213b7ff1342b2ecdc4239009,1,Dreams can be pursued at any age and that is what Ginny Lawther does.,0,0,0,0,0,0
12202fa9d1589563896a2800f061513b,6,World War I has never ended and has become a 'cold war'.,0,0,0,0,0,0
12e5475fbffd8540d0933f1cebaec077,13,"You dream with your eyes open.""",0,0,0,0,0,0
98096b1ee7c8ca3d744dc70b65217041,1,It's possible to be complete yet still not whole.,0,0,0,0,0,0
528be6cd8e4f0dc3197d700a4befbc2f,4,"I'm a Scottish gal and it was refreshing to read a story set in my home country, even though I've never visited Orkney (it's on my to-do list now!).",0,0,0,0,0,0
9ee77fd4f9fca076804d8672458f96af,8,Like the first book I do want more of the world.,0,0,0,0,0,0
2432b434370971212dfdfae94b0fe597,40,"There are characters who remind us somewhat of our Austen favourites, Mrs Ellsworth shares some characteristics with Mrs Bennett, especially her nervous disposition.",0,0,0,0,0,0
f1769bfeac0d5a99cc449ee76d09f497,14,"This allows the reader to ponder what the large story is and what scheme is in play, The more I read the more intrigued I became all the way through till the final pages when the pieces snapped into place.",0,0,0,0,0,0
95d803defd45fc8e0299e26e988c023c,23,"I sympathized more with Rafe because out of everyone in the book, he saw the problems everywhere and tried so hard to make everything work out when Lia barely sympathized with the position he was thrust into.",0,0,0,0,0,0
5189f9ea2761e4e6e4235df2bd41337f,18,"I can't really say much else about the story - the synopsis above does a much better job of it than my garbled attempt would - but as with any book that I adore, it's the writing and the characters that are pretty much perfect here.",0,0,0,0,0,0
8b75d283f01d936a003ac350fc898fc9,14,The world of angels vs. humans...,0,0,0,0,0,0
4b728232eba99e72eb3ba3ebdd81a6df,1,Yhalen soon pays the price for offending ogre pride.,0,0,0,0,0,0
da84d5300a5245bd373500f2aaebc85c,5,"I like how the author plays on the misconceptions of good and evil simply by showcasing characters and their actions - a very powerful way of showing, rather than just telling.",0,0,0,0,0,0
0ccea705b741d0087724d97016953cc9,4,Just pick up the book.,0,0,0,0,0,0
80e3004dc68aa9dc2a74d1910ce600b7,1,The Elementals series has really captured me and I'm happy to say that Spark was even better than Storm.,0,0,0,0,0,0
871c73e0baca8b50ef36bca103b47162,4,can't wait for the next one :),0,0,0,0,0,0
a767c1b6011273301186ddf312ab0fca,20,"As with Habitat, Elspeth isn't sure if getting involved in an uprising in Redport is a distraction, a delay or a necessary part of her quest, but as everything seems to converge there - Ariel's presence, the location of Sentinel, the final message or clue left for her by the other Beforetime woman, Cassandra - helping her friend Dragon reclaim her throne is yet another piece of the puzzle.",0,0,0,0,0,0
def74116b23394fa014b6cf75b3d4715,8,I absolutely love this Audio book and when is Acca coming out?,0,0,0,0,0,0
86868ab45354633270963eb717d27f78,2,"Most interesting, which was a brilliant part of the course, was charting how Tolkien slowly started bringing in his unique mythology into this new narrative to create historic depth and rootedness.",0,0,0,0,0,0
74867b25c3bc0f7f02c144e595e6e994,24,"So, maybe that isn't so shocking.",0,0,0,0,0,0
01c5f798646acf9c8b851cdc2ac2506c,5,"He has two grandparents who would kill him if he got in the way of their plans, and who would definitely kill his brother, he isn't sure if Malcolm is caring for him because he wants to or because Darryl made him promise to, and he tries to keep his distance from Nolan because if Nolan ever found out that he isn't the only heir to the Beast King and that Simon inherited those abilities as well, he would never forgive Simon.",0,0,0,0,0,0
25cd1a66e8e4ffdefc93ad433658fb56,10,The book had some funny moments in it.,0,0,0,0,0,0
57ef1ba726c27bc35f6599001f49a85f,14,Rose would do anything to protect the people she loves and cares about and she definitely shows that.,0,0,0,0,0,0
056073d8ce19ef2033553745ae9b5c2f,1,I'm still processing everything that happened...,0,0,0,0,0,0
9d387ccf0566f423335ae0c1e1e17509,0,"** spoiler alert ** 
 I loved this book so much and I can't get enough of these characters.",0,0,0,0,0,0
0c83e055fa57d680459406e02995e82d,5,"The characters relive much of what passed in their previous lives, but in this case, they manage to move beyond and overcome the tragedies that dogged them in the past and into something new and great.",0,0,0,0,0,0
a9d7c4bdef135ecc263e387133c9138f,3,"Fated Dreams is filled with romance, suspense, action and a few twists and turns.",0,0,0,0,0,0
e59da8bc933898d2f76e53ab1053780e,11,"The thing about this series is that the love triangle is spectacular; Cassie crafted it and the characters in such a way that Tessa's decision in the end, whether it was the one I was rooting for or not, still made me extremely happy.",0,0,0,0,0,0
096e4ae949d36cd404ecb2acb202a7db,14,"I have always loved reading Kerrelyn Sparks, every time I read one of her books, I find myself unable to turn away from any of them, this one is no different.",0,0,0,0,0,0
b27bddff27331373335342021db9c223,16,"But Taylor did a good job making the part engaging; with Razgut's creepiness, kept making Jael infuriated.",0,0,0,0,0,0
cde6ca02337e5d9b5f8c155c3463d18c,65,My biggest gripe is the setting.,0,0,0,0,0,0
c935450e6b10e941fcba4ec265a8cf73,12,"Language: It's been a few weeks since I read it, but I can't remember any bad language at all.",0,0,0,0,0,0
5c56f31172d981492138e91ba237b650,0,"Thinks I Liked About This Book 
 -the narration.",0,0,0,0,0,0
6122798b3a73885c3b518d84cb58fc13,10,But people over the city are being killed by poison and there seems to be no pattern or reason to the deaths.,0,0,0,0,0,0
43bbc26eced60ba094747fc58a51fe0c,10,"She is a curator at a museum, she's brilliant and curious and obsessed with Celtic artifacts.",0,0,0,0,0,0
02ac561f4ed5751513d221ca1d7210bb,2,"Mark is a quirky, witty and doesn't seem to take himself too seriously and Jonathan is almost his exact opposite, composed, quiet and polite.",0,0,0,0,0,0
fd5b4d60f1139755b7b187b891eb95d6,11,"""He confined the knowledge of governing within very narrow bounds, to common sense and reason, to justice and lenity, to the speedy determination of civil and criminal causes.""",0,0,0,0,0,0
aa1e3ca3a01c0add16c77651e399d351,12,"Now sixteen, Ruby is one of the dangerous ones.",0,0,0,0,0,0
7aaea6a5ec9d268175165607534d736e,7,I'm sure it was dramatic to watch.,0,0,0,0,0,0
d714a6b5b0ae46566dd6f5b958f012fa,18,"Now, excuse me while I go pout in the corner until the next book comes out.",0,0,0,0,0,0
fac6bafcc62dc1c5ae94077accc990e0,0,This story is about a girl named Mel who is always daydreaming.,0,0,0,0,0,0
ace49db165f0c824804aceb4689429d8,1,I have read positive reviews saying that this book bested its prequel.,0,0,0,0,0,0
e3effa3838e4ef3d9d8d7661ba4357c3,4,The Martian has a great character.,0,0,0,0,0,0
8fa58b68423da32ac00b46369a9d3a5c,13,"I saw so much in this book and maybe other people see other things in this book than I did, but that's ok, that's what's beautiful about books.",0,0,0,0,0,0
e4c7836877965f97520234d0399e66b9,4,"Jace isn't sure what is going on, but he immediately goes to the aid of the female wolf.",0,0,0,0,0,0
2640976eaf91767a8b7faea7920616a9,10,"After the Admiralty assigns mutinous captains to his command, Laurence gives up on expecting better from his country, and decides that if he's going to fight for them, he's going to do it his way.",0,0,0,0,0,0
a82953f8f09901614dc8628d4fb6c231,5,"I love Niles attempts to talk Leigh, he gets so tongue tied!",0,0,0,0,0,0
8600049edd641c17d936025c901a9e87,30,And the final moment of Fitz and the Fool; of how Fitz wanted the Fool to join him but the Fool was under the impression that the Fitz was punishing him by not wanting him to join.,0,0,0,0,0,0
4610076dbde8a9701392b4e29b8584ec,40,"You'll always be the only one.'""",0,0,0,0,0,0
d090503b0da5974f642026977232f84c,71,For all those times she'd been made to think something was wrong with her.,0,0,0,0,0,0
85e502bdb1d27b826ba1488ca7e80782,0,"So far so good- I love fantasy books, I have not yet finished the book but so far its a great read.",0,0,0,0,0,0
51df9c14bc0ba265edd7fb9b44e3ea11,9,After all they've been through they're tired.,0,0,0,0,0,0
ef63532665bff778212272f824af5384,5,So here I am having just finished this book for the second time.,0,0,0,0,0,0
875094409c39afe129783ab523782038,23,"She was the living personification of everything he was working for, she was his savior and the girl to be queen - in this sense, everything to him.",0,0,0,0,0,0
05a68fc72004f307c579d7da92283ef8,17,Clearer in the Night will not disappoint.,0,0,0,0,0,0
bfbcac2234dc5721d71b2fa83acd0290,17,"After all, she is in a magical world with no powers of her own to speak of.",0,0,0,0,0,0
68ff10fc9b85463da6237d6ce5dbcdc5,30,"I figured she would be the reckless, probably stupid and yet somehow anyone and everyone would fall in love with her typical heroine.",0,0,0,0,0,0
1dbc35f18a39bb3dac3ebe130e6d7852,18,I have the feeling this is gonna be my next favorite series/author of all time!,0,0,0,0,0,0
a07eb81589a137705731f8990db5ce91,2,Not for even a second did I feel as if she was dragging the whole thing.,0,0,0,0,0,0
da2daff27f00e11c7e9f64581ecd7e52,2,made me drop a star.,0,0,0,0,0,0
c43866da0a0299b93c8342b2c8fafba7,33,"Before I requested the audio version of Red Sister from Audiobook Jukebox, I listened to the sample and found I was enjoying it.",0,0,0,0,0,0
7131ffad6853eb00df944f1bba12210e,1,"And just like that, the book described itsself.",0,0,0,0,0,0
101fea139c86086aaa307ebe7604b119,6,"From a die-hard vampire fan, that's high praise for a haunted house story.",0,0,0,0,0,0
570a2bce83ad040766b46b8db7b03edb,2,A story so gripping you cannot put the book down.,0,0,0,0,0,0
5b9c05e37560cdcc20453a32e2e6f47d,2,"I loved Faye and Jaxen's characters, Faye was so feisty I loved that and Jaxen well what can I say, when it comes to book boyfriends he ranks right up there.",0,0,0,0,0,0
0f62ac6ded4147057c111cf42169effa,9,It has always served me well.,0,0,0,0,0,0
c5c781216cbc09c0c90ebd72d7ffa917,1,"The characters were instantly likable and engaging, with a couple of nice twists here and there.",0,0,0,0,0,0
798251df6df37cdbfd178e5cafe25d33,3,"Surpirises, secrets, battles, unexpected alliences and the amount of magic filled to the core.",0,0,0,0,0,0
c547a9134f484d8df82151e9f296e74c,6,That is a trait I wish I saw in more lead female characters.,0,0,0,0,0,0
c6101b4c35b337d7ef7fe649caa3dbea,2,"What follows is an intriguing tale that quests not to a fantasy world, but from a fantasy world to the mundane.",0,0,0,0,0,0
94d5acef68aaca070cbe0b86328040f7,4,The story was fast-paced and there was not a boring part that I can think of.,0,0,0,0,0,0
6b3dd4048e4a62bcbb903153b347836f,12,It's a truly remarkable book.,0,0,0,0,0,0
cae4827b92ecb17ae02fc59aa16a0d0c,22,It's something not worth missing for.,0,0,0,0,0,0
512d5684d14d3fe44c291ba07d83ae2b,6,"So, you talk to your friends, at exhaustive length, about what they're reading, and you buy the books they recommend.",0,0,0,0,0,0
d9f84f1dc45863b97f6d361d207d80f2,16,"I'm sure if you're a fan of this series you won't be disappointed, if anything, you'll be impressed.",0,0,0,0,0,0
3c23cdc5af4f6ceea8bb6564fbd994ee,6,I would highly recommend this book.,0,0,0,0,0,0
bcb6a44df5c194fb3e31759ad71618c8,17,Two Mitchell brothers have mates and the mark is gone that leaves Bryce.,0,0,0,0,0,0
2cf5df72dd79ed5ae6a5ab90113d6eaa,10,"Anyway, I love the characters, and not just the male ones!",0,0,0,0,0,0
5d43d8bd333cd0ed8e42194626ff6b98,2,The storytelling and sheer description of the worlds and emotions of characters such as Elias and Laia was just...exhilarating!,0,0,0,0,0,0
04fc88f364733791ce57f5f75466910e,6,"Fast-paced with an interesting twist on a crime drama, this is a series that should entertain.",0,0,0,0,0,0
a4fbcee392e01e22581b99bec550ef24,0,"Originally not my favourite HP, but a second reading brought lots of pleasure.",0,0,0,0,0,0
c410064fa0a5513db1303e7e82fe207a,13,"Shiny, who anyone who read the first book will certainly guess his true form, was damaged and arrogant and stubborn.",0,0,0,0,0,0
06383dd99704922c058bdc7db04a6148,1,This was an excellent novella.,0,0,0,0,0,0
2a3dae6e87fa8b42ea73f9b3adc41ce1,51,The list is getting quite long now.,0,0,0,0,0,0
ce103860af558bca14a0e503aba15e7b,16,"THE CHARACTERS 
 Craig Haney, A.K.A.",0,0,0,0,0,0
bbb397b1e141d3f439d3b1825dad6206,28,"Rhys always cared about Feyre, loved her.",0,0,0,0,0,0
423c04af54ad78c6eff2d800c86fae71,21,It really kind of shocked me - the Inner Circle knew that it was going to be a challenge going to Hybern and yet it felt like they went on a last minute whim (after their hand was 'forced') - AND where then surprised when things went wrong?!,0,0,0,0,0,0
a30c0a4c86e0bd84956f35612873c65d,7,"Until one day she gets caught in a raging storm and right before she almost falls over the edge to the rolling waves below, someone saves her.",0,0,0,0,0,0
37afa6a496b51e0461e135b2e866016b,1,"This one is probably my third favorite in the series and is most definitely one of the quickest reads, I think.",0,0,0,0,0,0
a8a648645e71c1d89f0dc74f2d41645c,11,"Witches, vampires, wolves, other weres - every supernatural creature out there is going to be interested in her now.",0,0,0,0,0,0
41b96f9865745dfe7c943a995cd25e92,2,"They and other characters in her books have some personal magic power, and also access power and communicate with supernatural entities use a variety of magic forms and rituals that are common in the Americas and Europe.",0,0,0,0,0,0
4d5b7872e0b06d8c9e090db07d9b09b4,31,She's such a dynamic character.,0,0,0,0,0,0
d77e0a7fd6506936b096aca203c436d6,9,They are driven to be hunters and kill their prey just as real wolves in the wild.,0,0,0,0,0,0
7cada087906ef28b30efc9c6dbbaea04,4,I cannot wait to pick up the next book and see where Cat goes from here (and please let Bones go along with her!,0,0,0,0,0,0
710fd8a65b28a337c1c575aee3b1565a,26,"In this book, everything worked.",0,0,0,0,0,0
61f8dfd9bdc0a742a3eb0232159069c0,15,I have a feeling that Amber Argyle's Witch Song will become much loved and remembered.,0,0,0,0,0,0
334910caa109068e0ebaa33345cb8268,7,"Naturally our favorite reapers are involved in the story Echo, Rhys, and Nara.",0,0,0,0,0,0
a86b7d7c696278241697643a79f43df7,31,I am going to reread the whole Vampire Academy series ASAP plus I have watched the shitty movie twice on Friday!,0,0,0,0,0,0
ce982d4a2215eed07f118777153eab55,18,"When he takes the sky, so that Artemis can battle Atlas in book three.",0,0,0,0,0,0
f820b62be5766fc3a552db741bc95084,8,And I realized that I'd tolerated him this long because of self-doubt.,0,0,0,0,0,0
fe282e31f10d07901339cbc5def5265b,6,I will admit to being surprised by Highland Valentine because I am not a huge fan of time travel romances but the characters sucked me in and made me feel for them to the point I was rooting out loud.,0,0,0,0,0,0
90ef7e4f260746ca31fe34f25780fb84,31,It just makes the book so much more different from the others in the series.,0,0,0,0,0,0
df14419bf8a5b6a18ffdb28ef730b28d,29,Patrick had a clear knack of poetry and prose.,0,0,0,0,0,0
8e53c74f139d69f0702f91138839baf2,10,"If you worry about labels which include ""romance"", don't.",0,0,0,0,0,0
8dd521823b01d2eb2ae0e68fd37669df,2,Everything you need in a book is in this book.,0,0,0,0,0,0
1bfd757b9715a033b8ad8e7edba028c8,35,The way Andrews mishmashed multiple culture's mythology into this one is nothing short of amazing!,0,0,0,0,0,0
d132c0f4937a7489c469a852513bae83,11,"The author does not shy away from sex or violence, so this book is definitely rated for adults only.",0,0,0,0,0,0
597ea04692f443da7305f30cf3d5194c,2,"This novel starts out with one twisted explanation about the moon virus and how it spread, why it was created to begin with and what it's initial purpose was.",0,0,0,0,0,0
958a178e64d9b5e3d5ace6369486f9a0,15,"While I adore the beautiful names, they are hard to keep straight, and I found it much easier to focus on the characters relevant to the story than knowing everyone's cousin.",0,0,0,0,0,0
48563ad524af747ea38460f498541668,14,"(...) If there was some providence or cosmis will, (...) then they had to grant this part, too.",0,0,0,0,0,0
dfb8573bf9dc77f9162c586b0cc7ac47,1,"It has been so long since he has felt a lover's touch, care, love.",0,0,0,0,0,0
d49977cf5e87efba1701024b7c818884,2,I love the story of Elli and Jude.,0,0,0,0,0,0
f17663270ee46cba3a581b80ff6d828e,3,It made me laugh and cry and die of feels.,0,0,0,0,0,0
e42b4111877614042d77c217dbbb6318,1,Needing more stories to share the Bard goes into the town of Eventide to record their stories.,0,0,0,0,0,0
4c0f0739570e13ec012add2508e79424,5,I wouldn't call it love at first sight more like-you are adorable and interesting at first sight from both guys.,0,0,0,0,0,0
269448adc2fb6e83cf7d57ddcf6d4d87,0,"While looking for something different to read the description for this caught my eye, I was intrigued.",0,0,0,0,0,0
85d20d5d7fd1910b8f00abc11a34958a,15,"Before long Clodagh meets the fugitive that her farther is looking for, Cathal, in the forest.",0,0,0,0,0,0
c877f6251b6b9887c127807dd6ccf563,13,"Back to Rhage and Mary because they're officially having the baby talk which I was kind of expecting it to happen sooner with all the pregnancies in the house, first Bella, Layla and then Beth and Layla still going through it, so yeah, the Beast was perfectly timed as usual to deliver yet another beautiful story.",0,0,0,0,0,0
476f43770566be513b2c2d0317eedd9b,9,This is a heist novel.,0,0,0,0,0,0
51b2a4a4df359e318041dc546a356216,18,Very different and so well written.,0,0,0,0,0,0
fce4cfa690f957ccae02a3f37cd45c7e,2,"Although the club is new in town, it is an instant success as humans and vampires gather to party together.",0,0,0,0,0,0
4ffb828f9d41cd264b29f6f7d858f1c8,4,The story starts off with an intense event and never loses momentum and the romance and deadly events keep readers on the edge of their seats.,0,0,0,0,0,0
71f2013a3cba748af1be5f8f4a392308,2,"Even without villains, though, this is a tightly-plotted book with a lot of excitement and tension.",0,0,0,0,0,0
790a5063ce62de102ce76a77f3fbf9af,16,"Or at least, I couldn't.",0,0,0,0,0,0
eb26ffc69a89b50811470b87d3eccc98,2,I could not stop reading this little gem of a book.,0,0,0,0,0,0
1acddb8cc6ca312541ca6d3366fe16d4,5,This book is like 3.5 stars in my opinion.,0,0,0,0,0,0
b2b5172ed424cdc457630634743f76f4,1,I blew through it and it was over way before I wanted it to be!,0,0,0,0,0,0
1b948267fecad5b83269c09826906092,32,The words and emotion behind the characters of The Space Between moved me.,0,0,0,0,0,0
534c2ef89ed48f41491a2bc339be56f1,9,Nothing else Ive read compares to it.,0,0,0,0,0,0
bcd1cb2c61c7800cbb0ff30378ed51a4,31,I can't wait to see where Castle takes the series next.,0,0,0,0,0,0
b2a4c478a031f85dfed17120ed0daeb9,1,"Also I am a twilight hater, but this book is just brilliant!",0,0,0,0,0,0
25facb86f4e2349fb00c508605d13999,4,"It definitely was very interesting to read, had the emotional depth to it that I require in books about lurve and all that.",0,0,0,0,0,0
86cff0a77b2d2ce2961e2ce79a9e4620,2,The female friendship always appeared to be more important.,0,0,0,0,0,0
6b177822fc9f8ab3011d1e51ae7affe7,4,"After being kidnapped and taken to the lost city of Trollus, where Trolls have been trapped for five centuries, Cecile is forced to marry the King's son against her will, hoping that the marriage will grant the Trolls the power to escape the mountain.",0,0,0,0,0,0
ab3322f161eb8a644bc41efb47f3bc0a,38,"I loved the idea that if not for the potion, a tool intended to harm, they would never in a million years have had reason to fall in love yet that connection however manufactured ended up creating a deep and lasting bond between them.",0,0,0,0,0,0
baad26aff6b4015d678b08230dc94f9b,6,"Foremost among them is Arian and her apprentice, Sinnia, skilled warriors who are knowledgeable in the Claim.",0,0,0,0,0,0
fbad7761ac3eade623f3ba562c5fb661,0,I recived an ARC in exchange of an honest review.,0,0,0,0,0,0
e9a49f66364d2517ae4b5264f126e4f9,3,"Seth is finding himself in a powerful position that he never imagined, being the soul person to receive another's love.",0,0,0,0,0,0
5de2c2cd7a1ab04285819fa3ef282cb3,32,I read fantasy mostly because I love cultural world-building.,0,0,0,0,0,0
976f5ae3cd7e6a2918744930b4357fb3,16,You swallow her with your eyes.,0,0,0,0,0,0
650b432248b63dc8d54f3aa55f87f8fd,13,In the spiritual realm you will find reflection pools and life charts that aid in the many journeys of souls.,0,0,0,0,0,0
d914d0699ee4bf297910177674659730,4,This story was a nice blend of fantasy and teenage drama.,0,0,0,0,0,0
fa015bf2d9d44e3c3cf866bad5fd6b06,28,Not to say that Declan's weaknesses didn't shine through with brilliance.,0,0,0,0,0,0
c7ae3be269d0d2c66350033e4330cd3d,6,"CHOSEN: 
 This series is thrilling, to say the least!",0,0,0,0,0,0
e976b72993acdd1d2613e226e52f1f41,13,"If you haven't followed this series from book 1, I strongly recommend that you do as it will help you understand some of the people referenced.",0,0,0,0,0,0
2954b5e0fb3d852842345c36416f4bea,15,"Plot games 
 A longtime reader of Butcher's, I have come to expect the labyrinth of plot twists which he throws into his books.",0,0,0,0,0,0
6f1cfd79db603e970f88bde2dea4d4af,13,"Yet in this story of a woman trying to regain her agency, I found myself frustrated by the predetermined outcome, that Cyrah would keep the child.",0,0,0,0,0,0
f899098c3296c122f6dd9e448714a308,30,As the story progressed I realised fighting the attraction was pointless so I happily surrendered to the sexiness that is Hunter.,0,0,0,0,0,0
cd8381954d13994a3dcd4501f7e0ab30,11,"Oberon is a simple creature, driven by base urges (mostly sausages and French Poodles), but with his training as a communicative dog, he has the best comebacks.",0,0,0,0,0,0
46f1f8f15a13ebaa17c251099d7232a1,11,"He was moping around for a lot of the book and I just wanted to yell at him to ""Snap out of it and do something!""",0,0,0,0,0,0
961c4ae6c62459f13522e20490e9130b,2,It feels like I've finally come home after a long time away!,0,0,0,0,0,0
9177ba65a2dcf5161a51ad589a77c06b,16,I need to know that guy.,0,0,0,0,0,0
47cc6683526d0f881beb059549dff892,4,"It was kinda like Inkheart but for a NA crowd, so yes there's some swoony smexy scenes.",0,0,0,0,0,0
9f1ddfa7b0784330a3a4d260e005804b,1,What about living in a world with just young girls and being forced to become a security cog and then encouraged to enter training more stringent than most would encounter going to a regular military school.,0,0,0,0,0,0
e79319c0bb5fb5891d9dbe8df5b25d68,9,"She just screams strong independent woman to me... and knows that her man is a part of her life, but not her whole life.",0,0,0,0,0,0
985e87cf095373573ead5a815f7e796e,0,"I'm biased, yes, but I still love Ellis Leigh and all her words and all her wolves, and their women.",0,0,0,0,0,0
35c0f77c9c5591295ee99f45b44d808e,3,"Her growing team works well together, and they'll make it through the deadly attacks as usual, with help from some unexpected sources.",0,0,0,0,0,0
233f0c703bdfaf909bfbeefd7e2a831a,1,I hated those few times I had to put the book down for silly things like sleep and work.,0,0,0,0,0,0
5b24156c5437d8fe998db6575c9971fc,6,it just gets better and better!,0,0,0,0,0,0
d1f6f3600d44355fdeef3f2395bc10a8,7,"Her relationship with Mark didn't seem too believable at first, but then again, Mark did quite a good job of hiding how he truly felt for her and despite the fact that he mentions it to the reader early on in the book, you don't quite believe it just yet.",0,0,0,0,0,0
f69d5518c7fdebbaa9fb6d5e08ef8c84,15,"Shallan, well, Shallan has to deal with a lot.",0,0,0,0,0,0
72c589fbf045cc29935f2f768ad01295,13,I just love Tessa so much.,0,0,0,0,0,0
1de065920b66d6179f0917bc56dba94b,0,I read the first HP book to see what my son was reading (I often did that).,0,0,0,0,0,0
43d1d63d78e1ecc9b45db1bc3748e5aa,6,Ms. Morgenstern does go back and forth in time which caused several of our book club readers great consternation.,0,0,0,0,0,0
37b1e2d56eff7fe87ab2c900384f6887,4,The best six bucks you'll ever spend.,0,0,0,0,0,0
37605a5ab2bb59e206b70c56df03d3c2,25,"After reading it, I didn't see anything wrong in it.",0,0,0,0,0,0
8b47441f26afdd800be3729c10f0f332,7,Describing what makes this a 5 star book is a bit like describing why i like chocolate ice cream...it's yum.,0,0,0,0,0,0
f58c5c6d36af62da2e9c69e3e7af849f,4,"She has spent her life without touching anyone, knowing she can never have the love of a man or children.",0,0,0,0,0,0
e3298aa554d0cc12af4d8451f9c55829,4,This book will throw you around and beat you till you're just feels.,0,0,0,0,0,0
1411770b0184b7e09cc6ca23914f4608,4,Little did she know a year later her life would change completely.,0,0,0,0,0,0
859980597b0a8c076237801aeb286aac,30,To say that I loved A Storm of Swords is just shy of accurate.,0,0,0,0,0,0
4ed4671e11a107c724065a925c694364,2,"With one decision, her whole life changed.",0,0,0,0,0,0
bbb4b3fd757a3bd380efc974d34f9c32,3,He goes into the meeting knowing that the Long Claws don't abide by ancient bear shifter laws.,0,0,0,0,0,0
27924db863e05c774f879b6d9e5bffdc,21,So many things were stitched together for the readers to try to figure out and find out towards the end.,0,0,0,0,0,0
0092d0f768601ccf4b291fdff4b77bcb,4,"""'...life is a damn sight easier when I'm not pretending to be someone else.'""",0,0,0,0,0,0
6d06c5a728dee3f0b7a4403b3039acaa,24,"*Read on July 28th, 2015",0,0,0,0,0,0
c2f99aa6d757dd962f10bd22f7c55a9e,25,"Rating: 
 So I had a really hard time rating this book as the more emotional part of me was like ""Yes!",0,0,0,0,0,0
2ead8810f02eeb9b8edbbc3582f05ed8,3,A friend of mine recently lost her mom ...,0,0,0,0,0,0
af08fa75f0076de71eb6265ef1e6aa78,6,I felt a whole gambit of emotions in the reading and became completely invested in the journey.,0,0,0,0,0,0
faf82b9e424eb955bfea861629a91076,0,I followed a recommedation for this series from another author I like to 'stalk' and I didn't regret it.,0,0,0,0,0,0
6b14fa6bca7feb2c0a602a86566ef3a3,0,It has its ups and downs and its curves in the plot.,0,0,0,0,0,0
8482a372f358f6b1ad266a90c6fc0f7e,23,"Surprises, in the best of ways that lead to ""Ohhh snap"" moments.",0,0,0,0,0,0
5725b4ec0a7bcea6216dde4bdc0718a4,8,"It was hard not to compare it to the HP series, but I do think that it is unfair to do so since it is a play, not a book.",0,0,0,0,0,0
564d14df101b80baf2d90514410dc515,26,"Possible Pairings: The Darkest Part of the Forest by Holly Black, Stardust by Neil Gaiman, Blood Magic by Tessa Gratton, The Glass Sentence by S. E. Grove, Fire and Hemlock by Diana Wynne Jones, Winterspell by Claire Legrand, The Name of the Wind by Patrick Rothfuss, The Winner's Curse by Marie Rutkoski, Daughter of Smoke and Bone by Laini Taylor, Illusions of Fate by Kiersten White",0,0,0,0,0,0
8f103470c76fb5534aafd0561e4bd961,22,"Okay, I don't want to say anything else, because I don't want to spoil anyone.",0,0,0,0,0,0
6405b50e4107881e563aca7e628753d9,0,This is a book I read over and over.,0,0,0,0,0,0
1b42367594ff12e582259765f8d63eb8,5,Nila has a small son by her ex.,0,0,0,0,0,0
d060548f36f0fbba2aa4b9096e0f08c9,0,"I received this book in exchange for an honest review from the ""Lovers of Paranormal"" Group on Goodreads.com and the Author.",0,0,0,0,0,0
2a135eedb7827257b9812d6f37f45373,25,"I will read it as soon as I can, and I'm sure it's going to be great.",0,0,0,0,0,0
69cd1940c012c21a238e49a50856f9aa,0,Delightful shenanigans with four children who are left home alone suspiciously often.,0,0,0,0,0,0
cb6b72cab43081f13761af69f16d2d94,0,"The Night Circus will lure you into the pages and actually make you smell popcorn, caramel and cocoa.",0,0,0,0,0,0
4ebc48997fa137fd077a10c4546397d6,13,"Seriously, if you haven't read Hex Hall yet, then I urge you--nay--order you to go to your nearest bookstore or library and get a copy of it.",0,0,0,0,0,0
5b2e4f3287f56c9ef13bb4d25e554d61,6,I liked the take that Lincoln was someone who was bent on revenge and then started to realize that there is more out there then trying to get even.,0,0,0,0,0,0
5a425fddc33cbba09a54337e395d7478,12,I was hooked into the story immediately and I really enjoyed the way Zoe's character developed as the story unfolded.,0,0,0,0,0,0
b9a7aa8a7199c9c82b6e1d0d107deebd,9,She eventually returns home to find Damar besieged with invaders.,0,0,0,0,0,0
bc298b1941ea6fb8ede154bc4dcf7aa4,4,Now we have a sorority sister in the mix...will she end up with an A-C???,0,0,0,0,0,0
c7a64b254ca5079726138f5641487a93,10,"Rhys just tries to avoid her, until at their first accidental skin contact, an aspect of the dragons' inherent magic activates and Rhys and Kai are suddenly what the dragons call ""heartsworn.""",0,0,0,0,0,0
11885b8fac467529664fe6f0652c8170,54,Which is Limos's and Arik's Book HOLLA!,0,0,0,0,0,0
d7f6b69f907d99a00ddbf99c46a5eb66,8,One of the things with this book that makes me feel like crying at the moment is the fact that there is no dates available for when the next book in this series is going to be released and it looks like there is no novella either.,0,0,0,0,0,0
2489ceb08dbcebb9465e780cfc3ce29a,34,"Back when I went to mundane school, I knew some kids who were on the spectrum.",0,0,0,0,0,0
bec9342ed1215482074c5dedb3c28a58,1,So this in no way let me down after the conclusion of the Hex Hall series.,0,0,0,0,0,0
6ae787a0c750e3bc22eacbeaf93bc247,15,"Then Piss-Ella was all ""HE'S WITH HER!""",0,0,0,0,0,0
cd86a95069ead45cd24aacc60553e805,15,Dash's relationship with Cassie was touching and I'm amused by her and her maturity in a way.,0,0,0,0,0,0
49715ea50219a34cd907fc3a89bcf065,4,"This is where I can be labeled a ""Snob"".",0,0,0,0,0,0
a6faab65ab3d3793c497de10ae86a8a3,33,"But it also makes it real, relatable and normal.",0,0,0,0,0,0
f35796f82542c2d145e53221ee7e0aae,6,"Although there wasn't a lot of fighting, there was still a lot happening in the book, a sense of increasing danger.",0,0,0,0,0,0
1275586ae8b82218ee0424cba8a9cd84,9,I liked the way scenes kept jumping around to show different pieces of her life.,0,0,0,0,0,0
4a469bf851af63325911ab5eaf7feb24,27,"I'm going to admit that going by what we read about in Acheron, I was sort of against Styxx and I saw him as the spoiled brat prince that everyone has painted him to be.",0,0,0,0,0,0
80c7dd3a49957c07d9e4a6d9468698f3,24,"Scary, manipulative, but with a weakness.",0,0,0,0,0,0
0d2c92bb0ed36ae95c914307b211162c,0,To say I enjoyed this book would be an understatement.,0,0,0,0,0,0
af5dd1d99e15bac0b9321a02b196ee0a,7,It's been years since I finished a novel this fast.,0,0,0,0,0,0
436c084e3de3a7bcac034061b1c014ce,5,"I say magic, but it feels more like a science we're not ready for, with hints of quantum mechanics and old gods and math.",0,0,0,0,0,0
118bd83b141d7e5dee5ee55bbbb967a3,3,A great book that leaves you hungry for more.,0,0,0,0,0,0
868f016f6521d2b61269944858cca13f,23,"I loved learning about what Daemon and Dee could do and the whole threat to their kind getting in the way some times 
 Overall, I definitely recommend Obsidian to pretty much anyone.",0,0,0,0,0,0
05e863260dbf254a0cc50301d0de9531,1,"My first attempt at this, I could not finish it!",0,0,0,0,0,0
758c5dcc46f13efba1fb247eb4d021cc,4,It's a forever kind of love.,0,0,0,0,0,0
33ec7ab4048710e61ffb43a42b84a541,6,I think the last time I fell in love in every single character was in Maggie Stiefvater's books - The Raven Cycle.,0,0,0,0,0,0
db23e625e8c4e05df039cb51f103e532,7,I couldn't help but root for Weylyn and Mary!,0,0,0,0,0,0
23895fa611951ff9e07fabdb9ea02faa,14,She doesn't seem to have close friends excepting the people she's visiting.,0,0,0,0,0,0
cbd52c2f8eed0db65fa1ac2682d86929,7,"Demons sided with the fire demon god, and in his brother, Kael's eyes, they cannot be trusted.",0,0,0,0,0,0
d253eb10f6fad387d44f71d9a3825a1b,24,"As well as the icky parts, the descriptions were fantastic, steeping the reader in a post-modern, urban world with utter conviction.",0,0,0,0,0,0
de65f6d2cf0b581cc0af8d86f023e8cc,0,This was a lovely calming kind of read where you became one of the girls in a story that made you root for Miri throughout the whole book.,0,0,0,0,0,0
9cf190e8644641b859a9f33347c58b2f,24,I was so very easily pulled into this medieval world.,0,0,0,0,0,0
67cba1847e1ad72bff1bb9f7f450071c,1,"Her nicknames continue to amuse, even when she's facing dreadful danger and she's making more friends (and more enemies) as her talents and powers develop, as she tries to skate the fine line between breaking and keeping bargains.",0,0,0,0,0,0
b36b551bfcd270a09091f56a3f694ba8,1,This is my honest and unbiased opinion.,0,0,0,0,0,0
1078b7d6d702a921254b5c3d2da2d9e1,81,"And while I'm glad Martin kept him around, I hate that he's become the punching bag for the family.",0,0,0,0,0,0
20246bf60d93bb29f6b179b08881cbf7,15,"The first one is: Kiss of Death (The Briar Creek Vampires #1), Thicker Than Water (The Briar Creek Vampires #2), then Destined to Die (The Briar Creek Vampires #3), then finally Change of Fate (The Briar Creek Vampires #4.",0,0,0,0,0,0
0d24fc8b79f38e40eb0820c7ed76f0b3,0,"The final book in any series is usually a bitter-sweet one, and Edge of Forever is no different.",0,0,0,0,0,0
941d66304837226c673b23599b314e05,3,This is an amazing tale that centers on the puck and his antics.,0,0,0,0,0,0
2f3ab025b1e5347ad9c8b29f6e594d6a,7,"Laughter, action, head, suspense.....a well rounded outcome.",0,0,0,0,0,0
48ff238b3ffa2da1a8c12f7b54a97432,19,Madson has created a cast of enthralling and deeply layered characters whose words and actions have power and meaning on every single page.,0,0,0,0,0,0
daf008cce4dc6c99ec667d7620903c1b,3,It's the first in this series and it will get you so hot you are going to need a trip to the Arctic just to cool off!,0,0,0,0,0,0
642a900a8a4b98dcbc3fbdeed79f2416,31,"Well, since this is already the second time, my guess is YES!",0,0,0,0,0,0
9bd8380e52766b16a8868c99e4dca809,28,"There was an addition to the main cast, and let's just say there were also an abundance of witty remarks and humorous banter.",0,0,0,0,0,0
80fef1f1550ee32f4e57758f6b58c777,1,I really enjoyed reading Awakened by Fire.,0,0,0,0,0,0
a9a4884d2066d9cd5bf04a603d6a30f3,1,"You do learn this history during the course of the novel, but it is in a much more condensed form.",0,0,0,0,0,0
f5479324d8caacce9a16823a1e51015b,1,"The two novellas stand alone entirely, aside from being set in the same world.",0,0,0,0,0,0
e294ddc185f85be284055a21176dd8a8,2,"You don't really see any fantasy elements at all till 2/3 the way in, and they don't stick around.",0,0,0,0,0,0
3a6839f88ee65f92a3453a8ad4b475ba,12,I give it 5 out of 5 stars!,0,0,0,0,0,0
6b934a2b32e49bf0dc9a3be2839c449c,4,If you have a child get it for them - if not get it for the child within you.,0,0,0,0,0,0
263d6062c01580ef5678d6514b39814a,34,"""Everything is so huge with you.",0,0,0,0,0,0
9c61a24f9caeb4228701925358d821a3,2,There wasn't a character I did not like.,0,0,0,0,0,0
2f4dd7151b607b95fb2f4cb09bb2e6ce,5,New things keep poping up in the Dark-Hunter universe and all of her fans are hungry for more.,0,0,0,0,0,0
413e09c5c6b5ecda8b9549ce4efe37a5,17,I totally believe that Astley is head over heels in love with Zara and I secretly hope he wins her in the end.,0,0,0,0,0,0
467a198cdc60617fc67d4f565e6a8ce6,22,"The book is great, the characters are interesting, the plot is twisted, there's lots still left to explain and keep you hooked, there's drama and tragedy and there's a cool magic system.",0,0,0,0,0,0
89923b382f51e85d8f3ea430862f9616,9,There are airships that travel in the sky.,0,0,0,0,0,0
298468fd27e3daa798cc69f120ca409e,5,The battle of good and evil is marked with various shades of gray.,0,0,0,0,0,0
8b9085a411fdc795145f6e15f4027d60,26,"I really like her character, though, and look forward to a follow up to the last of her chapters in this book which seem to promise more interesting story coming up.",0,0,0,0,0,0
f2f7f74486ae5792286ef5cabf802189,13,"Also, too much time was devoted to Harry and Bob's musings on the female anatomy and how it causes the male anatomy to react.",0,0,0,0,0,0
812ebdb88c57848701917b2414e2f4d1,5,I will say that I was impressed with the plot of this installment.,0,0,0,0,0,0
c548b94e3cbdb5dbd7eab443e78c0e5c,1,"Well written with great, fully developed characters.",0,0,0,0,0,0
7c114cd94c862220cdd63097f1845527,3,I mistakenly figured that Sanderson wouldn't develop his system because the Alcatraz books are a different style.,0,0,0,0,0,0
688c1a44c12205f0060465b49885f354,5,Can't wait to read the next book in the series!,0,0,0,0,0,0
01a7e5c420189b0093cd9be963f3bb10,11,"I didn't care about anyone that wasn't Wanda, Melanie, Jamie, Ian, Kyle, Jeb, or Doc.",0,0,0,0,0,0
11ee3243c36b9b446809fc0e1139f8bc,5,"Flo and her fellow shape shifters are in a vulnerable position if exposed to the humans and hunters, hunters who view the shifters as a danger to society.",0,0,0,0,0,0
512b285cbeee59f752cbc28a2bd2ac83,1,Masquerade continues to follow Schuyler and her struggle to find her grandfather (who holds the key to taking down the Silver Bloods) and to find out who is behind the Silver Blood attacks on the young vampires.,0,0,0,0,0,0
41534aec57616ef295e4e896760d9a0e,2,Will just say one thing or two or okay maybe four five.,0,0,0,0,0,0
e97ad423f7a42904ebf65abb655a6616,8,I guess the only thing that left me feeling ambivalent about Daughter of Smoke and Bone was that there was such a major focus on the romance - more than I generally like in fantasy/paranormal novels.,0,0,0,0,0,0
73e44f2bbba94f6c8c3913404fc505a7,35,Plot: I LOVE the way the classic fairytale is used in this one.,0,0,0,0,0,0
d74ca27ff54ff94e025ad1a59ed73fb5,52,Really if you think about it.,0,0,0,0,0,0
116380e45c650debaa0c8e22f267778b,11,Michael who speaks with animals.,0,0,0,0,0,0
d7ab67875cc91f09377da02fd4e00628,4,"This is high fantasy at it's peak, on par with the likes of Falling Kingdoms by Morgan Rhodes.",0,0,0,0,0,0
1cf142a5eb8111f56bfed5f8ec124200,12,"The idea of the katabasis appears regularly in Greek literature and usually involves the hero traveling into the underworld to either garner information by communing with the dead, or in some cases, such as Orpheus, to bring somebody back to life (and while the story of Orpheus drips with a lot of Christian allegories, this is not the place to explore it).",0,0,0,0,0,0
3fd85debcf2503f5bc576ae20a08e277,1,"I hadn't really heard anyone rave about it, and I have a really strange edition of this book, which you can read about here.",0,0,0,0,0,0
716dbbdc8690ea32e74c35391a06286d,2,"I'm glad I waited and that it had been a while since I had read some vampire related, although with the great originality of this vampire tale I may just have loved it anyway but I guess we will never know lol.",0,0,0,0,0,0
b1d3bd7672289e412b4031763a370f1b,7,"Sasha's miserable downfall seems to know no end, every day there's a ''new'' bad news to add to her life and everything seems to getting worse!",0,0,0,0,0,0
f53758e013f079eeb473d880e7d45ce1,33,Now that's a great book in my opinion!,0,0,0,0,0,0
21d09658e7f8e75251bd7b69aa6c9c47,0,This book is absolutely incredible.,0,0,0,0,0,0
28dcc1c627cf9a8eed2e84f839029ca6,26,"I will admit I did find some of Chaol's parts to be boring, I even remember this from the first time I read this book.",0,0,0,0,0,0
3e573b3911bb2123315335b3d6ffc20e,1,I did not see Dumbledore's death coming!,0,0,0,0,0,0
8e6274c631ec3abaea0fff56e66529b8,3,This book was just so beautiful.,0,0,0,0,0,0
382f3f900f90e8cbb7466fd2ca2cf937,8,The story kept me hooked from page 1!,0,0,0,0,0,0
3ee24cd0e2562a688d54b5b94c434aa7,4,She's the who's going to save them and then she meets a third group and guess what- she's the queen!,0,0,0,0,0,0
b63bd66dbdb7325199deefbcf6acd52e,28,"Anyway I love this tidbit though, not every novel should be romance-heavy as it sometimes end up making a mess of things.",0,0,0,0,0,0
7caf2eea2420156827440a4607ef2596,9,"Every girl has either chosen not to take the test, and ended up as a Summer Girl... 
 Or they have failed it and doomed themselves to live in the Winter Court.",0,0,0,0,0,0
6da9096c2ab4b0d784e2392c4e28ca6e,8,I LOVED Kaz Brekker (Darkling-esque kind of guy).,0,0,0,0,0,0
e37978454335b08915ff9567f2f9ac19,15,"At any rate, the worldbuilding in One Salt Sea is more expansive than in most of the previous novels, largely due to the new realm Toby encounters--the Saltmist, home of the undersea Fae.",0,0,0,0,0,0
ef20231e2fe2f357dc419eee307c17ea,2,"Having read the series so far of the Others of Edenton, I knew I like the author and her style.",0,0,0,0,0,0
02d8aeef2cca8aee76325e62e87a9ec9,10,"I knew she would have choosen Rafe eventually, (there's no surprise there) but what I haven't been prepared for is how she chose him.",0,0,0,0,0,0
3b957865fbf0cfa8b855177ce75393f5,4,"Or if you were never bored with it in the first place, then mythology got more entertaining, muh friend!",0,0,0,0,0,0
09ea3e4f2e2fe91af0a777e032db4c07,2,"I loved it and I highly recommend it, especially if you listen to it.",0,0,0,0,0,0
260efd8d680785df7a98dad4918a3283,0,"loved this book, where chase and Sam are drawn together and find themselves protecting each other too when they are drawn into the hunt that they both don't want, and love the shifter bear Scott too looking forward to his story this is a great start of a new series",0,0,0,0,0,0
e2bd8ae0e3e95067e6fdc3f6c075ca6f,1,But the first three are fantastic reads.,0,0,0,0,0,0
9d480768c858e734cf6bfbbed5bd00f3,2,"But luckily Sophie has also got a bright and adorable Auntie Flick, who is wholeheartedly on her side.",0,0,0,0,0,0
f1e8a3fbd568da149f59707b4d979d9b,9,"The story builds with each new instalment, the world is explored in greater detail.",0,0,0,0,0,0
694b1a3bd9850e1a635169c92c8f182d,1,"The same problems from his past novels occur in this one, yet the good stuff for which I love his fiction is all here in the most grandiose way possible.",0,0,0,0,0,0
f97116ce7cfa3452dff769ef942c1ae0,9,"There's nothing wrong with wanting to believe it, even with believing what they say is true-you are beautiful, you are smart, you are unique, these are good things to believe- but it's foolish to assume it means anything beyond pretty words.",0,0,0,0,0,0
fafe48e6815800654407ce533da03191,7,"I was riveted with the pace of this story, the clues along the way, but the twists at the very end of this book was one I never saw coming.",0,0,0,0,0,0
df5be34b89b9d6cdc721d95930fb7923,5,"I'm not a fan of Disney's Beauty and the Beast (ok, not a fan of Disney at all) and I've always been a bit creeped out by the house with the helpful furniture, dinnerware, and cutlery which burst into song for no apparent reason.",0,0,0,0,0,0
1fd3a8a197029700d39fa88ac2ed0dc0,0,"So far, I am enjoying this book.",0,0,0,0,0,0
63303a53a46b17a3c94255b9461a5ca7,5,I can't wait to read the sequels!,0,0,0,0,0,0
0e7eb5c8d2680b1e9ce427691a1284f9,40,"Dragon shifter Jeriad and his human wife Sylvia now have a son, handsome strapping twenty-one-year-old half dragon Heath who now resides in The Hearthlands, his father's former realm.",0,0,0,0,0,0
f9c916abcd45528dae376313a6ca4095,96,I hope that that comes to be a real thing.,0,0,0,0,0,0
1f8ed34e63d87aa178b8014179906a54,5,The cover image depicts a woman dressed in medieval garb with flowers in her hair.,0,0,0,0,0,0
5cac4fb9e4c3688b50abd397629dc810,3,Cannot wait for the next already!,0,0,0,0,0,0
54de021e6432fb43a4da8345f900f6c4,1,It reminded me of Jasper Fforde's Shades of Grey in that respect.,0,0,0,0,0,0
3fe8a70eeb2c195791c8e59d66d93ddf,9,"Once I start reading them, I have a hard time putting them down.",0,0,0,0,0,0
104ad3a3ace5aec96a8c69dbdd504fea,11,What I found interesting in Butcher's theme of writing though is how he seems to put more emphasis on the humanity of the characters as compared to just being the victims of the supernatural.,0,0,0,0,0,0
af193489acb445fdb227c076614735c1,1,I'm looking forward to the next book in the series.,0,0,0,0,0,0
ff56cbf0a74055d67fc03f017521afaa,2,"Colin Cross, Joanna Penn's former alpha from before the massacre, lives in isolation at the edge of Bear Valley territory.",0,0,0,0,0,0
40258cb372aeee0d222e4235f8ef4caf,24,I know that is a long quote but it just wraps up perfectly how these characters have grown up and grown on my throughout this series.,0,0,0,0,0,0
592b095ce3be187cf8218b6e6129b71a,2,My heart leapt into my throat & seemingly stayed there throughout the journey of this family.,0,0,0,0,0,0
e40378a530af5aa4c39173333db6112d,2,"These books were just as outstanding as I'd predicted them to be, and once I got into Mead's futuristic society, I didn't want to leave.",0,0,0,0,0,0
a93c7bb74b5887b28477a173cc479ab9,4,I had to put the book down for two hours to clear my head so I didn't bunch a hole through the wall or something.,0,0,0,0,0,0
41c87ba01d9080d3915ddda6869ebcae,0,Ash's conflict is so difficult that I don't know what I would have chosen in that situation!,0,0,0,0,0,0
d9e2e540ba049547962eea75443c9ac3,52,"When I saw that there was going to be a love triangle, I was a little weary, but the synopsis won me over because it just sounded too interesting to not try out.",0,0,0,0,0,0
08b73f3b140f553455a73e61fdb92dec,6,"This book is one of my favorites of the year, by far.",0,0,0,0,0,0
c5858186c53725f37ce4fc898cb776b4,1,I knew what was going to happen as I had already read the first four books in this series before reading the novellas...,0,0,0,0,0,0
43e74fd1c26c6b590865cf1f45e56a9e,0,I loved this book from the very beginning.,0,0,0,0,0,0
dd644cb5cbdf9cac30a3ba827790942a,4,"Though having one of my favorite characters from the series not make it for too long or that strong of a character in the books, I was disappointed when his character was removed.",0,0,0,0,0,0
8a4f819f36ae63382e61dc586ce1e17a,15,"And their human hearts give them humanity and loyalty, while their dragon hearts give them strength and battle prowess?",0,0,0,0,0,0
d5fb73bbb244f94e63cc9a368308fa5b,5,"You could totally see how he was falling for her and vise versa 
 oh ya!",0,0,0,0,0,0
618769c0229b33dc0741d75846367004,0,"This is my second book by this author, the first was River of Stars, and I am really becoming a big fan.",0,0,0,0,0,0
f3f7c72571b7b9ecb15a8821e6659196,18,I'm honestly looking forward to the sequel and for the healer to heal (can't say what this is about without giving it away!,0,0,0,0,0,0
ef1fa4f3227ff8587d24ba5c3cbd784e,6,"So Claire is supposed to be super smart and goes from meh classes to challenging classes... the author has her taking the crystals that are supposed to be a precursor to the cure from what I gather and in the end, her frenemy takes them too and nearly dies.",0,0,0,0,0,0
34fa6c93d3afec2fd77b5e8616d84f3c,2,This is perfect for the long car ride I have coming up.,0,0,0,0,0,0
237fab99daa606ef6dc6355e5e3da3e9,1,Look for this short story at your local library and wherever books are sold.,0,0,0,0,0,0
9216f5ce8b3798b08eadff575ec5c192,0,"Truly, the Guardians of the Realms series has hit its stride.",0,0,0,0,0,0
334b2f66109dea4aa3cd411a7ac349a3,29,"Several of the previous story line couples, Argonauts and gods play secondary and supporting roles-Erebus and Sera have found a permanent home with the Eternal Guardians and the Argonauts.",0,0,0,0,0,0
73d027987dd61b80817dadf7e2e0d79c,16,Aveyard has done an incredible job of weaving this story and taking you to places that you didn't expect.,0,0,0,0,0,0
91aa3b78def14a2540450411c0c7fa87,17,"Gwen is Evelyn's heir, for both her house and her lab, and her cat Max, as no one else seems to want to take him in.",0,0,0,0,0,0
fe92a78380f730cb6eab5c0149861a44,0,I thought this was a lovely fantasy.,0,0,0,0,0,0
4d17789163686a9791e5e0d858b47a22,13,"Hope is born, and they do everything they can do nurture and protect it.",0,0,0,0,0,0
dab111966682996a0ab06728bc3f0569,32,I think or maybe even hope that we get more of her also in the next books.,0,0,0,0,0,0
672066fcd15d5c169faeb9dc07ddd854,8,"Yes, it is forbidden to fall in love your parabatai but I think I speak for everyone when I say we want to know the why of it.",0,0,0,0,0,0
73df6bf0d8d4feb06323f42deb250ee9,12,"Wall and beyond has gained two more eyes, Samwell and Bran.",0,0,0,0,0,0
4c0a266e6ce574728713ade63f8dd6fa,10,"Ever tried once to ask about her new found gift, but learned quickly that was a fast way to a strait jacket.",0,0,0,0,0,0
78061e7ee7ed67fae1a668d97513fdf2,6,"The highlight of the 2nd book was Magic elemental Game known as the Essen Tasch, where all kingdoms in Red London sent their best player to win.",0,0,0,0,0,0
4b19c5d9348e8a2bc3dd0a1f7fceccd0,1,I kept making myself stop because I wanted to prolong it that much more.,0,0,0,0,0,0
e154be0b21ab8e18425bb55e198f5154,5,I have been already anticipating a second season of serials!,0,0,0,0,0,0
3a05f8b9615bd7f4b067eb34855877b9,5,The concept and the characters are great.,0,0,0,0,0,0
d2e0f54039465a84d900223ca08d584d,28,"By the way, we also have some groundwork in place for Sin's book.",0,0,0,0,0,0
af4dc0570921841dce806f408b498970,7,The Fever series in Urban Fantasy.,0,0,0,0,0,0
33833b9711bc33275822e4a3620ced61,26,"Seeing her face him again, I was proud of the way she handled herself.",0,0,0,0,0,0
87cf7f3380753e47584165d4c6b2bd27,6,"The cast is large but we don't spend fifteen hours getting to know little Jimmy the stable boy, mainly just spending time with Fitz and the like, but those people off on the side of the conflict get suitably developed.",0,0,0,0,0,0
7f47d4e4c6b2d7d3f96d8480d9fc4387,2,Or should I say time?,0,0,0,0,0,0
5b9c05e37560cdcc20453a32e2e6f47d,1,Paranormal Romance is a genre that gets me ticking.,0,0,0,0,0,0
c285332b995972fb7efe2171a6f5c8fe,0,I absolutely loved The Queen of the Tearling because it's definitely not like any dystopian novel I've ever read.,0,0,0,0,0,0
18ec2744150ff17c7eedd3a764053d46,0,The best gay wizard sex farce you will ever read.,0,0,0,0,0,0
56baf7ddcceec753f9abf627f8f3cd53,2,there was so much to love about the book the characters were so likerble and the ending had me clutching my heart.,0,0,0,0,0,0
cd084d2e2694ba845f2c19777da34ac4,13,"Yeah, stay at the bottom of my list with Usopp.",0,0,0,0,0,0
0a3719354b48173f0ae87368de11f9fe,4,One of the best parts was that I keep on googling all of the mythology in here and Mr. Hearne is killin' it with his accuracy.,0,0,0,0,0,0
2ec7b0c06ab404208c0074f878861b91,44,Those scenes didn't do much for me but I know they'll probably thrill a lot of you Dmitri lovers.,0,0,0,0,0,0
87566ef35a67d38a688bdf660de041d8,52,It was hands down the best book of Vampire Chronicles and Quinn the best character Anne has ever written.,0,0,0,0,0,0
939ec4ff247649247783c5e804a096a4,61,"Dumbledore is an Old English word meaning ""bumblebee.""",0,0,0,0,0,0
efa5a9e58c81f3308966a4e0c0edb198,15,He knows she fears someone or something which brings up this protective side.,0,0,0,0,0,0
204b0fb62a87daa5b292a6b6a35ba2f9,19,This is why I read and there are times when I want to give an extra star because it was so special.,0,0,0,0,0,0
35c69ec581e0a679eb149d1d5238f045,2,The Path Keeper has been recommended to me by The fiction cafe members and I bought it as soon as it came out.,0,0,0,0,0,0
3797ffe68dac82c48b6a0fdbc10270bb,0,This book was very interesting.,0,0,0,0,0,0
d19d8702832d5bb01cff686a7d6d70db,4,A rare and beautiful book.,0,0,0,0,0,0
daeff33fecf73ed07c4517e6e91c5374,13,This probably doesn't make sense.,0,0,0,0,0,0
60eaa4dd04839986d307bd050a95e205,0,Gillian is rescued from captivity and in turn helps Kit resulting in her becoming employed as Queen Elizabeth's witch.,0,0,0,0,0,0
7e0acad38e17a92bf5c17223470103d4,10,"If you like a good story, that's well written, and funny as hell, then this is the book for you.",0,0,0,0,0,0
6221b4d84c2c5b02a32ded368e23fcbb,8,Past experience has taught her that she can't change fate.,0,0,0,0,0,0
6e782935d3318a5eb9b82b36dc49142d,9,"Because of course Dumbledore would be able to see that Lockhart is a complete moron and wouldn't knowingly hire someone so incompetent, especially when he believes that in the future there is a chance the wizard war will start again and these children will need to know how to defend themselves against the Dark Arts... you know, there's a reason why Dumbledore and characters like him (like Celestia from My Little Pony) end up being seen by the fan base as either trolls or secretly evil and overly manipulative.",0,0,0,0,0,0
85bc2305016e5e12f5ae8d94d3a35117,0,This was a wonderfully written Young Adult Paranormal Romance.,0,0,0,0,0,0
a56f624de63fbc401f4a10f03d4974bc,34,Be on the lookout for Mandy Lou Dowson in 2015!,0,0,0,0,0,0
14e5fb1969693810e3fc8eea60f2ec3f,13,*This isn't a romance; it is an adventure.,0,0,0,0,0,0
92e1bc9eebc960e99a65c98b336c2247,3,"Twelve expeditions have sought to conquer the terra incognito that is ""Area X"", especially after the first reported it possessed an ""Edenic"" landscape.",0,0,0,0,0,0
d2e68afde93ebdc86a7485c4f2a82ffc,9,"He so ingeniously captured his characters like he was flawlessly fluent in their native tone, switching effortlessly from character to character all in sync with the novel.",0,0,0,0,0,0
26aaff5130476131597bb16e9b060636,0,I love this book from beginning to end.,0,0,0,0,0,0
c579da759649bf7550b9f41eda054028,15,"She basically starts a whole new life, and as she ventures out on her own, she finds new friendships, answers to a lot of puzzling questions, acquires new abilities with her new bad-a$$ ""Hybrid"" self - I loved the scenes where she was taught how to utilize her new skills, especially when she was jumping off of buildings and ""spelling"" people.",0,0,0,0,0,0
b8650ab421b10c67ec87c5d3aae72f5a,0,So unbelievably excited when the Krinar World Novellas were announced.,0,0,0,0,0,0
ad7af2c23a4e3c47c14fcc118ecf5724,4,"I like books that have a bit of high school drama (especially when the characters are high schoolers) and the conflict between Vasilisa, Rose, and Mia is drama at it's finest.",0,0,0,0,0,0
c7825c599c617c7abc1e9868e7a57eb2,19,"He's present in Unravel Me in heavy doses, and we learn a lot about him in this book.",0,0,0,0,0,0
a5c5c83746f04b72d645fd17d0467e6c,12,"There's fantasy, action and fist-pumping empowerment.",0,0,0,0,0,0
ff603202c378054e8418fc944fb28c1f,22,A note about Steamy: There wasn't a lot of time for sex as the events of the novel cover a bit over a week.,0,0,0,0,0,0
02a5c9bfb2b98ff23094e77c4e7ecee7,4,Easily my favorite book of the series to date.,0,0,0,0,0,0
65b7776133d2fc6894d2497297094df0,0,"Rating 5.0 
 Exactly what I expect from Brandon Sanderson, an excellent read.",0,0,0,0,0,0
d6b3dd758e8fef9f317e0805267183a7,15,And you saw countless referrals back to the other stories aside book two.,0,0,0,0,0,0
58b34da35ff68605c2f75cd0fd1e02da,2,oooh this one was WONDERFUL!,0,0,0,0,0,0
38ba552ccd68e84648c93f6829361a42,4,"Not only did I find the passion between Mia and Lucas amazing, but the werewolf side adds that much more depth.",0,0,0,0,0,0
157d3693ec4701175ce5e4e90684129e,2,"He sacrificed so much for her and I feel sad that she couldn't even say ""I love you"" back to him.",0,0,0,0,0,0
e6502956991a7610d1b8b8f008431902,1,"This book exceeded my expectations by far, It was just amazing, the world building, the characters, Will Herondale.",0,0,0,0,0,0
15e47b34777bdcfbe3d3fdeebefff3df,10,I playfully give it 6 stars as I am still uber excited about it.,0,0,0,0,0,0
c279cbf54f3d7ede666b1c0a295b7479,16,This book will not disappoint.,0,0,0,0,0,0
768e1c1dc47c26ec00c98e1f7702f3da,12,"From the start, I knew she had more badass tricks to show and just because she's an Aphrodite ki d doesn't mean she has to act like a stereotypical teenage girl.",0,0,0,0,0,0
00e0c8b80b861c076528fc083291b696,9,"Seriously, you're not about to get something for nothing with this guy.",0,0,0,0,0,0
71e6f9842e2c9891e55ccb43d579bef9,28,"Every book ends with inreasingly long explanatory chapters where ONE CHARACTER suddenly explains all of the plot holes to Harry in like, the infirmary or Dumbledore's office or wherever, and I feel like an adult mystery novel cannot possibly be that clumsy.",0,0,0,0,0,0
6fb31fe5a571c2c65ee5605a54c952ff,13,I like that a lot.,0,0,0,0,0,0
eb675f0f0dda098b0a4d1220bd856482,0,"More action scenes, exploration of the Magical World and more Vhaldrik moments that would send more butterflies to our stomachs <3.",0,0,0,0,0,0
79a36fbb783a77f64bf7e0bb5d55e8fa,16,One night she decided to go to her best friend Kyndel's house since she was exhausted and what does she find??,0,0,0,0,0,0
14ab24e58c9603dcc6805fd93d000ff1,28,"Maura had decided sometime before Blue's birth that it was barbaric to order children about, and so Blue had grown up surrounded by imperative question marks.",0,0,0,0,0,0
8b53a2a77997f84e7700f3a92b835947,0,"okay , so IT'S OVER , I'm crying because this was such a beautiful ending to a Wonderful series , Sydrian is THE BEST , I mean the character development they go through this whole series is just amazing , Sydney Ivashkov continues to be a BADASS BITCH :') I'm so proud of how strong she is now , she's so powerful but still she knows her limitation , I honestly think that this series and VA will always have a special part of my heart and life , this ride was incredible and it hurts that it's over :'( 
 anyways this book is one of the best conclusion I've ever read , 10000 stars :')",0,0,0,0,0,0
21df78c02f3b9efcec2451df9c4dc3bd,15,"But I guess if that were to have happened, we wouldn't have gotten the book we did.",0,0,0,0,0,0
1cb28549b56ea71c48486665fdb51780,0,"Rose Petal Graves is a story of grief, family, mythical creatures and tremendous power, with at its very core the most haunting love story.",0,0,0,0,0,0
8344882497e2a0eb00d5741310f47bd2,5,"This mission will change what we have come to know about the Moroi world, and what the future will hold for all of our beloved characters.",0,0,0,0,0,0
28a975b9037256f6b8d56d477eaffe54,2,"She has a great talent for making macho men picked on by their ""poor sweet innocent affectionate"" love that makes me laugh so hard my stomach hurts.",0,0,0,0,0,0
11993e2bb74e22e8c1d77827a0923e32,5,"Oh and lots of other people, both directly and indirectly.",0,0,0,0,0,0
c25c496e31f5bb5768146b7f1b0e6033,5,It was a emotional rollercoaster though that's for sure.,0,0,0,0,0,0
222bf2d81ff3cf95e489b302ef173f22,48,She is a type of person that loves her curves and is very confident.,0,0,0,0,0,0
00d75a04df50dc2373ee7655860a4ad2,1,A book about an anti-hero (I kind of cheated - it only features an anti-hero),0,0,0,0,0,0
59962fda4ef4ce6362b293497cdbfc40,1,rick riordan has managed to fuse the emotions of real life and the adventure every kid would dream of.,0,0,0,0,0,0
8596ba6fe2bbf05861f8ec6cda2b2b29,20,I stayed because of who you are.,0,0,0,0,0,0
80a0fd93304b3c7f702ff3a78820adf9,7,But my god does that make for some awesome humour.,0,0,0,0,0,0
d2af330fa88286023deea485b2c1d1c8,0,"*I received a e-copy of this book by InkSlinger PR in exchange for an honest review* 
 4.5 Stars 
 Silent Orchids is a contemporary urban fantasy tale mixed with high fantasy.",0,0,0,0,0,0
f2a17ac918d13cc769fe4092f873d436,3,"He becomes the scapegoat to everyone but Camelia, even when her friends tell her to be careful.",0,0,0,0,0,0
f097f703eaa21dc81ba97db555a66d5a,5,She made the story so that all of the characters have an important role in the plot and that all of the characters come together neatly at the end.,0,0,0,0,0,0
084e1a59ae9dceedb99a257435a64185,7,And there were a lot of orphans.,0,0,0,0,0,0
2114197f994472fb54596533f9f00186,5,"It will evoke every emotion possible in you , then leave you wrung out .",0,0,0,0,0,0
abf2cb7f5c1d143e4735b974038d9491,16,"Still, if you are willing to approach this book with an open mind, you will enjoy it thoroughly!",0,0,0,0,0,0
447694e19b08df6d89f5c7c352c1db36,21,"(Which I did, and no I didn't miss anything, so yay for that, although to be quite honest I would still recommend re-reading the last 50 pages when you finish because they're just that good.)",0,0,0,0,0,0
e04cd877bade37c8ca4d732a081dff7f,8,"But in the words of Indiana Jones, ""Did it have to be snakes?""",0,0,0,0,0,0
73c02c8fe311f9bf85deb95bcb0d6270,1,Los Aoltimos 10 capAtulos de este libro fueron intensos.,0,0,0,0,0,0
351add50d4f718c85b3ef945a5d2faf7,1,I fell in love with his southern gothic style and the way he could casually introduce horror into regular situations.,0,0,0,0,0,0
849d7281085c4886ca38dc9911ffc77a,19,"If you haven't tried the series, you don't know what you're missing.",0,0,0,0,0,0
6bd84a075b0b93082545f7fb3413f359,19,McKenzie wants to be normal.,0,0,0,0,0,0
973c18fb3dabce16f00947d5f3dbcb98,12,"Don't make your narrators ambiguous just to later say ""Ha HA!",0,0,0,0,0,0
4d9db563fd555f1e1940b1bd10b84fbc,17,THEY ARE AGAINST THE WORLD NOW.,0,0,0,0,0,0
c80bd2a16716e5647b02dd8ea5f8ebb6,2,It serves her well when she enters Gileath via a portal and encounters a whole new world.,0,0,0,0,0,0
782e863c9cc30763fd18a795c5b00a4e,21,Guys and gals alike will enjoy this book...and I definitely recommend it.,0,0,0,0,0,0
8ab41fae5c2c15d618e9200b3f846746,56,"Which we, as patriots, do gladly.""",0,0,0,0,0,0
c9ad7cc259a170d0cd75d25470b00f62,9,"It was just a story, about a boy that finds out he's a wizard and has to fight the forces of evil.",0,0,0,0,0,0
d225733dfc821ed245e66f2e46c8496c,0,Lover Eternal just breaks my heart.,0,0,0,0,0,0
c9dea4365104d5f6a15798a2d9c143e7,2,This one is based on the talking mirror from Snow White and what happens after that story--100 years later.,0,0,0,0,0,0
355d162e7540cced9f6538f3ea25fce3,72,I loved getting to know her.,0,0,0,0,0,0
16bb533c12a2de637e3a2e10790e6883,4,I am still reeling from reading it and so difficult to form coherent thoughts.,0,0,0,0,0,0
ba4a28ad794b30ff6c0a6085c587e99f,12,He learns a bit about these large brutes and formulates a plan to get rid of them.,0,0,0,0,0,0
cfeff0923b1fcf320d2921bba6d349e7,7,Character development and world building is on another level.,0,0,0,0,0,0
73d32deac6349d00a12b4c4e0c8497c5,24,This series has become near and dear to my heart and with the jaw dropping ending that left me in tears and jumping on my bed I cannot be more thrilled to know that there is a sequel.,0,0,0,0,0,0
4341085ed62daf85f2822612d364ea47,35,"Gardens of the Moon is arguably the toughest book to read in the entire series, and much of that is simply related to the new reader having to become accustomed to Erikson's writing and story-telling style.",0,0,0,0,0,0
0e8d8560050fc8d93b4b4399835466c4,26,"Some sections are wonderfully written, and I find that he improved greatly in this aspect.",0,0,0,0,0,0
033db2bee9b9a7bb94a9cac3dde5a6a5,5,"No hero was perfect, no villian was purely malicious.",0,0,0,0,0,0
dd5ab1f1821d84c98bb088f40b6342f1,14,"When I went on vacation earlier in the month, when everyone else was gathered around a bonfire drinking and getting rowdy, I went upstairs to read this.",0,0,0,0,0,0
3087315894d1134a9aac9e4572d319e5,1,"In the begining i just loved the cover and the summary intruiged me so, i started reading.",0,0,0,0,0,0
216a78e2e1afd5860a2a62366d43196d,16,What role he will play in Aro's life?,0,0,0,0,0,0
4ae20f5bf9bfefad30214bcb533bad92,2,"Still, he liked what he saw then.",0,0,0,0,0,0
27741586b2e761e5f01651aba2f888ce,9,"Luckily for Vee, the answer actually (for once) happens to be no .",0,0,0,0,0,0
89829d5f8f00bf0d87026ace18ccf17e,5,Adrian is one of my most favorite fictional characters of all time and he had some of the most amazing quotes in this novel.,0,0,0,0,0,0
ce0e65681561a6e9d4187f096f87a311,0,It started a little slow as it build the new area where Locke and Jean were but once the action got going I couldn't put it down.,0,0,0,0,0,0
2478b46e13391c8f8cf192bdca172ea2,26,Ummm...nope for picking that world for where I'd like to be lol.,0,0,0,0,0,0
42d309aa4a801755d8d901b3367d334b,8,This world seemed slightly more contained and not as full of invention.,0,0,0,0,0,0
a233936791aa95086874b33d8e2f0b59,18,"I am particularly impressed with the way Rowling keeps up the suspense, bouncing us first one way, then the other.",0,0,0,0,0,0
1af0ea59dd1009786d5c3a7a064b5bc2,27,I immediately jumped to Lucid as soon as I hit the last page of The Brightest Kind of Darkness.,0,0,0,0,0,0
77b802d3c3d337382c0e4d5a0bf5d6ac,25,The story really moves; the pacing is great and the plot is interesting.,0,0,0,0,0,0
68589501aeae4825e48cea2e7d66ffb9,3,That have left me wanting more ... so move it Steven ...,0,0,0,0,0,0
9267ea8227678247c7f27bf72d4aa5c3,8,"You will love and hate almost everyone, and often simultaneously.",0,0,0,0,0,0
4df0fbf00b0e4d8254b034cd20a341c4,0,Soooooo much better than the first one.,0,0,0,0,0,0
8c1f04f33a60d2c07ee7505ccd021f25,0,I used to be happy...,0,0,0,0,0,0
0449ce3a0fffc6662c0ccb762d14bd67,2,"He has been relieved of protecting his sister now she has a mate, and he will not go back to the pack.",0,0,0,0,0,0
288630e2f4be6361456f1521e2b8a223,2,"She takes you by the hand and brings you back into the garden, you spread out your blanket under the apple tree and have a long, sweet visit catching up with family.",0,0,0,0,0,0
cf2882d11bec89974667de2f39087010,9,For me it is perfect.,0,0,0,0,0,0
09b7802b5e67f7bbf63755f39973c53d,15,"I LOVED the surprise when Al popped up and deals made, and Piscary in the pizza joint?",0,0,0,0,0,0
170f672ce7c3b31896a986c6d68f93e0,13,"Of course he already thought he was next to God, lol.",0,0,0,0,0,0
9f590f7c374829b76ce49849571c72a1,0,this is one of those series that gets better as you go along.,0,0,0,0,0,0
fcaed1c58a20cc97c78a40e37c83ea7a,0,"I previously read the short story on Minerva at Pottermore, but loved loved loved to read about her again.",0,0,0,0,0,0
5316e5042949a1c4e09173ad05d4a163,2,But the ebook version gives you Daemon's POV from the first THREE books.,0,0,0,0,0,0
08aa3d4bd9f719ce606a3ab49126a680,23,"Now a mistborn and the Emperor that is trying to saved everyone, He is still too honorable, He refused to attack a city that captured his wife Vin because he knows that she would rather he find another way, than an innocent person dying because of her.",0,0,0,0,0,0
cba2b50957e76e8769bc3dc626e045f1,7,"This book only took you into three of the worlds, one of them being earth, and I can't wait to see the other ones.",0,0,0,0,0,0
32178d31680567d7eacc05dd0ba47321,6,She's fast and quick in her reaction even though she's a latent.,0,0,0,0,0,0
90d406111123c8cca4e16f0b206cec39,3,"What I love the most about the book is that in a way the book is the circus, and we are the visitors.",0,0,0,0,0,0
cae468d5681bf736223d468746aad425,11,The only thing that wasn't left up to your imagination was the beautiful hua that each of the asha wore.,0,0,0,0,0,0
fdbe4c2116a3ab8de2304e70de2f5e74,1,"When a scientist pulls the curtains on his new creation, Three friends are in tune to save the city they live in from destruction.",0,0,0,0,0,0
939d3f1a6a50b47e8410c779fb72958f,61,The thing I love most about JR Ward's writing is on evidence here.,0,0,0,0,0,0
0fa418df90b8ffc0b53d08293db22366,6,"Believe me when I say that it is not what I expected and if I was disturbed by what they had endured while living among vampires it was nothing compared to the ""stepford"" girls and mysterious elders of the exiled mountain community they arduously encounter.",0,0,0,0,0,0
eabd5991414ea704be025c6a48602eab,20,"I hope that Ms. Metcalf is planning a sequel, because I would love to visit the world of The Flow at least one more time.",0,0,0,0,0,0
be7f181ab08776a9e6964699591552d6,2,"It was still fun to get to know the characters, and learn more about this world.",0,0,0,0,0,0
e9e5f1d005d65f0ef549fb84b9957b33,0,Loved the fact it was part of their tradition for the female to have her two men.,0,0,0,0,0,0
1f1d29e5d8678df2498a01b2c502c831,11,"It's different and unique, cool and believable.",0,0,0,0,0,0
e6476e189a38138b49e1bad2e69b37ee,5,I recommend this story to EVERYONE!,0,0,0,0,0,0
fffd2a51375b1913f727cfb75c9de36d,8,I do not find these entertaining).,0,0,0,0,0,0
d2c979b6f1bc4aaebd804b977fae85f2,10,But the writing was beautiful and kept me intrigued.,0,0,0,0,0,0
c2366bd9eb53abd4947d0e0fab6bd9d9,18,"I don't want to explain further about this book Because, well, I think it's better if you would just read it without knowing much about it.",0,0,0,0,0,0
a331c47b9b000679c5ca2c7efafdfb11,2,"From the very first paragraph the story draws you in and carries you away, leaving you wondering just which way things are going to go.",0,0,0,0,0,0
a6ba5bae85d17dc332092e2c2f76e8f1,13,"Gray, the head strong and fearless leader of the High Moon pack, who will stop at nothing to protect his family.",0,0,0,0,0,0
89da77f671679e751a8766b5c7f377d3,1,"Oh yes, I have to say this book is fantastic!",0,0,0,0,0,0
636d0d36f836bf981ce061b59685f94a,8,"I'd also like to stress that I'm not much of a circus lover, and if that's you too don't let it dissuade you.",0,0,0,0,0,0
0ff33206c0beceeb5e3a7c7b39567881,6,The dialogue of each character is simple and believable and descriptions aren't too much that it takes you out of the story.,0,0,0,0,0,0
3f52b86754c333f6689c25dffe14d5b9,36,Cooky points for the talking cat who speaks in riddles.,0,0,0,0,0,0
0ace5b5defd83c8856e255990af5f676,18,"Until the end, when Vogel mentions that even Mark can't say that he's been to Mars twice!",0,0,0,0,0,0
0d87b8df7c2f8bfbe6e0cf191ea6132a,3,"Than was the voice of reason for so long then to chuck in towel onReseph, pffft.",0,0,0,0,0,0
1eb0a4825ecedefa440af400c2f65a9f,11,It was fun to see how much In-herit was confused through Clara's emotions and actions and how much he listened to Clara Kate and I liked how strong willed Clara is.,0,0,0,0,0,0
a9dd0008d72d7497b6238039b48e19d5,2,"However, then the news of Fairest was released and I admit, I was intrigued.",0,0,0,0,0,0
1e0148c0033f109b0db6cde7aa1a89f1,4,This books characters were amazing as well!,0,0,0,0,0,0
67fa9a9d25b85e83de5bdc99e0983857,8,The Hobbit is relatively tight.,0,0,0,0,0,0
652c6a7fa40c1d7fa7ec0821c7dba657,10,I don't know what I was expecting.,0,0,0,0,0,0
703fd6fb8834a497d08c1a787f531504,31,I honestly wish I could write like this.,0,0,0,0,0,0
b76292866bd80d23400a2b7b1672da0c,5,"Or how about Ella, aka Ten?",0,0,0,0,0,0
3fcb4144bc07b16a4541f7e3dfbaa248,12,"I looove how Azhure got Caelum back through the dream, and how she used the same dream to trap all the gryphon!",0,0,0,0,0,0
50a16b6a1a94d044f7351da083f5dcd6,1,The only problem I had was that at times it felt very predictable and very much a set up to the next books!,0,0,0,0,0,0
0c6500451b10b3132f7876d14af9acf0,2,"I don't even know where to start with Chloe...like what is real role in all this...how will finding her ""talents"" help the progression of the O Corporation.",0,0,0,0,0,0
ccc617f09695a9cacd7e3a058030be57,28,"The writing is detailed and even-paced, the characters are wonderfully developed and all possess a different quirk, and the plot is OUT OF THIS WORLD.",0,0,0,0,0,0
d9087011f3050b25aba559841bdb65c3,3,"The story is a ""creature feature"" involving beings from another universe, so you know things are going to get really weird.",0,0,0,0,0,0
ae55fa68ab3bb132e5f8909ad0c76031,1,"I have come to expect complex and well developed characters, action and excitement, beautiful emotion, and a constantly evolving world.",0,0,0,0,0,0
4a036e51ca7dc8abb1e63f3c30408f8e,1,So she does something she's never done before: go to a seedy bar for a strong drink.,0,0,0,0,0,0
8b10f5b360dae406fe36a8903cecd016,10,"Meanwhile, something strange is afoot in the Court of the Gods, and a mysterious rogue and a flamboyantly lazy god are taking notice.",0,0,0,0,0,0
d430e5e99064e90b3e049e2e0437f618,0,"Zombies, set in a time where ""properness"" was the theme of the day.",0,0,0,0,0,0
3d20c1aaaf06264892af62771d58a261,10,"A little like Rachel, at one point in the story I had no idea who to believe or what was really going on.",0,0,0,0,0,0
cf37e887d8da27dc7f133b9f4b34504c,1,It took me a while to get around to reading it because so many people posted conficting reviews.,0,0,0,0,0,0
f9aa690db97a9770f7f18a016655cf08,1,"Not at all because it was bad or anything, just that there was so much going on with the characters, their history and -quite frankly- some deep stuff was going on.",0,0,0,0,0,0
7f9f32f1333d481c3b6ea823dd8776c1,16,Chuck Wendig did an amazing job with humour in his writing even when we are talking about a zombie apocalypse here.,0,0,0,0,0,0
a816dc625232fb800c5adc4486c331ec,0,I found this book to be anther great Terry Brooks novel and a terrific opening to the series.,0,0,0,0,0,0
8f41c6e72a37b271bad3f69efa6edcfd,11,"Meanwhile, Kate's father, Roland is trying to provoke war at every turn.",0,0,0,0,0,0
975b5648dbb19c415cfa74f3b8f4ff85,3,Yep hmm hmm great stuff.,0,0,0,0,0,0
106a8a01d1f4f8ad2c98104d285833d5,1,"I adore this series so so so much, I was querying whether this was the last book in the series earlier today and Joss very kindly posted THIS on her blog.",0,0,0,0,0,0
92a180a98545acbdb05f2b1a1a5ce74a,7,Taran is still a gruff and bossy alpha wolf but he still has a sense of humor and you can understand why he kept his feelings from Lark.,0,0,0,0,0,0
9f87e0a291b8c3ab7582ab39a5dbc575,20,it certainly showed me my rating system was fouled.,0,0,0,0,0,0
d70d943e03b8fac6e01c2b94317dbc1d,12,"Their relationship is just adorable sweet and naturally there, it slides on as perfect fit like a well worn glove.",0,0,0,0,0,0
304acf6145ec4c25e9007b035fcb8d0b,4,"Fierce Obsessions starts with a bang, well, technically it starts with the after effects of a drunk-out-of-your-mind kind of bang.",0,0,0,0,0,0
0540fba5c8d1781f225b701b5e83abee,4,The ending was sort of sad but happy at the same time.,0,0,0,0,0,0
a642f828a12a9907b2bf0ae55dd42af7,1,I put off this book for nearly three months.,0,0,0,0,0,0
d4c3de22910e4326809a07d4d1f5d6d5,25,I cannot wait for the next book entitled History.,0,0,0,0,0,0
14b8404cc4893e83afcbe510e9427de6,6,"Things start speeding up in Riley's Switch that includes some dark secrets, a destiny, and the Angel of Death.",0,0,0,0,0,0
1be2dbe24b633bf8871d827729d8b3d3,8,She's put a hole in my heart.,0,0,0,0,0,0
a3f4ddc4c9031c34fcc113b3dc6814a8,1,cant really remember how many times i have read the book and yes the films are good but a book is a book and no cinema however real and beautifully adapted can compare with the mysterious world of the words.,0,0,0,0,0,0
d988276bd5d807e157879b1e7def3c99,6,The performers of Caraval helped create the magic that is Caraval and we certainly meet some interesting characters along the way.,0,0,0,0,0,0
2daf2dedea0c69f8c609d25e00fbf246,13,"I am, by the way, letting my kids read this.",0,0,0,0,0,0
c710931af2c3e6f2a78fdc4e1c2091a6,6,"So I've been digging around for books that go against that grain, and since I've followed Saladin Ahmed on Twitter for some time now, I finally gave his book a try.",0,0,0,0,0,0
62864917ee6ee17b6cdd6899556251ef,4,She's more honest with herself.,0,0,0,0,0,0
e5abc9a657bd2b7493f23234fda5348b,8,The characters are very sweet and well developed.,0,0,0,0,0,0
f7dfed98fc797727426acee0b52fe7ed,8,I feel like I was annoyed with each character in this book at one point in time.,0,0,0,0,0,0
5eec100ae5bf7cef46391db3c06ea716,18,"On a more optimistic note, when reading this book I found new characters to latch onto.",0,0,0,0,0,0
3d2a4c9e0ec8692f530446d7632f7c53,0,Before my review I will say that Danie sent me this book in sections for me to read as it was being written.,0,0,0,0,0,0
121f0c58518ec815810160eda9522f49,13,Levana poses as a real threat!,0,0,0,0,0,0
e3229a7c0037af7c497258a9d8c2bba1,7,"Some male narrators are unconvincing as women, but Rupert gets the all spot-on.",0,0,0,0,0,0
1de82b975a19c1bd551976c2db1c49ee,5,The other standout in this book is that it probably has more sex scenes than any other erotic romance I've read.,0,0,0,0,0,0
19152e1c69494a3340300cec49f46b46,0,"Paranormal Romance steeped rich with fantasy of angels(maybe), demons, and magic.",0,0,0,0,0,0
a93bee8f57967ac5c46c14f10ed8f8fe,1,On continue et on finit l'arc de Kro pour commencer celui de la recherche du Marechal Cross.,0,0,0,0,0,0
23ddc0629312f894c3a2e0d55ee5c389,8,"Damien wishes to use the halo for his own purpose, but it weakens him.",0,0,0,0,0,0
fc295d6f0bdabdd9139fd25dc1605757,3,This novel started off absolutely intense which might have been my demise right then and there.,0,0,0,0,0,0
9b5a8d4037e483b8dfaea56c9fe38c35,24,"This novel introduces Titus Crow, Henri de Marginy, the Chthonian race, the Wilmarth Foundation, and more or less recaps the entirety of H.P.",0,0,0,0,0,0
4f04196b5b9b4f0aff60f7b42f0f7634,32,On to the next one!,0,0,0,0,0,0
da4a5b59b0721049b6da4346c5eb1f37,3,Together they sim into Feyland (look at me using gamer terms lol) and battle many trails and quest in order to regain Jennets Essence.,0,0,0,0,0,0
